<?xml version='1.1' encoding='UTF-8'?>
<Library type="Library" localId="0">
  <wstxns1:identifier xmlns:wstxns1="urn:hl7-org:elm:r1" wstxns1:type="VersionedIdentifier" id="HIVIND30"/>
  <wstxns2:schemaIdentifier xmlns:wstxns2="urn:hl7-org:elm:r1" wstxns2:type="VersionedIdentifier" id="urn:hl7-org:elm" version="r1"/>
  <wstxns3:usings xmlns:wstxns3="urn:hl7-org:elm:r1" wstxns3:type="Library$Usings">
    <wstxns3:def>
      <wstxns3:def wstxns3:type="UsingDef" localId="1" localIdentifier="System" uri="urn:hl7-org:elm-types:r1"/>
      <wstxns3:def wstxns3:type="UsingDef" localId="206" locator="35:1-35:26" localIdentifier="FHIR" uri="http://hl7.org/fhir" version="4.0.1">
        <wstxns3:annotation>
          <wstxns3:annotation wstxns3:type="Annotation">
            <wstxns4:s xmlns:wstxns4="urn:hl7-org:cql-annotations:r1" r="206">
              <s>
                <s>
                  <name>{urn:hl7-org:cql-annotations:r1}s</name>
                  <declaredType>org.hl7.cql_annotations.r1.Narrative</declaredType>
                  <scope>jakarta.xml.bind.JAXBElement$GlobalScope</scope>
                  <value>
                    <s>
                      <s></s>
                      <s>using </s>
                    </s>
                  </value>
                  <nil>false</nil>
                  <globalScope>true</globalScope>
                  <typeSubstituted>false</typeSubstituted>
                </s>
                <s>
                  <name>{urn:hl7-org:cql-annotations:r1}s</name>
                  <declaredType>org.hl7.cql_annotations.r1.Narrative</declaredType>
                  <scope>jakarta.xml.bind.JAXBElement$GlobalScope</scope>
                  <value>
                    <s>
                      <s>
                        <name>{urn:hl7-org:cql-annotations:r1}s</name>
                        <declaredType>org.hl7.cql_annotations.r1.Narrative</declaredType>
                        <scope>jakarta.xml.bind.JAXBElement$GlobalScope</scope>
                        <value>
                          <s>
                            <s>FHIR</s>
                          </s>
                        </value>
                        <nil>false</nil>
                        <globalScope>true</globalScope>
                        <typeSubstituted>false</typeSubstituted>
                      </s>
                    </s>
                  </value>
                  <nil>false</nil>
                  <globalScope>true</globalScope>
                  <typeSubstituted>false</typeSubstituted>
                </s>
                <s>
                  <name>{urn:hl7-org:cql-annotations:r1}s</name>
                  <declaredType>org.hl7.cql_annotations.r1.Narrative</declaredType>
                  <scope>jakarta.xml.bind.JAXBElement$GlobalScope</scope>
                  <value>
                    <s>
                      <s> version '4.0.1'</s>
                    </s>
                  </value>
                  <nil>false</nil>
                  <globalScope>true</globalScope>
                  <typeSubstituted>false</typeSubstituted>
                </s>
              </s>
            </wstxns4:s>
          </wstxns3:annotation>
        </wstxns3:annotation>
      </wstxns3:def>
    </wstxns3:def>
  </wstxns3:usings>
  <wstxns5:includes xmlns:wstxns5="urn:hl7-org:elm:r1" wstxns5:type="Library$Includes">
    <wstxns5:def>
      <wstxns5:def wstxns5:type="IncludeDef" localId="207" locator="38:1-38:52" localIdentifier="HIC" path="HIVIndicatorCommon" version="0.01">
        <wstxns5:annotation>
          <wstxns5:annotation wstxns5:type="Annotation">
            <wstxns6:s xmlns:wstxns6="urn:hl7-org:cql-annotations:r1" r="207">
              <s>
                <s>
                  <name>{urn:hl7-org:cql-annotations:r1}s</name>
                  <declaredType>org.hl7.cql_annotations.r1.Narrative</declaredType>
                  <scope>jakarta.xml.bind.JAXBElement$GlobalScope</scope>
                  <value>
                    <s>
                      <s></s>
                      <s>include </s>
                    </s>
                  </value>
                  <nil>false</nil>
                  <globalScope>true</globalScope>
                  <typeSubstituted>false</typeSubstituted>
                </s>
                <s>
                  <name>{urn:hl7-org:cql-annotations:r1}s</name>
                  <declaredType>org.hl7.cql_annotations.r1.Narrative</declaredType>
                  <scope>jakarta.xml.bind.JAXBElement$GlobalScope</scope>
                  <value>
                    <s>
                      <s>
                        <name>{urn:hl7-org:cql-annotations:r1}s</name>
                        <declaredType>org.hl7.cql_annotations.r1.Narrative</declaredType>
                        <scope>jakarta.xml.bind.JAXBElement$GlobalScope</scope>
                        <value>
                          <s>
                            <s>HIVIndicatorCommon</s>
                          </s>
                        </value>
                        <nil>false</nil>
                        <globalScope>true</globalScope>
                        <typeSubstituted>false</typeSubstituted>
                      </s>
                    </s>
                  </value>
                  <nil>false</nil>
                  <globalScope>true</globalScope>
                  <typeSubstituted>false</typeSubstituted>
                </s>
                <s>
                  <name>{urn:hl7-org:cql-annotations:r1}s</name>
                  <declaredType>org.hl7.cql_annotations.r1.Narrative</declaredType>
                  <scope>jakarta.xml.bind.JAXBElement$GlobalScope</scope>
                  <value>
                    <s>
                      <s> version </s>
                      <s>'0.01'</s>
                      <s> called </s>
                      <s>HIC</s>
                    </s>
                  </value>
                  <nil>false</nil>
                  <globalScope>true</globalScope>
                  <typeSubstituted>false</typeSubstituted>
                </s>
              </s>
            </wstxns6:s>
          </wstxns5:annotation>
        </wstxns5:annotation>
      </wstxns5:def>
      <wstxns5:def wstxns5:type="IncludeDef" localId="208" locator="39:1-39:35" localIdentifier="FHIRHelpers" path="FHIRHelpers" version="4.0.1">
        <wstxns5:annotation>
          <wstxns5:annotation wstxns5:type="Annotation">
            <wstxns7:s xmlns:wstxns7="urn:hl7-org:cql-annotations:r1" r="208">
              <s>
                <s>
                  <name>{urn:hl7-org:cql-annotations:r1}s</name>
                  <declaredType>org.hl7.cql_annotations.r1.Narrative</declaredType>
                  <scope>jakarta.xml.bind.JAXBElement$GlobalScope</scope>
                  <value>
                    <s>
                      <s></s>
                      <s>include </s>
                    </s>
                  </value>
                  <nil>false</nil>
                  <globalScope>true</globalScope>
                  <typeSubstituted>false</typeSubstituted>
                </s>
                <s>
                  <name>{urn:hl7-org:cql-annotations:r1}s</name>
                  <declaredType>org.hl7.cql_annotations.r1.Narrative</declaredType>
                  <scope>jakarta.xml.bind.JAXBElement$GlobalScope</scope>
                  <value>
                    <s>
                      <s>
                        <name>{urn:hl7-org:cql-annotations:r1}s</name>
                        <declaredType>org.hl7.cql_annotations.r1.Narrative</declaredType>
                        <scope>jakarta.xml.bind.JAXBElement$GlobalScope</scope>
                        <value>
                          <s>
                            <s>FHIRHelpers</s>
                          </s>
                        </value>
                        <nil>false</nil>
                        <globalScope>true</globalScope>
                        <typeSubstituted>false</typeSubstituted>
                      </s>
                    </s>
                  </value>
                  <nil>false</nil>
                  <globalScope>true</globalScope>
                  <typeSubstituted>false</typeSubstituted>
                </s>
                <s>
                  <name>{urn:hl7-org:cql-annotations:r1}s</name>
                  <declaredType>org.hl7.cql_annotations.r1.Narrative</declaredType>
                  <scope>jakarta.xml.bind.JAXBElement$GlobalScope</scope>
                  <value>
                    <s>
                      <s> version </s>
                      <s>'4.0.1'</s>
                    </s>
                  </value>
                  <nil>false</nil>
                  <globalScope>true</globalScope>
                  <typeSubstituted>false</typeSubstituted>
                </s>
              </s>
            </wstxns7:s>
          </wstxns5:annotation>
        </wstxns5:annotation>
      </wstxns5:def>
      <wstxns5:def wstxns5:type="IncludeDef" localId="209" locator="40:1-40:29" localIdentifier="WCom" path="WHOCommon">
        <wstxns5:annotation>
          <wstxns5:annotation wstxns5:type="Annotation">
            <wstxns8:s xmlns:wstxns8="urn:hl7-org:cql-annotations:r1" r="209">
              <s>
                <s>
                  <name>{urn:hl7-org:cql-annotations:r1}s</name>
                  <declaredType>org.hl7.cql_annotations.r1.Narrative</declaredType>
                  <scope>jakarta.xml.bind.JAXBElement$GlobalScope</scope>
                  <value>
                    <s>
                      <s></s>
                      <s>include </s>
                    </s>
                  </value>
                  <nil>false</nil>
                  <globalScope>true</globalScope>
                  <typeSubstituted>false</typeSubstituted>
                </s>
                <s>
                  <name>{urn:hl7-org:cql-annotations:r1}s</name>
                  <declaredType>org.hl7.cql_annotations.r1.Narrative</declaredType>
                  <scope>jakarta.xml.bind.JAXBElement$GlobalScope</scope>
                  <value>
                    <s>
                      <s>
                        <name>{urn:hl7-org:cql-annotations:r1}s</name>
                        <declaredType>org.hl7.cql_annotations.r1.Narrative</declaredType>
                        <scope>jakarta.xml.bind.JAXBElement$GlobalScope</scope>
                        <value>
                          <s>
                            <s>WHOCommon</s>
                          </s>
                        </value>
                        <nil>false</nil>
                        <globalScope>true</globalScope>
                        <typeSubstituted>false</typeSubstituted>
                      </s>
                    </s>
                  </value>
                  <nil>false</nil>
                  <globalScope>true</globalScope>
                  <typeSubstituted>false</typeSubstituted>
                </s>
                <s>
                  <name>{urn:hl7-org:cql-annotations:r1}s</name>
                  <declaredType>org.hl7.cql_annotations.r1.Narrative</declaredType>
                  <scope>jakarta.xml.bind.JAXBElement$GlobalScope</scope>
                  <value>
                    <s>
                      <s> called </s>
                      <s>WCom</s>
                    </s>
                  </value>
                  <nil>false</nil>
                  <globalScope>true</globalScope>
                  <typeSubstituted>false</typeSubstituted>
                </s>
              </s>
            </wstxns8:s>
          </wstxns5:annotation>
        </wstxns5:annotation>
      </wstxns5:def>
      <wstxns5:def wstxns5:type="IncludeDef" localId="210" locator="41:1-41:28" localIdentifier="FC" path="FHIRCommon">
        <wstxns5:annotation>
          <wstxns5:annotation wstxns5:type="Annotation">
            <wstxns9:s xmlns:wstxns9="urn:hl7-org:cql-annotations:r1" r="210">
              <s>
                <s>
                  <name>{urn:hl7-org:cql-annotations:r1}s</name>
                  <declaredType>org.hl7.cql_annotations.r1.Narrative</declaredType>
                  <scope>jakarta.xml.bind.JAXBElement$GlobalScope</scope>
                  <value>
                    <s>
                      <s></s>
                      <s>include </s>
                    </s>
                  </value>
                  <nil>false</nil>
                  <globalScope>true</globalScope>
                  <typeSubstituted>false</typeSubstituted>
                </s>
                <s>
                  <name>{urn:hl7-org:cql-annotations:r1}s</name>
                  <declaredType>org.hl7.cql_annotations.r1.Narrative</declaredType>
                  <scope>jakarta.xml.bind.JAXBElement$GlobalScope</scope>
                  <value>
                    <s>
                      <s>
                        <name>{urn:hl7-org:cql-annotations:r1}s</name>
                        <declaredType>org.hl7.cql_annotations.r1.Narrative</declaredType>
                        <scope>jakarta.xml.bind.JAXBElement$GlobalScope</scope>
                        <value>
                          <s>
                            <s>FHIRCommon</s>
                          </s>
                        </value>
                        <nil>false</nil>
                        <globalScope>true</globalScope>
                        <typeSubstituted>false</typeSubstituted>
                      </s>
                    </s>
                  </value>
                  <nil>false</nil>
                  <globalScope>true</globalScope>
                  <typeSubstituted>false</typeSubstituted>
                </s>
                <s>
                  <name>{urn:hl7-org:cql-annotations:r1}s</name>
                  <declaredType>org.hl7.cql_annotations.r1.Narrative</declaredType>
                  <scope>jakarta.xml.bind.JAXBElement$GlobalScope</scope>
                  <value>
                    <s>
                      <s> called </s>
                      <s>FC</s>
                    </s>
                  </value>
                  <nil>false</nil>
                  <globalScope>true</globalScope>
                  <typeSubstituted>false</typeSubstituted>
                </s>
              </s>
            </wstxns9:s>
          </wstxns5:annotation>
        </wstxns5:annotation>
      </wstxns5:def>
    </wstxns5:def>
  </wstxns5:includes>
  <wstxns10:parameters xmlns:wstxns10="urn:hl7-org:elm:r1" wstxns10:type="Library$Parameters">
    <wstxns10:def>
      <wstxns10:def wstxns10:type="ParameterDef" localId="211" locator="43:1-43:88" name="Measurement Period" accessLevel="Public">
        <wstxns10:default wstxns10:type="Interval" localId="222" locator="43:55-43:88" lowClosed="true" highClosed="true">
          <wstxns10:low wstxns10:type="Date" localId="216" locator="43:64-43:74">
            <wstxns10:year wstxns10:type="Literal" localId="213" valueType="{urn:hl7-org:elm-types:r1}Integer" value="2020"/>
            <wstxns10:month wstxns10:type="Literal" localId="214" valueType="{urn:hl7-org:elm-types:r1}Integer" value="1"/>
            <wstxns10:day wstxns10:type="Literal" localId="215" valueType="{urn:hl7-org:elm-types:r1}Integer" value="1"/>
          </wstxns10:low>
          <wstxns10:high wstxns10:type="Date" localId="221" locator="43:77-43:87">
            <wstxns10:year wstxns10:type="Literal" localId="218" valueType="{urn:hl7-org:elm-types:r1}Integer" value="2020"/>
            <wstxns10:month wstxns10:type="Literal" localId="219" valueType="{urn:hl7-org:elm-types:r1}Integer" value="1"/>
            <wstxns10:day wstxns10:type="Literal" localId="220" valueType="{urn:hl7-org:elm-types:r1}Integer" value="31"/>
          </wstxns10:high>
        </wstxns10:default>
        <wstxns10:parameterTypeSpecifier wstxns10:type="IntervalTypeSpecifier" localId="223" locator="43:32-43:45">
          <wstxns10:pointType wstxns10:type="NamedTypeSpecifier" localId="224" locator="43:41-43:44" name="{urn:hl7-org:elm-types:r1}Date"/>
        </wstxns10:parameterTypeSpecifier>
        <wstxns10:annotation>
          <wstxns10:annotation wstxns10:type="Annotation">
            <wstxns11:s xmlns:wstxns11="urn:hl7-org:cql-annotations:r1" r="211">
              <s>
                <s>
                  <name>{urn:hl7-org:cql-annotations:r1}s</name>
                  <declaredType>org.hl7.cql_annotations.r1.Narrative</declaredType>
                  <scope>jakarta.xml.bind.JAXBElement$GlobalScope</scope>
                  <value>
                    <s>
                      <s></s>
                      <s>parameter </s>
                      <s>"Measurement Period"</s>
                      <s> </s>
                    </s>
                  </value>
                  <nil>false</nil>
                  <globalScope>true</globalScope>
                  <typeSubstituted>false</typeSubstituted>
                </s>
                <s>
                  <name>{urn:hl7-org:cql-annotations:r1}s</name>
                  <declaredType>org.hl7.cql_annotations.r1.Narrative</declaredType>
                  <scope>jakarta.xml.bind.JAXBElement$GlobalScope</scope>
                  <value r="223">
                    <s>
                      <s>
                        <name>{urn:hl7-org:cql-annotations:r1}s</name>
                        <declaredType>org.hl7.cql_annotations.r1.Narrative</declaredType>
                        <scope>jakarta.xml.bind.JAXBElement$GlobalScope</scope>
                        <value>
                          <s>
                            <s>Interval&lt;</s>
                          </s>
                        </value>
                        <nil>false</nil>
                        <globalScope>true</globalScope>
                        <typeSubstituted>false</typeSubstituted>
                      </s>
                      <s>
                        <name>{urn:hl7-org:cql-annotations:r1}s</name>
                        <declaredType>org.hl7.cql_annotations.r1.Narrative</declaredType>
                        <scope>jakarta.xml.bind.JAXBElement$GlobalScope</scope>
                        <value r="224">
                          <s>
                            <s>
                              <name>{urn:hl7-org:cql-annotations:r1}s</name>
                              <declaredType>org.hl7.cql_annotations.r1.Narrative</declaredType>
                              <scope>jakarta.xml.bind.JAXBElement$GlobalScope</scope>
                              <value>
                                <s>
                                  <s>Date</s>
                                </s>
                              </value>
                              <nil>false</nil>
                              <globalScope>true</globalScope>
                              <typeSubstituted>false</typeSubstituted>
                            </s>
                          </s>
                        </value>
                        <nil>false</nil>
                        <globalScope>true</globalScope>
                        <typeSubstituted>false</typeSubstituted>
                      </s>
                      <s>
                        <name>{urn:hl7-org:cql-annotations:r1}s</name>
                        <declaredType>org.hl7.cql_annotations.r1.Narrative</declaredType>
                        <scope>jakarta.xml.bind.JAXBElement$GlobalScope</scope>
                        <value>
                          <s>
                            <s>&gt;</s>
                          </s>
                        </value>
                        <nil>false</nil>
                        <globalScope>true</globalScope>
                        <typeSubstituted>false</typeSubstituted>
                      </s>
                    </s>
                  </value>
                  <nil>false</nil>
                  <globalScope>true</globalScope>
                  <typeSubstituted>false</typeSubstituted>
                </s>
                <s>
                  <name>{urn:hl7-org:cql-annotations:r1}s</name>
                  <declaredType>org.hl7.cql_annotations.r1.Narrative</declaredType>
                  <scope>jakarta.xml.bind.JAXBElement$GlobalScope</scope>
                  <value>
                    <s>
                      <s> default </s>
                    </s>
                  </value>
                  <nil>false</nil>
                  <globalScope>true</globalScope>
                  <typeSubstituted>false</typeSubstituted>
                </s>
                <s>
                  <name>{urn:hl7-org:cql-annotations:r1}s</name>
                  <declaredType>org.hl7.cql_annotations.r1.Narrative</declaredType>
                  <scope>jakarta.xml.bind.JAXBElement$GlobalScope</scope>
                  <value r="222">
                    <s>
                      <s>
                        <name>{urn:hl7-org:cql-annotations:r1}s</name>
                        <declaredType>org.hl7.cql_annotations.r1.Narrative</declaredType>
                        <scope>jakarta.xml.bind.JAXBElement$GlobalScope</scope>
                        <value r="216">
                          <s>
                            <s>Interval[</s>
                            <s>@2020-01-01</s>
                            <s>, </s>
                            <s>@2020-01-31</s>
                            <s>]</s>
                          </s>
                        </value>
                        <nil>false</nil>
                        <globalScope>true</globalScope>
                        <typeSubstituted>false</typeSubstituted>
                      </s>
                    </s>
                  </value>
                  <nil>false</nil>
                  <globalScope>true</globalScope>
                  <typeSubstituted>false</typeSubstituted>
                </s>
              </s>
            </wstxns11:s>
          </wstxns10:annotation>
        </wstxns10:annotation>
      </wstxns10:def>
    </wstxns10:def>
  </wstxns10:parameters>
  <wstxns12:contexts xmlns:wstxns12="urn:hl7-org:elm:r1" wstxns12:type="Library$Contexts">
    <wstxns12:def>
      <wstxns12:def wstxns12:type="ContextDef" localId="225" locator="45:1-45:18" name="Unfiltered"/>
    </wstxns12:def>
  </wstxns12:contexts>
  <wstxns13:statements xmlns:wstxns13="urn:hl7-org:elm:r1" wstxns13:type="Library$Statements">
    <wstxns13:def>
      <wstxns13:def wstxns13:type="ExpressionDef" localId="227" locator="47:2-49:73" name="numerator" context="Unfiltered" accessLevel="Public">
        <wstxns13:expression wstxns13:type="And" localId="228" locator="48:4-49:73">
          <wstxns13:operand>
            <wstxns13:operand wstxns13:type="AnyTrue" localId="2" locator="48:4-48:63">
              <wstxns13:source wstxns13:type="ExpressionRef" localId="229" locator="48:12-48:62" name="HIV Positive before end of measurement period" libraryName="HIC"/>
            </wstxns13:operand>
            <wstxns13:operand wstxns13:type="AnyTrue" localId="4" locator="49:8-49:73">
              <wstxns13:source wstxns13:type="ExpressionRef" localId="232" locator="49:16-49:72" name="HIV Treatment Started during the measurement period" libraryName="HIC"/>
            </wstxns13:operand>
          </wstxns13:operand>
        </wstxns13:expression>
        <wstxns13:annotation>
          <wstxns13:annotation wstxns13:type="Annotation">
            <wstxns14:s xmlns:wstxns14="urn:hl7-org:cql-annotations:r1" r="227">
              <s>
                <s>
                  <name>{urn:hl7-org:cql-annotations:r1}s</name>
                  <declaredType>org.hl7.cql_annotations.r1.Narrative</declaredType>
                  <scope>jakarta.xml.bind.JAXBElement$GlobalScope</scope>
                  <value>
                    <s>
                      <s></s>
                      <s>define </s>
                      <s>"numerator"</s>
                      <s>:
   </s>
                    </s>
                  </value>
                  <nil>false</nil>
                  <globalScope>true</globalScope>
                  <typeSubstituted>false</typeSubstituted>
                </s>
                <s>
                  <name>{urn:hl7-org:cql-annotations:r1}s</name>
                  <declaredType>org.hl7.cql_annotations.r1.Narrative</declaredType>
                  <scope>jakarta.xml.bind.JAXBElement$GlobalScope</scope>
                  <value r="228">
                    <s>
                      <s>
                        <name>{urn:hl7-org:cql-annotations:r1}s</name>
                        <declaredType>org.hl7.cql_annotations.r1.Narrative</declaredType>
                        <scope>jakarta.xml.bind.JAXBElement$GlobalScope</scope>
                        <value r="2">
                          <s>
                            <s>
                              <name>{urn:hl7-org:cql-annotations:r1}s</name>
                              <declaredType>org.hl7.cql_annotations.r1.Narrative</declaredType>
                              <scope>jakarta.xml.bind.JAXBElement$GlobalScope</scope>
                              <value>
                                <s>
                                  <s>AnyTrue</s>
                                  <s>(</s>
                                </s>
                              </value>
                              <nil>false</nil>
                              <globalScope>true</globalScope>
                              <typeSubstituted>false</typeSubstituted>
                            </s>
                            <s>
                              <name>{urn:hl7-org:cql-annotations:r1}s</name>
                              <declaredType>org.hl7.cql_annotations.r1.Narrative</declaredType>
                              <scope>jakarta.xml.bind.JAXBElement$GlobalScope</scope>
                              <value r="229">
                                <s>
                                  <s>
                                    <name>{urn:hl7-org:cql-annotations:r1}s</name>
                                    <declaredType>org.hl7.cql_annotations.r1.Narrative</declaredType>
                                    <scope>jakarta.xml.bind.JAXBElement$GlobalScope</scope>
                                    <value r="1">
                                      <s>
                                        <s>
                                          <name>{urn:hl7-org:cql-annotations:r1}s</name>
                                          <declaredType>org.hl7.cql_annotations.r1.Narrative</declaredType>
                                          <scope>jakarta.xml.bind.JAXBElement$GlobalScope</scope>
                                          <value>
                                            <s>
                                              <s>HIC</s>
                                            </s>
                                          </value>
                                          <nil>false</nil>
                                          <globalScope>true</globalScope>
                                          <typeSubstituted>false</typeSubstituted>
                                        </s>
                                      </s>
                                    </value>
                                    <nil>false</nil>
                                    <globalScope>true</globalScope>
                                    <typeSubstituted>false</typeSubstituted>
                                  </s>
                                  <s>
                                    <name>{urn:hl7-org:cql-annotations:r1}s</name>
                                    <declaredType>org.hl7.cql_annotations.r1.Narrative</declaredType>
                                    <scope>jakarta.xml.bind.JAXBElement$GlobalScope</scope>
                                    <value>
                                      <s>
                                        <s>.</s>
                                      </s>
                                    </value>
                                    <nil>false</nil>
                                    <globalScope>true</globalScope>
                                    <typeSubstituted>false</typeSubstituted>
                                  </s>
                                  <s>
                                    <name>{urn:hl7-org:cql-annotations:r1}s</name>
                                    <declaredType>org.hl7.cql_annotations.r1.Narrative</declaredType>
                                    <scope>jakarta.xml.bind.JAXBElement$GlobalScope</scope>
                                    <value r="229">
                                      <s>
                                        <s>
                                          <name>{urn:hl7-org:cql-annotations:r1}s</name>
                                          <declaredType>org.hl7.cql_annotations.r1.Narrative</declaredType>
                                          <scope>jakarta.xml.bind.JAXBElement$GlobalScope</scope>
                                          <value>
                                            <s>
                                              <s>"HIV Positive before end of measurement period"</s>
                                            </s>
                                          </value>
                                          <nil>false</nil>
                                          <globalScope>true</globalScope>
                                          <typeSubstituted>false</typeSubstituted>
                                        </s>
                                      </s>
                                    </value>
                                    <nil>false</nil>
                                    <globalScope>true</globalScope>
                                    <typeSubstituted>false</typeSubstituted>
                                  </s>
                                </s>
                              </value>
                              <nil>false</nil>
                              <globalScope>true</globalScope>
                              <typeSubstituted>false</typeSubstituted>
                            </s>
                            <s>
                              <name>{urn:hl7-org:cql-annotations:r1}s</name>
                              <declaredType>org.hl7.cql_annotations.r1.Narrative</declaredType>
                              <scope>jakarta.xml.bind.JAXBElement$GlobalScope</scope>
                              <value>
                                <s>
                                  <s>)</s>
                                </s>
                              </value>
                              <nil>false</nil>
                              <globalScope>true</globalScope>
                              <typeSubstituted>false</typeSubstituted>
                            </s>
                          </s>
                        </value>
                        <nil>false</nil>
                        <globalScope>true</globalScope>
                        <typeSubstituted>false</typeSubstituted>
                      </s>
                      <s>
                        <name>{urn:hl7-org:cql-annotations:r1}s</name>
                        <declaredType>org.hl7.cql_annotations.r1.Narrative</declaredType>
                        <scope>jakarta.xml.bind.JAXBElement$GlobalScope</scope>
                        <value>
                          <s>
                            <s> 
   and </s>
                          </s>
                        </value>
                        <nil>false</nil>
                        <globalScope>true</globalScope>
                        <typeSubstituted>false</typeSubstituted>
                      </s>
                      <s>
                        <name>{urn:hl7-org:cql-annotations:r1}s</name>
                        <declaredType>org.hl7.cql_annotations.r1.Narrative</declaredType>
                        <scope>jakarta.xml.bind.JAXBElement$GlobalScope</scope>
                        <value r="4">
                          <s>
                            <s>
                              <name>{urn:hl7-org:cql-annotations:r1}s</name>
                              <declaredType>org.hl7.cql_annotations.r1.Narrative</declaredType>
                              <scope>jakarta.xml.bind.JAXBElement$GlobalScope</scope>
                              <value>
                                <s>
                                  <s>AnyTrue</s>
                                  <s>(</s>
                                </s>
                              </value>
                              <nil>false</nil>
                              <globalScope>true</globalScope>
                              <typeSubstituted>false</typeSubstituted>
                            </s>
                            <s>
                              <name>{urn:hl7-org:cql-annotations:r1}s</name>
                              <declaredType>org.hl7.cql_annotations.r1.Narrative</declaredType>
                              <scope>jakarta.xml.bind.JAXBElement$GlobalScope</scope>
                              <value r="232">
                                <s>
                                  <s>
                                    <name>{urn:hl7-org:cql-annotations:r1}s</name>
                                    <declaredType>org.hl7.cql_annotations.r1.Narrative</declaredType>
                                    <scope>jakarta.xml.bind.JAXBElement$GlobalScope</scope>
                                    <value r="3">
                                      <s>
                                        <s>
                                          <name>{urn:hl7-org:cql-annotations:r1}s</name>
                                          <declaredType>org.hl7.cql_annotations.r1.Narrative</declaredType>
                                          <scope>jakarta.xml.bind.JAXBElement$GlobalScope</scope>
                                          <value>
                                            <s>
                                              <s>HIC</s>
                                            </s>
                                          </value>
                                          <nil>false</nil>
                                          <globalScope>true</globalScope>
                                          <typeSubstituted>false</typeSubstituted>
                                        </s>
                                      </s>
                                    </value>
                                    <nil>false</nil>
                                    <globalScope>true</globalScope>
                                    <typeSubstituted>false</typeSubstituted>
                                  </s>
                                  <s>
                                    <name>{urn:hl7-org:cql-annotations:r1}s</name>
                                    <declaredType>org.hl7.cql_annotations.r1.Narrative</declaredType>
                                    <scope>jakarta.xml.bind.JAXBElement$GlobalScope</scope>
                                    <value>
                                      <s>
                                        <s>.</s>
                                      </s>
                                    </value>
                                    <nil>false</nil>
                                    <globalScope>true</globalScope>
                                    <typeSubstituted>false</typeSubstituted>
                                  </s>
                                  <s>
                                    <name>{urn:hl7-org:cql-annotations:r1}s</name>
                                    <declaredType>org.hl7.cql_annotations.r1.Narrative</declaredType>
                                    <scope>jakarta.xml.bind.JAXBElement$GlobalScope</scope>
                                    <value r="232">
                                      <s>
                                        <s>
                                          <name>{urn:hl7-org:cql-annotations:r1}s</name>
                                          <declaredType>org.hl7.cql_annotations.r1.Narrative</declaredType>
                                          <scope>jakarta.xml.bind.JAXBElement$GlobalScope</scope>
                                          <value>
                                            <s>
                                              <s>"HIV Treatment Started during the measurement period"</s>
                                            </s>
                                          </value>
                                          <nil>false</nil>
                                          <globalScope>true</globalScope>
                                          <typeSubstituted>false</typeSubstituted>
                                        </s>
                                      </s>
                                    </value>
                                    <nil>false</nil>
                                    <globalScope>true</globalScope>
                                    <typeSubstituted>false</typeSubstituted>
                                  </s>
                                </s>
                              </value>
                              <nil>false</nil>
                              <globalScope>true</globalScope>
                              <typeSubstituted>false</typeSubstituted>
                            </s>
                            <s>
                              <name>{urn:hl7-org:cql-annotations:r1}s</name>
                              <declaredType>org.hl7.cql_annotations.r1.Narrative</declaredType>
                              <scope>jakarta.xml.bind.JAXBElement$GlobalScope</scope>
                              <value>
                                <s>
                                  <s>)</s>
                                </s>
                              </value>
                              <nil>false</nil>
                              <globalScope>true</globalScope>
                              <typeSubstituted>false</typeSubstituted>
                            </s>
                          </s>
                        </value>
                        <nil>false</nil>
                        <globalScope>true</globalScope>
                        <typeSubstituted>false</typeSubstituted>
                      </s>
                    </s>
                  </value>
                  <nil>false</nil>
                  <globalScope>true</globalScope>
                  <typeSubstituted>false</typeSubstituted>
                </s>
              </s>
            </wstxns14:s>
          </wstxns13:annotation>
        </wstxns13:annotation>
      </wstxns13:def>
      <wstxns13:def wstxns13:type="ExpressionDef" localId="236" locator="56:1-57:42" name="Administrative Gender Stratifier" context="Unfiltered" accessLevel="Public">
        <wstxns13:expression wstxns13:type="ExpressionRef" localId="237" locator="57:2-57:42" name="By Administrative Gender Stratifier" libraryName="HIC"/>
        <wstxns13:annotation>
          <wstxns13:annotation wstxns13:type="Annotation">
            <wstxns15:s xmlns:wstxns15="urn:hl7-org:cql-annotations:r1" r="236">
              <s>
                <s>
                  <name>{urn:hl7-org:cql-annotations:r1}s</name>
                  <declaredType>org.hl7.cql_annotations.r1.Narrative</declaredType>
                  <scope>jakarta.xml.bind.JAXBElement$GlobalScope</scope>
                  <value>
                    <s>
                      <s>/*
 * Disaggregators
 */

</s>
                      <s>define </s>
                      <s>"Administrative Gender Stratifier"</s>
                      <s>:
	</s>
                    </s>
                  </value>
                  <nil>false</nil>
                  <globalScope>true</globalScope>
                  <typeSubstituted>false</typeSubstituted>
                </s>
                <s>
                  <name>{urn:hl7-org:cql-annotations:r1}s</name>
                  <declaredType>org.hl7.cql_annotations.r1.Narrative</declaredType>
                  <scope>jakarta.xml.bind.JAXBElement$GlobalScope</scope>
                  <value r="237">
                    <s>
                      <s>
                        <name>{urn:hl7-org:cql-annotations:r1}s</name>
                        <declaredType>org.hl7.cql_annotations.r1.Narrative</declaredType>
                        <scope>jakarta.xml.bind.JAXBElement$GlobalScope</scope>
                        <value r="5">
                          <s>
                            <s>
                              <name>{urn:hl7-org:cql-annotations:r1}s</name>
                              <declaredType>org.hl7.cql_annotations.r1.Narrative</declaredType>
                              <scope>jakarta.xml.bind.JAXBElement$GlobalScope</scope>
                              <value>
                                <s>
                                  <s>HIC</s>
                                </s>
                              </value>
                              <nil>false</nil>
                              <globalScope>true</globalScope>
                              <typeSubstituted>false</typeSubstituted>
                            </s>
                          </s>
                        </value>
                        <nil>false</nil>
                        <globalScope>true</globalScope>
                        <typeSubstituted>false</typeSubstituted>
                      </s>
                      <s>
                        <name>{urn:hl7-org:cql-annotations:r1}s</name>
                        <declaredType>org.hl7.cql_annotations.r1.Narrative</declaredType>
                        <scope>jakarta.xml.bind.JAXBElement$GlobalScope</scope>
                        <value>
                          <s>
                            <s>.</s>
                          </s>
                        </value>
                        <nil>false</nil>
                        <globalScope>true</globalScope>
                        <typeSubstituted>false</typeSubstituted>
                      </s>
                      <s>
                        <name>{urn:hl7-org:cql-annotations:r1}s</name>
                        <declaredType>org.hl7.cql_annotations.r1.Narrative</declaredType>
                        <scope>jakarta.xml.bind.JAXBElement$GlobalScope</scope>
                        <value r="237">
                          <s>
                            <s>
                              <name>{urn:hl7-org:cql-annotations:r1}s</name>
                              <declaredType>org.hl7.cql_annotations.r1.Narrative</declaredType>
                              <scope>jakarta.xml.bind.JAXBElement$GlobalScope</scope>
                              <value>
                                <s>
                                  <s>"By Administrative Gender Stratifier"</s>
                                </s>
                              </value>
                              <nil>false</nil>
                              <globalScope>true</globalScope>
                              <typeSubstituted>false</typeSubstituted>
                            </s>
                          </s>
                        </value>
                        <nil>false</nil>
                        <globalScope>true</globalScope>
                        <typeSubstituted>false</typeSubstituted>
                      </s>
                    </s>
                  </value>
                  <nil>false</nil>
                  <globalScope>true</globalScope>
                  <typeSubstituted>false</typeSubstituted>
                </s>
              </s>
            </wstxns15:s>
          </wstxns13:annotation>
        </wstxns13:annotation>
      </wstxns13:def>
      <wstxns13:def wstxns13:type="ExpressionDef" localId="239" locator="59:1-60:24" name="Age Stratifier" context="Unfiltered" accessLevel="Public">
        <wstxns13:expression wstxns13:type="ExpressionRef" localId="240" locator="60:2-60:24" name="By Age Stratifier" libraryName="HIC"/>
        <wstxns13:annotation>
          <wstxns13:annotation wstxns13:type="Annotation">
            <wstxns16:s xmlns:wstxns16="urn:hl7-org:cql-annotations:r1" r="239">
              <s>
                <s>
                  <name>{urn:hl7-org:cql-annotations:r1}s</name>
                  <declaredType>org.hl7.cql_annotations.r1.Narrative</declaredType>
                  <scope>jakarta.xml.bind.JAXBElement$GlobalScope</scope>
                  <value>
                    <s>
                      <s></s>
                      <s>define </s>
                      <s>"Age Stratifier"</s>
                      <s>:
	</s>
                    </s>
                  </value>
                  <nil>false</nil>
                  <globalScope>true</globalScope>
                  <typeSubstituted>false</typeSubstituted>
                </s>
                <s>
                  <name>{urn:hl7-org:cql-annotations:r1}s</name>
                  <declaredType>org.hl7.cql_annotations.r1.Narrative</declaredType>
                  <scope>jakarta.xml.bind.JAXBElement$GlobalScope</scope>
                  <value r="240">
                    <s>
                      <s>
                        <name>{urn:hl7-org:cql-annotations:r1}s</name>
                        <declaredType>org.hl7.cql_annotations.r1.Narrative</declaredType>
                        <scope>jakarta.xml.bind.JAXBElement$GlobalScope</scope>
                        <value r="6">
                          <s>
                            <s>
                              <name>{urn:hl7-org:cql-annotations:r1}s</name>
                              <declaredType>org.hl7.cql_annotations.r1.Narrative</declaredType>
                              <scope>jakarta.xml.bind.JAXBElement$GlobalScope</scope>
                              <value>
                                <s>
                                  <s>HIC</s>
                                </s>
                              </value>
                              <nil>false</nil>
                              <globalScope>true</globalScope>
                              <typeSubstituted>false</typeSubstituted>
                            </s>
                          </s>
                        </value>
                        <nil>false</nil>
                        <globalScope>true</globalScope>
                        <typeSubstituted>false</typeSubstituted>
                      </s>
                      <s>
                        <name>{urn:hl7-org:cql-annotations:r1}s</name>
                        <declaredType>org.hl7.cql_annotations.r1.Narrative</declaredType>
                        <scope>jakarta.xml.bind.JAXBElement$GlobalScope</scope>
                        <value>
                          <s>
                            <s>.</s>
                          </s>
                        </value>
                        <nil>false</nil>
                        <globalScope>true</globalScope>
                        <typeSubstituted>false</typeSubstituted>
                      </s>
                      <s>
                        <name>{urn:hl7-org:cql-annotations:r1}s</name>
                        <declaredType>org.hl7.cql_annotations.r1.Narrative</declaredType>
                        <scope>jakarta.xml.bind.JAXBElement$GlobalScope</scope>
                        <value r="240">
                          <s>
                            <s>
                              <name>{urn:hl7-org:cql-annotations:r1}s</name>
                              <declaredType>org.hl7.cql_annotations.r1.Narrative</declaredType>
                              <scope>jakarta.xml.bind.JAXBElement$GlobalScope</scope>
                              <value>
                                <s>
                                  <s>"By Age Stratifier"</s>
                                </s>
                              </value>
                              <nil>false</nil>
                              <globalScope>true</globalScope>
                              <typeSubstituted>false</typeSubstituted>
                            </s>
                          </s>
                        </value>
                        <nil>false</nil>
                        <globalScope>true</globalScope>
                        <typeSubstituted>false</typeSubstituted>
                      </s>
                    </s>
                  </value>
                  <nil>false</nil>
                  <globalScope>true</globalScope>
                  <typeSubstituted>false</typeSubstituted>
                </s>
              </s>
            </wstxns16:s>
          </wstxns13:annotation>
        </wstxns13:annotation>
      </wstxns13:def>
      <wstxns13:def wstxns13:type="ExpressionDef" localId="242" locator="62:1-63:38" name="Geographic Region Stratifier" context="Unfiltered" accessLevel="Public">
        <wstxns13:expression wstxns13:type="ExpressionRef" localId="243" locator="63:2-63:38" name="By Geographic Region Stratifier" libraryName="HIC"/>
        <wstxns13:annotation>
          <wstxns13:annotation wstxns13:type="Annotation">
            <wstxns17:s xmlns:wstxns17="urn:hl7-org:cql-annotations:r1" r="242">
              <s>
                <s>
                  <name>{urn:hl7-org:cql-annotations:r1}s</name>
                  <declaredType>org.hl7.cql_annotations.r1.Narrative</declaredType>
                  <scope>jakarta.xml.bind.JAXBElement$GlobalScope</scope>
                  <value>
                    <s>
                      <s></s>
                      <s>define </s>
                      <s>"Geographic Region Stratifier"</s>
                      <s>:
	</s>
                    </s>
                  </value>
                  <nil>false</nil>
                  <globalScope>true</globalScope>
                  <typeSubstituted>false</typeSubstituted>
                </s>
                <s>
                  <name>{urn:hl7-org:cql-annotations:r1}s</name>
                  <declaredType>org.hl7.cql_annotations.r1.Narrative</declaredType>
                  <scope>jakarta.xml.bind.JAXBElement$GlobalScope</scope>
                  <value r="243">
                    <s>
                      <s>
                        <name>{urn:hl7-org:cql-annotations:r1}s</name>
                        <declaredType>org.hl7.cql_annotations.r1.Narrative</declaredType>
                        <scope>jakarta.xml.bind.JAXBElement$GlobalScope</scope>
                        <value r="7">
                          <s>
                            <s>
                              <name>{urn:hl7-org:cql-annotations:r1}s</name>
                              <declaredType>org.hl7.cql_annotations.r1.Narrative</declaredType>
                              <scope>jakarta.xml.bind.JAXBElement$GlobalScope</scope>
                              <value>
                                <s>
                                  <s>HIC</s>
                                </s>
                              </value>
                              <nil>false</nil>
                              <globalScope>true</globalScope>
                              <typeSubstituted>false</typeSubstituted>
                            </s>
                          </s>
                        </value>
                        <nil>false</nil>
                        <globalScope>true</globalScope>
                        <typeSubstituted>false</typeSubstituted>
                      </s>
                      <s>
                        <name>{urn:hl7-org:cql-annotations:r1}s</name>
                        <declaredType>org.hl7.cql_annotations.r1.Narrative</declaredType>
                        <scope>jakarta.xml.bind.JAXBElement$GlobalScope</scope>
                        <value>
                          <s>
                            <s>.</s>
                          </s>
                        </value>
                        <nil>false</nil>
                        <globalScope>true</globalScope>
                        <typeSubstituted>false</typeSubstituted>
                      </s>
                      <s>
                        <name>{urn:hl7-org:cql-annotations:r1}s</name>
                        <declaredType>org.hl7.cql_annotations.r1.Narrative</declaredType>
                        <scope>jakarta.xml.bind.JAXBElement$GlobalScope</scope>
                        <value r="243">
                          <s>
                            <s>
                              <name>{urn:hl7-org:cql-annotations:r1}s</name>
                              <declaredType>org.hl7.cql_annotations.r1.Narrative</declaredType>
                              <scope>jakarta.xml.bind.JAXBElement$GlobalScope</scope>
                              <value>
                                <s>
                                  <s>"By Geographic Region Stratifier"</s>
                                </s>
                              </value>
                              <nil>false</nil>
                              <globalScope>true</globalScope>
                              <typeSubstituted>false</typeSubstituted>
                            </s>
                          </s>
                        </value>
                        <nil>false</nil>
                        <globalScope>true</globalScope>
                        <typeSubstituted>false</typeSubstituted>
                      </s>
                    </s>
                  </value>
                  <nil>false</nil>
                  <globalScope>true</globalScope>
                  <typeSubstituted>false</typeSubstituted>
                </s>
              </s>
            </wstxns17:s>
          </wstxns13:annotation>
        </wstxns13:annotation>
      </wstxns13:def>
      <wstxns13:def wstxns13:type="ExpressionDef" localId="245" locator="65:1-66:20" name="patientGroups Stratifier" context="Unfiltered" accessLevel="Public">
        <wstxns13:expression wstxns13:type="ExpressionRef" localId="246" locator="66:2-66:20" name="patientGroups" libraryName="HIC"/>
        <wstxns13:annotation>
          <wstxns13:annotation wstxns13:type="Annotation">
            <wstxns18:s xmlns:wstxns18="urn:hl7-org:cql-annotations:r1" r="245">
              <s>
                <s>
                  <name>{urn:hl7-org:cql-annotations:r1}s</name>
                  <declaredType>org.hl7.cql_annotations.r1.Narrative</declaredType>
                  <scope>jakarta.xml.bind.JAXBElement$GlobalScope</scope>
                  <value>
                    <s>
                      <s></s>
                      <s>define </s>
                      <s>"patientGroups Stratifier"</s>
                      <s>:
	</s>
                    </s>
                  </value>
                  <nil>false</nil>
                  <globalScope>true</globalScope>
                  <typeSubstituted>false</typeSubstituted>
                </s>
                <s>
                  <name>{urn:hl7-org:cql-annotations:r1}s</name>
                  <declaredType>org.hl7.cql_annotations.r1.Narrative</declaredType>
                  <scope>jakarta.xml.bind.JAXBElement$GlobalScope</scope>
                  <value r="246">
                    <s>
                      <s>
                        <name>{urn:hl7-org:cql-annotations:r1}s</name>
                        <declaredType>org.hl7.cql_annotations.r1.Narrative</declaredType>
                        <scope>jakarta.xml.bind.JAXBElement$GlobalScope</scope>
                        <value r="8">
                          <s>
                            <s>
                              <name>{urn:hl7-org:cql-annotations:r1}s</name>
                              <declaredType>org.hl7.cql_annotations.r1.Narrative</declaredType>
                              <scope>jakarta.xml.bind.JAXBElement$GlobalScope</scope>
                              <value>
                                <s>
                                  <s>HIC</s>
                                </s>
                              </value>
                              <nil>false</nil>
                              <globalScope>true</globalScope>
                              <typeSubstituted>false</typeSubstituted>
                            </s>
                          </s>
                        </value>
                        <nil>false</nil>
                        <globalScope>true</globalScope>
                        <typeSubstituted>false</typeSubstituted>
                      </s>
                      <s>
                        <name>{urn:hl7-org:cql-annotations:r1}s</name>
                        <declaredType>org.hl7.cql_annotations.r1.Narrative</declaredType>
                        <scope>jakarta.xml.bind.JAXBElement$GlobalScope</scope>
                        <value>
                          <s>
                            <s>.</s>
                          </s>
                        </value>
                        <nil>false</nil>
                        <globalScope>true</globalScope>
                        <typeSubstituted>false</typeSubstituted>
                      </s>
                      <s>
                        <name>{urn:hl7-org:cql-annotations:r1}s</name>
                        <declaredType>org.hl7.cql_annotations.r1.Narrative</declaredType>
                        <scope>jakarta.xml.bind.JAXBElement$GlobalScope</scope>
                        <value r="246">
                          <s>
                            <s>
                              <name>{urn:hl7-org:cql-annotations:r1}s</name>
                              <declaredType>org.hl7.cql_annotations.r1.Narrative</declaredType>
                              <scope>jakarta.xml.bind.JAXBElement$GlobalScope</scope>
                              <value>
                                <s>
                                  <s>"patientGroups"</s>
                                </s>
                              </value>
                              <nil>false</nil>
                              <globalScope>true</globalScope>
                              <typeSubstituted>false</typeSubstituted>
                            </s>
                          </s>
                        </value>
                        <nil>false</nil>
                        <globalScope>true</globalScope>
                        <typeSubstituted>false</typeSubstituted>
                      </s>
                    </s>
                  </value>
                  <nil>false</nil>
                  <globalScope>true</globalScope>
                  <typeSubstituted>false</typeSubstituted>
                </s>
              </s>
            </wstxns18:s>
          </wstxns13:annotation>
        </wstxns13:annotation>
      </wstxns13:def>
    </wstxns13:def>
  </wstxns13:statements>
  <wstxns19:annotation xmlns:wstxns19="urn:hl7-org:elm:r1">
    <wstxns19:annotation wstxns19:type="CqlToElmInfo" translatorVersion="3.6.0" translatorOptions="EnableAnnotations,EnableLocators,DisableListDemotion,DisableListPromotion" signatureLevel="None"/>
    <wstxns19:annotation wstxns19:type="Annotation">
      <wstxns20:s xmlns:wstxns20="urn:hl7-org:cql-annotations:r1" r="245">
        <s>
          <s>
            <name>{urn:hl7-org:cql-annotations:r1}s</name>
            <declaredType>org.hl7.cql_annotations.r1.Narrative</declaredType>
            <scope>jakarta.xml.bind.JAXBElement$GlobalScope</scope>
            <value>
              <s>
                <s>/*
 * Library: HIV.IND.30
 * New ART patients
 * Number of people living with HIV who initiated ART
 * 
 * Numerator: COUNT of clients with "HIV status"='HIV-positive' AND "On ART"=True AND "ART start date" is within reporting period
 * Numerator Exclusions: NONE
 * 
 * Denominator: NONE
 *
 * 
 * 
 * Disaggregation:
 *   - Gender
 *   - Age
 *   - Key population member type
 *   - Other PRIORITY POPULATION??? NOT DEFINED
 * Description:
 *   - Gender (female, male, other*)
 *   - Age (0–4, 5–9, 10–14, 15–19, 20–24, 25–29, 30–34, 35–39, 40–44, 45–49, 50+ years)**
 *   - Key populations (men who have sex with men, people living in prisons and other closed settings, people who inject drugs, sex workers, trans and gender diverse people)***
 *   - Cities and other administrative regions of epidemiologic importance
 * 
 *      * The category of other includes trans and gender diverse people who choose an identity other than male or female.
 *      ** Recommended in settings with robust electronic health information systems.
 *      *** Where feasible and data security and confidentiality can be ensured (see monitoring considerations in section 3.8 of WHO's 2022 HIV SI Guidelines on key
 *          populations for further guidance and section 6.4 on maintaining data privacy, security and confidential).
 * 
 * 
 * Consolidated guidelines on person-centred HIV strategic information: strengthening routine data for impact. Geneva: World Health Organization; 2022
 */

</s>
                <s>library HIVIND30</s>
              </s>
            </value>
            <nil>false</nil>
            <globalScope>true</globalScope>
            <typeSubstituted>false</typeSubstituted>
          </s>
        </s>
      </wstxns20:s>
    </wstxns19:annotation>
  </wstxns19:annotation>
</Library>
