<?xml version='1.1' encoding='UTF-8'?>
<Library type="Library" localId="0">
  <wstxns1:identifier xmlns:wstxns1="urn:hl7-org:elm:r1" wstxns1:type="VersionedIdentifier" id="HIVIND19"/>
  <wstxns2:schemaIdentifier xmlns:wstxns2="urn:hl7-org:elm:r1" wstxns2:type="VersionedIdentifier" id="urn:hl7-org:elm" version="r1"/>
  <wstxns3:usings xmlns:wstxns3="urn:hl7-org:elm:r1" wstxns3:type="Library$Usings">
    <wstxns3:def>
      <wstxns3:def wstxns3:type="UsingDef" localId="1" localIdentifier="System" uri="urn:hl7-org:elm-types:r1"/>
      <wstxns3:def wstxns3:type="UsingDef" localId="206" locator="27:1-27:26" localIdentifier="FHIR" uri="http://hl7.org/fhir" version="4.0.1">
        <wstxns3:annotation>
          <wstxns3:annotation wstxns3:type="Annotation">
            <wstxns4:s xmlns:wstxns4="urn:hl7-org:cql-annotations:r1" r="206">
              <s>
                <s>
                  <name>{urn:hl7-org:cql-annotations:r1}s</name>
                  <declaredType>org.hl7.cql_annotations.r1.Narrative</declaredType>
                  <scope>jakarta.xml.bind.JAXBElement$GlobalScope</scope>
                  <value>
                    <s>
                      <s></s>
                      <s>using </s>
                    </s>
                  </value>
                  <nil>false</nil>
                  <globalScope>true</globalScope>
                  <typeSubstituted>false</typeSubstituted>
                </s>
                <s>
                  <name>{urn:hl7-org:cql-annotations:r1}s</name>
                  <declaredType>org.hl7.cql_annotations.r1.Narrative</declaredType>
                  <scope>jakarta.xml.bind.JAXBElement$GlobalScope</scope>
                  <value>
                    <s>
                      <s>
                        <name>{urn:hl7-org:cql-annotations:r1}s</name>
                        <declaredType>org.hl7.cql_annotations.r1.Narrative</declaredType>
                        <scope>jakarta.xml.bind.JAXBElement$GlobalScope</scope>
                        <value>
                          <s>
                            <s>FHIR</s>
                          </s>
                        </value>
                        <nil>false</nil>
                        <globalScope>true</globalScope>
                        <typeSubstituted>false</typeSubstituted>
                      </s>
                    </s>
                  </value>
                  <nil>false</nil>
                  <globalScope>true</globalScope>
                  <typeSubstituted>false</typeSubstituted>
                </s>
                <s>
                  <name>{urn:hl7-org:cql-annotations:r1}s</name>
                  <declaredType>org.hl7.cql_annotations.r1.Narrative</declaredType>
                  <scope>jakarta.xml.bind.JAXBElement$GlobalScope</scope>
                  <value>
                    <s>
                      <s> version '4.0.1'</s>
                    </s>
                  </value>
                  <nil>false</nil>
                  <globalScope>true</globalScope>
                  <typeSubstituted>false</typeSubstituted>
                </s>
              </s>
            </wstxns4:s>
          </wstxns3:annotation>
        </wstxns3:annotation>
      </wstxns3:def>
    </wstxns3:def>
  </wstxns3:usings>
  <wstxns5:includes xmlns:wstxns5="urn:hl7-org:elm:r1" wstxns5:type="Library$Includes">
    <wstxns5:def>
      <wstxns5:def wstxns5:type="IncludeDef" localId="207" locator="30:1-30:52" localIdentifier="HIC" path="HIVIndicatorCommon" version="0.01">
        <wstxns5:annotation>
          <wstxns5:annotation wstxns5:type="Annotation">
            <wstxns6:s xmlns:wstxns6="urn:hl7-org:cql-annotations:r1" r="207">
              <s>
                <s>
                  <name>{urn:hl7-org:cql-annotations:r1}s</name>
                  <declaredType>org.hl7.cql_annotations.r1.Narrative</declaredType>
                  <scope>jakarta.xml.bind.JAXBElement$GlobalScope</scope>
                  <value>
                    <s>
                      <s></s>
                      <s>include </s>
                    </s>
                  </value>
                  <nil>false</nil>
                  <globalScope>true</globalScope>
                  <typeSubstituted>false</typeSubstituted>
                </s>
                <s>
                  <name>{urn:hl7-org:cql-annotations:r1}s</name>
                  <declaredType>org.hl7.cql_annotations.r1.Narrative</declaredType>
                  <scope>jakarta.xml.bind.JAXBElement$GlobalScope</scope>
                  <value>
                    <s>
                      <s>
                        <name>{urn:hl7-org:cql-annotations:r1}s</name>
                        <declaredType>org.hl7.cql_annotations.r1.Narrative</declaredType>
                        <scope>jakarta.xml.bind.JAXBElement$GlobalScope</scope>
                        <value>
                          <s>
                            <s>HIVIndicatorCommon</s>
                          </s>
                        </value>
                        <nil>false</nil>
                        <globalScope>true</globalScope>
                        <typeSubstituted>false</typeSubstituted>
                      </s>
                    </s>
                  </value>
                  <nil>false</nil>
                  <globalScope>true</globalScope>
                  <typeSubstituted>false</typeSubstituted>
                </s>
                <s>
                  <name>{urn:hl7-org:cql-annotations:r1}s</name>
                  <declaredType>org.hl7.cql_annotations.r1.Narrative</declaredType>
                  <scope>jakarta.xml.bind.JAXBElement$GlobalScope</scope>
                  <value>
                    <s>
                      <s> version </s>
                      <s>'0.01'</s>
                      <s> called </s>
                      <s>HIC</s>
                    </s>
                  </value>
                  <nil>false</nil>
                  <globalScope>true</globalScope>
                  <typeSubstituted>false</typeSubstituted>
                </s>
              </s>
            </wstxns6:s>
          </wstxns5:annotation>
        </wstxns5:annotation>
      </wstxns5:def>
      <wstxns5:def wstxns5:type="IncludeDef" localId="208" locator="31:1-31:35" localIdentifier="FHIRHelpers" path="FHIRHelpers" version="4.0.1">
        <wstxns5:annotation>
          <wstxns5:annotation wstxns5:type="Annotation">
            <wstxns7:s xmlns:wstxns7="urn:hl7-org:cql-annotations:r1" r="208">
              <s>
                <s>
                  <name>{urn:hl7-org:cql-annotations:r1}s</name>
                  <declaredType>org.hl7.cql_annotations.r1.Narrative</declaredType>
                  <scope>jakarta.xml.bind.JAXBElement$GlobalScope</scope>
                  <value>
                    <s>
                      <s></s>
                      <s>include </s>
                    </s>
                  </value>
                  <nil>false</nil>
                  <globalScope>true</globalScope>
                  <typeSubstituted>false</typeSubstituted>
                </s>
                <s>
                  <name>{urn:hl7-org:cql-annotations:r1}s</name>
                  <declaredType>org.hl7.cql_annotations.r1.Narrative</declaredType>
                  <scope>jakarta.xml.bind.JAXBElement$GlobalScope</scope>
                  <value>
                    <s>
                      <s>
                        <name>{urn:hl7-org:cql-annotations:r1}s</name>
                        <declaredType>org.hl7.cql_annotations.r1.Narrative</declaredType>
                        <scope>jakarta.xml.bind.JAXBElement$GlobalScope</scope>
                        <value>
                          <s>
                            <s>FHIRHelpers</s>
                          </s>
                        </value>
                        <nil>false</nil>
                        <globalScope>true</globalScope>
                        <typeSubstituted>false</typeSubstituted>
                      </s>
                    </s>
                  </value>
                  <nil>false</nil>
                  <globalScope>true</globalScope>
                  <typeSubstituted>false</typeSubstituted>
                </s>
                <s>
                  <name>{urn:hl7-org:cql-annotations:r1}s</name>
                  <declaredType>org.hl7.cql_annotations.r1.Narrative</declaredType>
                  <scope>jakarta.xml.bind.JAXBElement$GlobalScope</scope>
                  <value>
                    <s>
                      <s> version </s>
                      <s>'4.0.1'</s>
                    </s>
                  </value>
                  <nil>false</nil>
                  <globalScope>true</globalScope>
                  <typeSubstituted>false</typeSubstituted>
                </s>
              </s>
            </wstxns7:s>
          </wstxns5:annotation>
        </wstxns5:annotation>
      </wstxns5:def>
      <wstxns5:def wstxns5:type="IncludeDef" localId="209" locator="32:1-32:29" localIdentifier="WCom" path="WHOCommon">
        <wstxns5:annotation>
          <wstxns5:annotation wstxns5:type="Annotation">
            <wstxns8:s xmlns:wstxns8="urn:hl7-org:cql-annotations:r1" r="209">
              <s>
                <s>
                  <name>{urn:hl7-org:cql-annotations:r1}s</name>
                  <declaredType>org.hl7.cql_annotations.r1.Narrative</declaredType>
                  <scope>jakarta.xml.bind.JAXBElement$GlobalScope</scope>
                  <value>
                    <s>
                      <s></s>
                      <s>include </s>
                    </s>
                  </value>
                  <nil>false</nil>
                  <globalScope>true</globalScope>
                  <typeSubstituted>false</typeSubstituted>
                </s>
                <s>
                  <name>{urn:hl7-org:cql-annotations:r1}s</name>
                  <declaredType>org.hl7.cql_annotations.r1.Narrative</declaredType>
                  <scope>jakarta.xml.bind.JAXBElement$GlobalScope</scope>
                  <value>
                    <s>
                      <s>
                        <name>{urn:hl7-org:cql-annotations:r1}s</name>
                        <declaredType>org.hl7.cql_annotations.r1.Narrative</declaredType>
                        <scope>jakarta.xml.bind.JAXBElement$GlobalScope</scope>
                        <value>
                          <s>
                            <s>WHOCommon</s>
                          </s>
                        </value>
                        <nil>false</nil>
                        <globalScope>true</globalScope>
                        <typeSubstituted>false</typeSubstituted>
                      </s>
                    </s>
                  </value>
                  <nil>false</nil>
                  <globalScope>true</globalScope>
                  <typeSubstituted>false</typeSubstituted>
                </s>
                <s>
                  <name>{urn:hl7-org:cql-annotations:r1}s</name>
                  <declaredType>org.hl7.cql_annotations.r1.Narrative</declaredType>
                  <scope>jakarta.xml.bind.JAXBElement$GlobalScope</scope>
                  <value>
                    <s>
                      <s> called </s>
                      <s>WCom</s>
                    </s>
                  </value>
                  <nil>false</nil>
                  <globalScope>true</globalScope>
                  <typeSubstituted>false</typeSubstituted>
                </s>
              </s>
            </wstxns8:s>
          </wstxns5:annotation>
        </wstxns5:annotation>
      </wstxns5:def>
      <wstxns5:def wstxns5:type="IncludeDef" localId="210" locator="33:1-33:28" localIdentifier="FC" path="FHIRCommon">
        <wstxns5:annotation>
          <wstxns5:annotation wstxns5:type="Annotation">
            <wstxns9:s xmlns:wstxns9="urn:hl7-org:cql-annotations:r1" r="210">
              <s>
                <s>
                  <name>{urn:hl7-org:cql-annotations:r1}s</name>
                  <declaredType>org.hl7.cql_annotations.r1.Narrative</declaredType>
                  <scope>jakarta.xml.bind.JAXBElement$GlobalScope</scope>
                  <value>
                    <s>
                      <s></s>
                      <s>include </s>
                    </s>
                  </value>
                  <nil>false</nil>
                  <globalScope>true</globalScope>
                  <typeSubstituted>false</typeSubstituted>
                </s>
                <s>
                  <name>{urn:hl7-org:cql-annotations:r1}s</name>
                  <declaredType>org.hl7.cql_annotations.r1.Narrative</declaredType>
                  <scope>jakarta.xml.bind.JAXBElement$GlobalScope</scope>
                  <value>
                    <s>
                      <s>
                        <name>{urn:hl7-org:cql-annotations:r1}s</name>
                        <declaredType>org.hl7.cql_annotations.r1.Narrative</declaredType>
                        <scope>jakarta.xml.bind.JAXBElement$GlobalScope</scope>
                        <value>
                          <s>
                            <s>FHIRCommon</s>
                          </s>
                        </value>
                        <nil>false</nil>
                        <globalScope>true</globalScope>
                        <typeSubstituted>false</typeSubstituted>
                      </s>
                    </s>
                  </value>
                  <nil>false</nil>
                  <globalScope>true</globalScope>
                  <typeSubstituted>false</typeSubstituted>
                </s>
                <s>
                  <name>{urn:hl7-org:cql-annotations:r1}s</name>
                  <declaredType>org.hl7.cql_annotations.r1.Narrative</declaredType>
                  <scope>jakarta.xml.bind.JAXBElement$GlobalScope</scope>
                  <value>
                    <s>
                      <s> called </s>
                      <s>FC</s>
                    </s>
                  </value>
                  <nil>false</nil>
                  <globalScope>true</globalScope>
                  <typeSubstituted>false</typeSubstituted>
                </s>
              </s>
            </wstxns9:s>
          </wstxns5:annotation>
        </wstxns5:annotation>
      </wstxns5:def>
    </wstxns5:def>
  </wstxns5:includes>
  <wstxns10:parameters xmlns:wstxns10="urn:hl7-org:elm:r1" wstxns10:type="Library$Parameters">
    <wstxns10:def>
      <wstxns10:def wstxns10:type="ParameterDef" localId="211" locator="35:1-35:88" name="Measurement Period" accessLevel="Public">
        <wstxns10:default wstxns10:type="Interval" localId="222" locator="35:55-35:88" lowClosed="true" highClosed="true">
          <wstxns10:low wstxns10:type="Date" localId="216" locator="35:64-35:74">
            <wstxns10:year wstxns10:type="Literal" localId="213" valueType="{urn:hl7-org:elm-types:r1}Integer" value="2020"/>
            <wstxns10:month wstxns10:type="Literal" localId="214" valueType="{urn:hl7-org:elm-types:r1}Integer" value="1"/>
            <wstxns10:day wstxns10:type="Literal" localId="215" valueType="{urn:hl7-org:elm-types:r1}Integer" value="1"/>
          </wstxns10:low>
          <wstxns10:high wstxns10:type="Date" localId="221" locator="35:77-35:87">
            <wstxns10:year wstxns10:type="Literal" localId="218" valueType="{urn:hl7-org:elm-types:r1}Integer" value="2020"/>
            <wstxns10:month wstxns10:type="Literal" localId="219" valueType="{urn:hl7-org:elm-types:r1}Integer" value="1"/>
            <wstxns10:day wstxns10:type="Literal" localId="220" valueType="{urn:hl7-org:elm-types:r1}Integer" value="31"/>
          </wstxns10:high>
        </wstxns10:default>
        <wstxns10:parameterTypeSpecifier wstxns10:type="IntervalTypeSpecifier" localId="223" locator="35:32-35:45">
          <wstxns10:pointType wstxns10:type="NamedTypeSpecifier" localId="224" locator="35:41-35:44" name="{urn:hl7-org:elm-types:r1}Date"/>
        </wstxns10:parameterTypeSpecifier>
        <wstxns10:annotation>
          <wstxns10:annotation wstxns10:type="Annotation">
            <wstxns11:s xmlns:wstxns11="urn:hl7-org:cql-annotations:r1" r="211">
              <s>
                <s>
                  <name>{urn:hl7-org:cql-annotations:r1}s</name>
                  <declaredType>org.hl7.cql_annotations.r1.Narrative</declaredType>
                  <scope>jakarta.xml.bind.JAXBElement$GlobalScope</scope>
                  <value>
                    <s>
                      <s></s>
                      <s>parameter </s>
                      <s>"Measurement Period"</s>
                      <s> </s>
                    </s>
                  </value>
                  <nil>false</nil>
                  <globalScope>true</globalScope>
                  <typeSubstituted>false</typeSubstituted>
                </s>
                <s>
                  <name>{urn:hl7-org:cql-annotations:r1}s</name>
                  <declaredType>org.hl7.cql_annotations.r1.Narrative</declaredType>
                  <scope>jakarta.xml.bind.JAXBElement$GlobalScope</scope>
                  <value r="223">
                    <s>
                      <s>
                        <name>{urn:hl7-org:cql-annotations:r1}s</name>
                        <declaredType>org.hl7.cql_annotations.r1.Narrative</declaredType>
                        <scope>jakarta.xml.bind.JAXBElement$GlobalScope</scope>
                        <value>
                          <s>
                            <s>Interval&lt;</s>
                          </s>
                        </value>
                        <nil>false</nil>
                        <globalScope>true</globalScope>
                        <typeSubstituted>false</typeSubstituted>
                      </s>
                      <s>
                        <name>{urn:hl7-org:cql-annotations:r1}s</name>
                        <declaredType>org.hl7.cql_annotations.r1.Narrative</declaredType>
                        <scope>jakarta.xml.bind.JAXBElement$GlobalScope</scope>
                        <value r="224">
                          <s>
                            <s>
                              <name>{urn:hl7-org:cql-annotations:r1}s</name>
                              <declaredType>org.hl7.cql_annotations.r1.Narrative</declaredType>
                              <scope>jakarta.xml.bind.JAXBElement$GlobalScope</scope>
                              <value>
                                <s>
                                  <s>Date</s>
                                </s>
                              </value>
                              <nil>false</nil>
                              <globalScope>true</globalScope>
                              <typeSubstituted>false</typeSubstituted>
                            </s>
                          </s>
                        </value>
                        <nil>false</nil>
                        <globalScope>true</globalScope>
                        <typeSubstituted>false</typeSubstituted>
                      </s>
                      <s>
                        <name>{urn:hl7-org:cql-annotations:r1}s</name>
                        <declaredType>org.hl7.cql_annotations.r1.Narrative</declaredType>
                        <scope>jakarta.xml.bind.JAXBElement$GlobalScope</scope>
                        <value>
                          <s>
                            <s>&gt;</s>
                          </s>
                        </value>
                        <nil>false</nil>
                        <globalScope>true</globalScope>
                        <typeSubstituted>false</typeSubstituted>
                      </s>
                    </s>
                  </value>
                  <nil>false</nil>
                  <globalScope>true</globalScope>
                  <typeSubstituted>false</typeSubstituted>
                </s>
                <s>
                  <name>{urn:hl7-org:cql-annotations:r1}s</name>
                  <declaredType>org.hl7.cql_annotations.r1.Narrative</declaredType>
                  <scope>jakarta.xml.bind.JAXBElement$GlobalScope</scope>
                  <value>
                    <s>
                      <s> default </s>
                    </s>
                  </value>
                  <nil>false</nil>
                  <globalScope>true</globalScope>
                  <typeSubstituted>false</typeSubstituted>
                </s>
                <s>
                  <name>{urn:hl7-org:cql-annotations:r1}s</name>
                  <declaredType>org.hl7.cql_annotations.r1.Narrative</declaredType>
                  <scope>jakarta.xml.bind.JAXBElement$GlobalScope</scope>
                  <value r="222">
                    <s>
                      <s>
                        <name>{urn:hl7-org:cql-annotations:r1}s</name>
                        <declaredType>org.hl7.cql_annotations.r1.Narrative</declaredType>
                        <scope>jakarta.xml.bind.JAXBElement$GlobalScope</scope>
                        <value r="216">
                          <s>
                            <s>Interval[</s>
                            <s>@2020-01-01</s>
                            <s>, </s>
                            <s>@2020-01-31</s>
                            <s>]</s>
                          </s>
                        </value>
                        <nil>false</nil>
                        <globalScope>true</globalScope>
                        <typeSubstituted>false</typeSubstituted>
                      </s>
                    </s>
                  </value>
                  <nil>false</nil>
                  <globalScope>true</globalScope>
                  <typeSubstituted>false</typeSubstituted>
                </s>
              </s>
            </wstxns11:s>
          </wstxns10:annotation>
        </wstxns10:annotation>
      </wstxns10:def>
    </wstxns10:def>
  </wstxns10:parameters>
  <wstxns12:contexts xmlns:wstxns12="urn:hl7-org:elm:r1" wstxns12:type="Library$Contexts">
    <wstxns12:def>
      <wstxns12:def wstxns12:type="ContextDef" localId="225" locator="37:1-37:18" name="Unfiltered"/>
    </wstxns12:def>
  </wstxns12:contexts>
  <wstxns13:statements xmlns:wstxns13="urn:hl7-org:elm:r1" wstxns13:type="Library$Statements">
    <wstxns13:def>
      <wstxns13:def wstxns13:type="ExpressionDef" localId="227" locator="40:1-41:57" name="numerator" context="Unfiltered" accessLevel="Public">
        <wstxns13:expression wstxns13:type="AnyTrue" localId="2" locator="41:5-41:57">
          <wstxns13:source wstxns13:type="ExpressionRef" localId="228" locator="41:13-41:56" name="HIV Positive during measurement period" libraryName="HIC"/>
        </wstxns13:expression>
        <wstxns13:annotation>
          <wstxns13:annotation wstxns13:type="Annotation">
            <wstxns14:s xmlns:wstxns14="urn:hl7-org:cql-annotations:r1" r="227">
              <s>
                <s>
                  <name>{urn:hl7-org:cql-annotations:r1}s</name>
                  <declaredType>org.hl7.cql_annotations.r1.Narrative</declaredType>
                  <scope>jakarta.xml.bind.JAXBElement$GlobalScope</scope>
                  <value>
                    <s>
                      <s>//Exclusion happens automatically through test type valueset = excludes self test
</s>
                      <s>define </s>
                      <s>"numerator"</s>
                      <s>:
    </s>
                    </s>
                  </value>
                  <nil>false</nil>
                  <globalScope>true</globalScope>
                  <typeSubstituted>false</typeSubstituted>
                </s>
                <s>
                  <name>{urn:hl7-org:cql-annotations:r1}s</name>
                  <declaredType>org.hl7.cql_annotations.r1.Narrative</declaredType>
                  <scope>jakarta.xml.bind.JAXBElement$GlobalScope</scope>
                  <value r="2">
                    <s>
                      <s>
                        <name>{urn:hl7-org:cql-annotations:r1}s</name>
                        <declaredType>org.hl7.cql_annotations.r1.Narrative</declaredType>
                        <scope>jakarta.xml.bind.JAXBElement$GlobalScope</scope>
                        <value>
                          <s>
                            <s>AnyTrue</s>
                            <s>(</s>
                          </s>
                        </value>
                        <nil>false</nil>
                        <globalScope>true</globalScope>
                        <typeSubstituted>false</typeSubstituted>
                      </s>
                      <s>
                        <name>{urn:hl7-org:cql-annotations:r1}s</name>
                        <declaredType>org.hl7.cql_annotations.r1.Narrative</declaredType>
                        <scope>jakarta.xml.bind.JAXBElement$GlobalScope</scope>
                        <value r="228">
                          <s>
                            <s>
                              <name>{urn:hl7-org:cql-annotations:r1}s</name>
                              <declaredType>org.hl7.cql_annotations.r1.Narrative</declaredType>
                              <scope>jakarta.xml.bind.JAXBElement$GlobalScope</scope>
                              <value r="1">
                                <s>
                                  <s>
                                    <name>{urn:hl7-org:cql-annotations:r1}s</name>
                                    <declaredType>org.hl7.cql_annotations.r1.Narrative</declaredType>
                                    <scope>jakarta.xml.bind.JAXBElement$GlobalScope</scope>
                                    <value>
                                      <s>
                                        <s>HIC</s>
                                      </s>
                                    </value>
                                    <nil>false</nil>
                                    <globalScope>true</globalScope>
                                    <typeSubstituted>false</typeSubstituted>
                                  </s>
                                </s>
                              </value>
                              <nil>false</nil>
                              <globalScope>true</globalScope>
                              <typeSubstituted>false</typeSubstituted>
                            </s>
                            <s>
                              <name>{urn:hl7-org:cql-annotations:r1}s</name>
                              <declaredType>org.hl7.cql_annotations.r1.Narrative</declaredType>
                              <scope>jakarta.xml.bind.JAXBElement$GlobalScope</scope>
                              <value>
                                <s>
                                  <s>.</s>
                                </s>
                              </value>
                              <nil>false</nil>
                              <globalScope>true</globalScope>
                              <typeSubstituted>false</typeSubstituted>
                            </s>
                            <s>
                              <name>{urn:hl7-org:cql-annotations:r1}s</name>
                              <declaredType>org.hl7.cql_annotations.r1.Narrative</declaredType>
                              <scope>jakarta.xml.bind.JAXBElement$GlobalScope</scope>
                              <value r="228">
                                <s>
                                  <s>
                                    <name>{urn:hl7-org:cql-annotations:r1}s</name>
                                    <declaredType>org.hl7.cql_annotations.r1.Narrative</declaredType>
                                    <scope>jakarta.xml.bind.JAXBElement$GlobalScope</scope>
                                    <value>
                                      <s>
                                        <s>"HIV Positive during measurement period"</s>
                                      </s>
                                    </value>
                                    <nil>false</nil>
                                    <globalScope>true</globalScope>
                                    <typeSubstituted>false</typeSubstituted>
                                  </s>
                                </s>
                              </value>
                              <nil>false</nil>
                              <globalScope>true</globalScope>
                              <typeSubstituted>false</typeSubstituted>
                            </s>
                          </s>
                        </value>
                        <nil>false</nil>
                        <globalScope>true</globalScope>
                        <typeSubstituted>false</typeSubstituted>
                      </s>
                      <s>
                        <name>{urn:hl7-org:cql-annotations:r1}s</name>
                        <declaredType>org.hl7.cql_annotations.r1.Narrative</declaredType>
                        <scope>jakarta.xml.bind.JAXBElement$GlobalScope</scope>
                        <value>
                          <s>
                            <s>)</s>
                          </s>
                        </value>
                        <nil>false</nil>
                        <globalScope>true</globalScope>
                        <typeSubstituted>false</typeSubstituted>
                      </s>
                    </s>
                  </value>
                  <nil>false</nil>
                  <globalScope>true</globalScope>
                  <typeSubstituted>false</typeSubstituted>
                </s>
              </s>
            </wstxns14:s>
          </wstxns13:annotation>
        </wstxns13:annotation>
      </wstxns13:def>
      <wstxns13:def wstxns13:type="ExpressionDef" localId="232" locator="43:1-44:53" name="denominator" context="Unfiltered" accessLevel="Public">
        <wstxns13:expression wstxns13:type="AnyTrue" localId="4" locator="44:5-44:53">
          <wstxns13:source wstxns13:type="ExpressionRef" localId="233" locator="44:13-44:52" name="HIV test during measurement period" libraryName="HIC"/>
        </wstxns13:expression>
        <wstxns13:annotation>
          <wstxns13:annotation wstxns13:type="Annotation">
            <wstxns15:s xmlns:wstxns15="urn:hl7-org:cql-annotations:r1" r="232">
              <s>
                <s>
                  <name>{urn:hl7-org:cql-annotations:r1}s</name>
                  <declaredType>org.hl7.cql_annotations.r1.Narrative</declaredType>
                  <scope>jakarta.xml.bind.JAXBElement$GlobalScope</scope>
                  <value>
                    <s>
                      <s></s>
                      <s>define </s>
                      <s>"denominator"</s>
                      <s>:
    </s>
                    </s>
                  </value>
                  <nil>false</nil>
                  <globalScope>true</globalScope>
                  <typeSubstituted>false</typeSubstituted>
                </s>
                <s>
                  <name>{urn:hl7-org:cql-annotations:r1}s</name>
                  <declaredType>org.hl7.cql_annotations.r1.Narrative</declaredType>
                  <scope>jakarta.xml.bind.JAXBElement$GlobalScope</scope>
                  <value r="4">
                    <s>
                      <s>
                        <name>{urn:hl7-org:cql-annotations:r1}s</name>
                        <declaredType>org.hl7.cql_annotations.r1.Narrative</declaredType>
                        <scope>jakarta.xml.bind.JAXBElement$GlobalScope</scope>
                        <value>
                          <s>
                            <s>AnyTrue</s>
                            <s>(</s>
                          </s>
                        </value>
                        <nil>false</nil>
                        <globalScope>true</globalScope>
                        <typeSubstituted>false</typeSubstituted>
                      </s>
                      <s>
                        <name>{urn:hl7-org:cql-annotations:r1}s</name>
                        <declaredType>org.hl7.cql_annotations.r1.Narrative</declaredType>
                        <scope>jakarta.xml.bind.JAXBElement$GlobalScope</scope>
                        <value r="233">
                          <s>
                            <s>
                              <name>{urn:hl7-org:cql-annotations:r1}s</name>
                              <declaredType>org.hl7.cql_annotations.r1.Narrative</declaredType>
                              <scope>jakarta.xml.bind.JAXBElement$GlobalScope</scope>
                              <value r="3">
                                <s>
                                  <s>
                                    <name>{urn:hl7-org:cql-annotations:r1}s</name>
                                    <declaredType>org.hl7.cql_annotations.r1.Narrative</declaredType>
                                    <scope>jakarta.xml.bind.JAXBElement$GlobalScope</scope>
                                    <value>
                                      <s>
                                        <s>HIC</s>
                                      </s>
                                    </value>
                                    <nil>false</nil>
                                    <globalScope>true</globalScope>
                                    <typeSubstituted>false</typeSubstituted>
                                  </s>
                                </s>
                              </value>
                              <nil>false</nil>
                              <globalScope>true</globalScope>
                              <typeSubstituted>false</typeSubstituted>
                            </s>
                            <s>
                              <name>{urn:hl7-org:cql-annotations:r1}s</name>
                              <declaredType>org.hl7.cql_annotations.r1.Narrative</declaredType>
                              <scope>jakarta.xml.bind.JAXBElement$GlobalScope</scope>
                              <value>
                                <s>
                                  <s>.</s>
                                </s>
                              </value>
                              <nil>false</nil>
                              <globalScope>true</globalScope>
                              <typeSubstituted>false</typeSubstituted>
                            </s>
                            <s>
                              <name>{urn:hl7-org:cql-annotations:r1}s</name>
                              <declaredType>org.hl7.cql_annotations.r1.Narrative</declaredType>
                              <scope>jakarta.xml.bind.JAXBElement$GlobalScope</scope>
                              <value r="233">
                                <s>
                                  <s>
                                    <name>{urn:hl7-org:cql-annotations:r1}s</name>
                                    <declaredType>org.hl7.cql_annotations.r1.Narrative</declaredType>
                                    <scope>jakarta.xml.bind.JAXBElement$GlobalScope</scope>
                                    <value>
                                      <s>
                                        <s>"HIV test during measurement period"</s>
                                      </s>
                                    </value>
                                    <nil>false</nil>
                                    <globalScope>true</globalScope>
                                    <typeSubstituted>false</typeSubstituted>
                                  </s>
                                </s>
                              </value>
                              <nil>false</nil>
                              <globalScope>true</globalScope>
                              <typeSubstituted>false</typeSubstituted>
                            </s>
                          </s>
                        </value>
                        <nil>false</nil>
                        <globalScope>true</globalScope>
                        <typeSubstituted>false</typeSubstituted>
                      </s>
                      <s>
                        <name>{urn:hl7-org:cql-annotations:r1}s</name>
                        <declaredType>org.hl7.cql_annotations.r1.Narrative</declaredType>
                        <scope>jakarta.xml.bind.JAXBElement$GlobalScope</scope>
                        <value>
                          <s>
                            <s>)</s>
                          </s>
                        </value>
                        <nil>false</nil>
                        <globalScope>true</globalScope>
                        <typeSubstituted>false</typeSubstituted>
                      </s>
                    </s>
                  </value>
                  <nil>false</nil>
                  <globalScope>true</globalScope>
                  <typeSubstituted>false</typeSubstituted>
                </s>
              </s>
            </wstxns15:s>
          </wstxns13:annotation>
        </wstxns13:annotation>
      </wstxns13:def>
      <wstxns13:def wstxns13:type="ExpressionDef" localId="237" locator="50:1-51:42" name="Administrative Gender Stratifier" context="Unfiltered" accessLevel="Public">
        <wstxns13:expression wstxns13:type="ExpressionRef" localId="238" locator="51:2-51:42" name="By Administrative Gender Stratifier" libraryName="HIC"/>
        <wstxns13:annotation>
          <wstxns13:annotation wstxns13:type="Annotation">
            <wstxns16:s xmlns:wstxns16="urn:hl7-org:cql-annotations:r1" r="237">
              <s>
                <s>
                  <name>{urn:hl7-org:cql-annotations:r1}s</name>
                  <declaredType>org.hl7.cql_annotations.r1.Narrative</declaredType>
                  <scope>jakarta.xml.bind.JAXBElement$GlobalScope</scope>
                  <value>
                    <s>
                      <s>/*
 * Disaggregators
 */
 
</s>
                      <s>define </s>
                      <s>"Administrative Gender Stratifier"</s>
                      <s>:
	</s>
                    </s>
                  </value>
                  <nil>false</nil>
                  <globalScope>true</globalScope>
                  <typeSubstituted>false</typeSubstituted>
                </s>
                <s>
                  <name>{urn:hl7-org:cql-annotations:r1}s</name>
                  <declaredType>org.hl7.cql_annotations.r1.Narrative</declaredType>
                  <scope>jakarta.xml.bind.JAXBElement$GlobalScope</scope>
                  <value r="238">
                    <s>
                      <s>
                        <name>{urn:hl7-org:cql-annotations:r1}s</name>
                        <declaredType>org.hl7.cql_annotations.r1.Narrative</declaredType>
                        <scope>jakarta.xml.bind.JAXBElement$GlobalScope</scope>
                        <value r="5">
                          <s>
                            <s>
                              <name>{urn:hl7-org:cql-annotations:r1}s</name>
                              <declaredType>org.hl7.cql_annotations.r1.Narrative</declaredType>
                              <scope>jakarta.xml.bind.JAXBElement$GlobalScope</scope>
                              <value>
                                <s>
                                  <s>HIC</s>
                                </s>
                              </value>
                              <nil>false</nil>
                              <globalScope>true</globalScope>
                              <typeSubstituted>false</typeSubstituted>
                            </s>
                          </s>
                        </value>
                        <nil>false</nil>
                        <globalScope>true</globalScope>
                        <typeSubstituted>false</typeSubstituted>
                      </s>
                      <s>
                        <name>{urn:hl7-org:cql-annotations:r1}s</name>
                        <declaredType>org.hl7.cql_annotations.r1.Narrative</declaredType>
                        <scope>jakarta.xml.bind.JAXBElement$GlobalScope</scope>
                        <value>
                          <s>
                            <s>.</s>
                          </s>
                        </value>
                        <nil>false</nil>
                        <globalScope>true</globalScope>
                        <typeSubstituted>false</typeSubstituted>
                      </s>
                      <s>
                        <name>{urn:hl7-org:cql-annotations:r1}s</name>
                        <declaredType>org.hl7.cql_annotations.r1.Narrative</declaredType>
                        <scope>jakarta.xml.bind.JAXBElement$GlobalScope</scope>
                        <value r="238">
                          <s>
                            <s>
                              <name>{urn:hl7-org:cql-annotations:r1}s</name>
                              <declaredType>org.hl7.cql_annotations.r1.Narrative</declaredType>
                              <scope>jakarta.xml.bind.JAXBElement$GlobalScope</scope>
                              <value>
                                <s>
                                  <s>"By Administrative Gender Stratifier"</s>
                                </s>
                              </value>
                              <nil>false</nil>
                              <globalScope>true</globalScope>
                              <typeSubstituted>false</typeSubstituted>
                            </s>
                          </s>
                        </value>
                        <nil>false</nil>
                        <globalScope>true</globalScope>
                        <typeSubstituted>false</typeSubstituted>
                      </s>
                    </s>
                  </value>
                  <nil>false</nil>
                  <globalScope>true</globalScope>
                  <typeSubstituted>false</typeSubstituted>
                </s>
              </s>
            </wstxns16:s>
          </wstxns13:annotation>
        </wstxns13:annotation>
      </wstxns13:def>
      <wstxns13:def wstxns13:type="ExpressionDef" localId="240" locator="53:1-54:24" name="Age Stratifier" context="Unfiltered" accessLevel="Public">
        <wstxns13:expression wstxns13:type="ExpressionRef" localId="241" locator="54:2-54:24" name="By Age Stratifier" libraryName="HIC"/>
        <wstxns13:annotation>
          <wstxns13:annotation wstxns13:type="Annotation">
            <wstxns17:s xmlns:wstxns17="urn:hl7-org:cql-annotations:r1" r="240">
              <s>
                <s>
                  <name>{urn:hl7-org:cql-annotations:r1}s</name>
                  <declaredType>org.hl7.cql_annotations.r1.Narrative</declaredType>
                  <scope>jakarta.xml.bind.JAXBElement$GlobalScope</scope>
                  <value>
                    <s>
                      <s></s>
                      <s>define </s>
                      <s>"Age Stratifier"</s>
                      <s>:
	</s>
                    </s>
                  </value>
                  <nil>false</nil>
                  <globalScope>true</globalScope>
                  <typeSubstituted>false</typeSubstituted>
                </s>
                <s>
                  <name>{urn:hl7-org:cql-annotations:r1}s</name>
                  <declaredType>org.hl7.cql_annotations.r1.Narrative</declaredType>
                  <scope>jakarta.xml.bind.JAXBElement$GlobalScope</scope>
                  <value r="241">
                    <s>
                      <s>
                        <name>{urn:hl7-org:cql-annotations:r1}s</name>
                        <declaredType>org.hl7.cql_annotations.r1.Narrative</declaredType>
                        <scope>jakarta.xml.bind.JAXBElement$GlobalScope</scope>
                        <value r="6">
                          <s>
                            <s>
                              <name>{urn:hl7-org:cql-annotations:r1}s</name>
                              <declaredType>org.hl7.cql_annotations.r1.Narrative</declaredType>
                              <scope>jakarta.xml.bind.JAXBElement$GlobalScope</scope>
                              <value>
                                <s>
                                  <s>HIC</s>
                                </s>
                              </value>
                              <nil>false</nil>
                              <globalScope>true</globalScope>
                              <typeSubstituted>false</typeSubstituted>
                            </s>
                          </s>
                        </value>
                        <nil>false</nil>
                        <globalScope>true</globalScope>
                        <typeSubstituted>false</typeSubstituted>
                      </s>
                      <s>
                        <name>{urn:hl7-org:cql-annotations:r1}s</name>
                        <declaredType>org.hl7.cql_annotations.r1.Narrative</declaredType>
                        <scope>jakarta.xml.bind.JAXBElement$GlobalScope</scope>
                        <value>
                          <s>
                            <s>.</s>
                          </s>
                        </value>
                        <nil>false</nil>
                        <globalScope>true</globalScope>
                        <typeSubstituted>false</typeSubstituted>
                      </s>
                      <s>
                        <name>{urn:hl7-org:cql-annotations:r1}s</name>
                        <declaredType>org.hl7.cql_annotations.r1.Narrative</declaredType>
                        <scope>jakarta.xml.bind.JAXBElement$GlobalScope</scope>
                        <value r="241">
                          <s>
                            <s>
                              <name>{urn:hl7-org:cql-annotations:r1}s</name>
                              <declaredType>org.hl7.cql_annotations.r1.Narrative</declaredType>
                              <scope>jakarta.xml.bind.JAXBElement$GlobalScope</scope>
                              <value>
                                <s>
                                  <s>"By Age Stratifier"</s>
                                </s>
                              </value>
                              <nil>false</nil>
                              <globalScope>true</globalScope>
                              <typeSubstituted>false</typeSubstituted>
                            </s>
                          </s>
                        </value>
                        <nil>false</nil>
                        <globalScope>true</globalScope>
                        <typeSubstituted>false</typeSubstituted>
                      </s>
                    </s>
                  </value>
                  <nil>false</nil>
                  <globalScope>true</globalScope>
                  <typeSubstituted>false</typeSubstituted>
                </s>
              </s>
            </wstxns17:s>
          </wstxns13:annotation>
        </wstxns13:annotation>
      </wstxns13:def>
      <wstxns13:def wstxns13:type="ExpressionDef" localId="243" locator="56:1-57:38" name="Geographic Region Stratifier" context="Unfiltered" accessLevel="Public">
        <wstxns13:expression wstxns13:type="ExpressionRef" localId="244" locator="57:2-57:38" name="By Geographic Region Stratifier" libraryName="HIC"/>
        <wstxns13:annotation>
          <wstxns13:annotation wstxns13:type="Annotation">
            <wstxns18:s xmlns:wstxns18="urn:hl7-org:cql-annotations:r1" r="243">
              <s>
                <s>
                  <name>{urn:hl7-org:cql-annotations:r1}s</name>
                  <declaredType>org.hl7.cql_annotations.r1.Narrative</declaredType>
                  <scope>jakarta.xml.bind.JAXBElement$GlobalScope</scope>
                  <value>
                    <s>
                      <s></s>
                      <s>define </s>
                      <s>"Geographic Region Stratifier"</s>
                      <s>:
	</s>
                    </s>
                  </value>
                  <nil>false</nil>
                  <globalScope>true</globalScope>
                  <typeSubstituted>false</typeSubstituted>
                </s>
                <s>
                  <name>{urn:hl7-org:cql-annotations:r1}s</name>
                  <declaredType>org.hl7.cql_annotations.r1.Narrative</declaredType>
                  <scope>jakarta.xml.bind.JAXBElement$GlobalScope</scope>
                  <value r="244">
                    <s>
                      <s>
                        <name>{urn:hl7-org:cql-annotations:r1}s</name>
                        <declaredType>org.hl7.cql_annotations.r1.Narrative</declaredType>
                        <scope>jakarta.xml.bind.JAXBElement$GlobalScope</scope>
                        <value r="7">
                          <s>
                            <s>
                              <name>{urn:hl7-org:cql-annotations:r1}s</name>
                              <declaredType>org.hl7.cql_annotations.r1.Narrative</declaredType>
                              <scope>jakarta.xml.bind.JAXBElement$GlobalScope</scope>
                              <value>
                                <s>
                                  <s>HIC</s>
                                </s>
                              </value>
                              <nil>false</nil>
                              <globalScope>true</globalScope>
                              <typeSubstituted>false</typeSubstituted>
                            </s>
                          </s>
                        </value>
                        <nil>false</nil>
                        <globalScope>true</globalScope>
                        <typeSubstituted>false</typeSubstituted>
                      </s>
                      <s>
                        <name>{urn:hl7-org:cql-annotations:r1}s</name>
                        <declaredType>org.hl7.cql_annotations.r1.Narrative</declaredType>
                        <scope>jakarta.xml.bind.JAXBElement$GlobalScope</scope>
                        <value>
                          <s>
                            <s>.</s>
                          </s>
                        </value>
                        <nil>false</nil>
                        <globalScope>true</globalScope>
                        <typeSubstituted>false</typeSubstituted>
                      </s>
                      <s>
                        <name>{urn:hl7-org:cql-annotations:r1}s</name>
                        <declaredType>org.hl7.cql_annotations.r1.Narrative</declaredType>
                        <scope>jakarta.xml.bind.JAXBElement$GlobalScope</scope>
                        <value r="244">
                          <s>
                            <s>
                              <name>{urn:hl7-org:cql-annotations:r1}s</name>
                              <declaredType>org.hl7.cql_annotations.r1.Narrative</declaredType>
                              <scope>jakarta.xml.bind.JAXBElement$GlobalScope</scope>
                              <value>
                                <s>
                                  <s>"By Geographic Region Stratifier"</s>
                                </s>
                              </value>
                              <nil>false</nil>
                              <globalScope>true</globalScope>
                              <typeSubstituted>false</typeSubstituted>
                            </s>
                          </s>
                        </value>
                        <nil>false</nil>
                        <globalScope>true</globalScope>
                        <typeSubstituted>false</typeSubstituted>
                      </s>
                    </s>
                  </value>
                  <nil>false</nil>
                  <globalScope>true</globalScope>
                  <typeSubstituted>false</typeSubstituted>
                </s>
              </s>
            </wstxns18:s>
          </wstxns13:annotation>
        </wstxns13:annotation>
      </wstxns13:def>
      <wstxns13:def wstxns13:type="ExpressionDef" localId="246" locator="59:1-60:22" name="patientGroups Stratifier" context="Unfiltered" accessLevel="Public">
        <wstxns13:expression wstxns13:type="ExpressionRef" localId="247" locator="60:2-60:22" name="patientGroups_3" libraryName="HIC"/>
        <wstxns13:annotation>
          <wstxns13:annotation wstxns13:type="Annotation">
            <wstxns19:s xmlns:wstxns19="urn:hl7-org:cql-annotations:r1" r="246">
              <s>
                <s>
                  <name>{urn:hl7-org:cql-annotations:r1}s</name>
                  <declaredType>org.hl7.cql_annotations.r1.Narrative</declaredType>
                  <scope>jakarta.xml.bind.JAXBElement$GlobalScope</scope>
                  <value>
                    <s>
                      <s></s>
                      <s>define </s>
                      <s>"patientGroups Stratifier"</s>
                      <s>:
	</s>
                    </s>
                  </value>
                  <nil>false</nil>
                  <globalScope>true</globalScope>
                  <typeSubstituted>false</typeSubstituted>
                </s>
                <s>
                  <name>{urn:hl7-org:cql-annotations:r1}s</name>
                  <declaredType>org.hl7.cql_annotations.r1.Narrative</declaredType>
                  <scope>jakarta.xml.bind.JAXBElement$GlobalScope</scope>
                  <value r="247">
                    <s>
                      <s>
                        <name>{urn:hl7-org:cql-annotations:r1}s</name>
                        <declaredType>org.hl7.cql_annotations.r1.Narrative</declaredType>
                        <scope>jakarta.xml.bind.JAXBElement$GlobalScope</scope>
                        <value r="8">
                          <s>
                            <s>
                              <name>{urn:hl7-org:cql-annotations:r1}s</name>
                              <declaredType>org.hl7.cql_annotations.r1.Narrative</declaredType>
                              <scope>jakarta.xml.bind.JAXBElement$GlobalScope</scope>
                              <value>
                                <s>
                                  <s>HIC</s>
                                </s>
                              </value>
                              <nil>false</nil>
                              <globalScope>true</globalScope>
                              <typeSubstituted>false</typeSubstituted>
                            </s>
                          </s>
                        </value>
                        <nil>false</nil>
                        <globalScope>true</globalScope>
                        <typeSubstituted>false</typeSubstituted>
                      </s>
                      <s>
                        <name>{urn:hl7-org:cql-annotations:r1}s</name>
                        <declaredType>org.hl7.cql_annotations.r1.Narrative</declaredType>
                        <scope>jakarta.xml.bind.JAXBElement$GlobalScope</scope>
                        <value>
                          <s>
                            <s>.</s>
                          </s>
                        </value>
                        <nil>false</nil>
                        <globalScope>true</globalScope>
                        <typeSubstituted>false</typeSubstituted>
                      </s>
                      <s>
                        <name>{urn:hl7-org:cql-annotations:r1}s</name>
                        <declaredType>org.hl7.cql_annotations.r1.Narrative</declaredType>
                        <scope>jakarta.xml.bind.JAXBElement$GlobalScope</scope>
                        <value r="247">
                          <s>
                            <s>
                              <name>{urn:hl7-org:cql-annotations:r1}s</name>
                              <declaredType>org.hl7.cql_annotations.r1.Narrative</declaredType>
                              <scope>jakarta.xml.bind.JAXBElement$GlobalScope</scope>
                              <value>
                                <s>
                                  <s>"patientGroups_3"</s>
                                </s>
                              </value>
                              <nil>false</nil>
                              <globalScope>true</globalScope>
                              <typeSubstituted>false</typeSubstituted>
                            </s>
                          </s>
                        </value>
                        <nil>false</nil>
                        <globalScope>true</globalScope>
                        <typeSubstituted>false</typeSubstituted>
                      </s>
                    </s>
                  </value>
                  <nil>false</nil>
                  <globalScope>true</globalScope>
                  <typeSubstituted>false</typeSubstituted>
                </s>
              </s>
            </wstxns19:s>
          </wstxns13:annotation>
        </wstxns13:annotation>
      </wstxns13:def>
    </wstxns13:def>
  </wstxns13:statements>
  <wstxns20:annotation xmlns:wstxns20="urn:hl7-org:elm:r1">
    <wstxns20:annotation wstxns20:type="CqlToElmInfo" translatorVersion="3.6.0" translatorOptions="EnableAnnotations,EnableLocators,DisableListDemotion,DisableListPromotion" signatureLevel="None"/>
    <wstxns20:annotation wstxns20:type="Annotation">
      <wstxns21:s xmlns:wstxns21="urn:hl7-org:cql-annotations:r1" r="246">
        <s>
          <s>
            <name>{urn:hl7-org:cql-annotations:r1}s</name>
            <declaredType>org.hl7.cql_annotations.r1.Narrative</declaredType>
            <scope>jakarta.xml.bind.JAXBElement$GlobalScope</scope>
            <value>
              <s>
                <s>/*
HIV.IND.19
HTS test volume and positivity
Number of HIV tests performed (volume) and the % of HIV-positive results returned to people (positivity)

NUMERATOR
COUNT of tests with "HIV test result"='HIV-positive' AND (("Date HIV test results returned" in the reporting period) OR ("HIV diagnosis date" in the reporting period))
Exclude Self-testing

DENOMINATOR
COUNT of tests with "HIV test date" AND "Date HIV test results returned" in the reporting period
Exclude Self-testing

• Gender (female, male, other**)
• Age (0–4, 5–9, 10–14, 15–19, 20–24, 25–29, 30–34, 35–39, 40–44, 45–49, 50+ years)**
• Key populations (men who have sex with men, people living in prisons and other closed settings, people who inject drugs, sex workers, trans and gender diverse people)***
• TB status (presumptive TB, diagnosed TB, none)
• Testing entry point:
- Facility-level testing: Provider-initiated testing and counselling in clinics or emergency facilities, ANC clinics (including labour and delivery), voluntary counselling and testing (within a health facility setting), family planning clinics (only in high HIV burden settings), TB clinics, other facility-level testing
- Community-level testing: Mobile testing (for example, through vans or temporary testing facilities), voluntary counselling and testing centres (not within a health facility setting), other community-based testing.
• Cities and other administrative regions of epidemiologic importance

*/

</s>
                <s>library HIVIND19</s>
              </s>
            </value>
            <nil>false</nil>
            <globalScope>true</globalScope>
            <typeSubstituted>false</typeSubstituted>
          </s>
        </s>
      </wstxns21:s>
    </wstxns20:annotation>
  </wstxns20:annotation>
</Library>
