<?xml version="1.0" encoding="UTF-8"?>

<PlanDefinition xmlns="http://hl7.org/fhir">
  <id value="HIVE12DT"/>
  <text>
    <status value="generated"/><div xmlns="http://www.w3.org/1999/xhtml"><p><b>Generated Narrative: PlanDefinition</b><a name="HIVE12DT"> </a><a name="hcHIVE12DT"> </a></p><div style="display: inline-block; background-color: #d9e0e7; padding: 6px; margin: 4px; border: 1px solid #8da1b4; border-radius: 5px; line-height: 60%"><p style="margin-bottom: 0px">Resource PlanDefinition &quot;HIVE12DT&quot; </p></div><p><b>url</b>: <code>http://fhir.org/guides/who/anc-cds/PlanDefinition/HIVE12DT</code></p><p><b>identifier</b>: HIV.E12.DT (use: official)</p><p><b>version</b>: 0.3.0</p><p><b>name</b>: HIVE12DT</p><p><b>title</b>: HIV.E12.DT</p><p><b>type</b>: ECA Rule <span style="background: LightGoldenRodYellow; margin: 4px; border: 1px solid khaki"> (<a href="http://terminology.hl7.org/5.5.0/CodeSystem-plan-definition-type.html">PlanDefinitionType</a>#eca-rule)</span></p><p><b>status</b>: active</p><p><b>experimental</b>: false</p><p><b>date</b>: 2024-03-26 13:56:57+0300</p><p><b>publisher</b>: World Health Organization (WHO) </p><p><b>contact</b>: <a href="https://www.who.int">https://www.who.int</a></p><p><b>description</b>: Managing indeterminate test results: standard operating procedure</p><h3>UseContexts</h3><table class="grid"><tr><td style="display: none">-</td><td><b>Code</b></td><td><b>Value[x]</b></td></tr><tr><td style="display: none">*</td><td>Workflow Task (Details: http://terminology.hl7.org/CodeSystem/usage-context-type code task = 'Workflow Task', stated as 'Workflow Task')</td><td>Test infant using HIV testing algorithm, HIV.F8 Test infant/child for HIV using HIV testing algorithm <span style="background: LightGoldenRodYellow; margin: 4px; border: 1px solid khaki"> (activity-codes#HIV.E12)</span></td></tr></table><p><b>jurisdiction</b>: Global (Whole world) <span style="background: LightGoldenRodYellow; margin: 4px; border: 1px solid khaki"> (m49.htm#001)</span></p><p><b>library</b>: <a href="http://fhir.org/guides/who/anc-cds/Library/HIVE12DT">http://fhir.org/guides/who/anc-cds/Library/HIVE12DT</a></p><blockquote><p><b>action</b></p><p><b>title</b>: HIV.E12.DT</p><h3>Triggers</h3><table class="grid"><tr><td style="display: none">-</td><td><b>Type</b></td><td><b>Name</b></td></tr><tr><td style="display: none">*</td><td>named-event</td><td>HIV.E12 Test infant using HIV testing algorithm, HIV.F8 Test infant/child for HIV using HIV testing algorithm</td></tr></table><blockquote><p><b>action</b></p><blockquote><p><b>id</b></p>1</blockquote><p><b>title</b>: Report as HIV-negative. Manage in accordance with current guidance. Set &quot;HIV test result&quot;='HIV-negative'.</p><p><b>description</b>: Report as HIV-negative. Manage in accordance with current guidance. Set &quot;HIV test result&quot;='HIV-negative'.</p><blockquote><p><b>documentation</b></p></blockquote><blockquote><p><b>condition</b></p></blockquote><blockquote><p><b>action</b></p></blockquote><blockquote><p><b>action</b></p></blockquote></blockquote><blockquote><p><b>action</b></p><blockquote><p><b>id</b></p>2</blockquote><p><b>title</b>: Perform &quot;EID test number&quot;='EID test number 2' using EID sample no. 1</p><p><b>description</b>: Perform &quot;EID test number&quot;='EID test number 2' using EID sample no. 1</p><blockquote><p><b>documentation</b></p></blockquote><blockquote><p><b>condition</b></p></blockquote><blockquote><p><b>action</b></p></blockquote><blockquote><p><b>action</b></p></blockquote></blockquote><blockquote><p><b>action</b></p><blockquote><p><b>id</b></p>3</blockquote><p><b>title</b>: Report as HIV-positive. Manage in accordance with current guidance. Set &quot;HIV test result&quot;='HIV-positive'.</p><p><b>description</b>: Report as HIV-positive. Manage in accordance with current guidance. Set &quot;HIV test result&quot;='HIV-positive'.</p><blockquote><p><b>documentation</b></p></blockquote><blockquote><p><b>condition</b></p></blockquote><blockquote><p><b>action</b></p></blockquote><blockquote><p><b>action</b></p></blockquote></blockquote><blockquote><p><b>action</b></p><blockquote><p><b>id</b></p>4</blockquote><p><b>title</b>: Report as HIV-negative.  Manage in accordance with current guidance. Set &quot;HIV test result&quot;='HIV-negative'.</p><p><b>description</b>: Report as HIV-negative.  Manage in accordance with current guidance. Set &quot;HIV test result&quot;='HIV-negative'.</p><blockquote><p><b>documentation</b></p></blockquote><blockquote><p><b>condition</b></p></blockquote><blockquote><p><b>action</b></p></blockquote><blockquote><p><b>action</b></p></blockquote></blockquote><blockquote><p><b>action</b></p><blockquote><p><b>id</b></p>5</blockquote><p><b>title</b>: Report as HIV-inconclusive. Request a new sample within four weeks. Repeat samples should be given priority.  Do not report as positive or initiate ART but maintain prophylaxis in accordance with current guidance. Conduct further review by a clinical and laboratory team.Set &quot;HIV test result&quot;='HIV-inconclusive'</p><p><b>description</b>: Report as HIV-inconclusive. Request a new sample within four weeks. Repeat samples should be given priority.  Do not report as positive or initiate ART but maintain prophylaxis in accordance with current guidance. Conduct further review by a clinical and laboratory team.Set &quot;HIV test result&quot;='HIV-inconclusive'</p><blockquote><p><b>documentation</b></p></blockquote><blockquote><p><b>condition</b></p></blockquote><blockquote><p><b>action</b></p></blockquote><blockquote><p><b>action</b></p></blockquote></blockquote><blockquote><p><b>action</b></p><blockquote><p><b>id</b></p>6</blockquote><p><b>title</b>: Report as HIV-positive. Manage in according with current guidance.  Set &quot;HIV test result&quot;='HIV-positive'.</p><p><b>description</b>: Report as HIV-positive. Manage in according with current guidance.  Set &quot;HIV test result&quot;='HIV-positive'.</p><blockquote><p><b>documentation</b></p></blockquote><blockquote><p><b>condition</b></p></blockquote><blockquote><p><b>action</b></p></blockquote><blockquote><p><b>action</b></p></blockquote></blockquote></blockquote></div>
  </text>
  <url value="http://fhir.org/guides/who/anc-cds/PlanDefinition/HIVE12DT"/>
  <identifier>
    <use value="official"/>
    <value value="HIV.E12.DT"/>
  </identifier>
  <version value="0.3.0"/>
  <name value="HIVE12DT"/>
  <title value="HIV.E12.DT"/>
  <type>
    <coding>
      <system value="http://terminology.hl7.org/CodeSystem/plan-definition-type"/>
      <code value="eca-rule"/>
    </coding>
  </type>
  <status value="active"/>
  <experimental value="false"/>
  <date value="2024-03-26T13:56:57+03:00"/>
  <publisher value="World Health Organization (WHO) "/>
  <contact>
    <telecom>
      <system value="url"/>
      <value value="https://www.who.int"/>
    </telecom>
  </contact>
  <description value="Managing indeterminate test results: standard operating procedure"/>
  <useContext>
    <code>
      <system value="http://terminology.hl7.org/CodeSystem/usage-context-type"/>
      <code value="task"/>
      <display value="Workflow Task"/>
    </code>
    <valueCodeableConcept>
      <coding>
        <system value="http://fhir.org/guides/who/anc-cds/CodeSystem/activity-codes"/>
        <code value="HIV.E12"/>
        <display value="Test infant using HIV testing algorithm, HIV.F8 Test infant/child for HIV using HIV testing algorithm"/>
      </coding>
    </valueCodeableConcept>
  </useContext>
  <jurisdiction>
    <coding>
      <system value="http://unstats.un.org/unsd/methods/m49/m49.htm"/>
      <code value="001"/>
    </coding>
  </jurisdiction>
  <library value="http://fhir.org/guides/who/anc-cds/Library/HIVE12DT"/>
  <action>
    <title value="HIV.E12.DT"/>
    <trigger>
      <type value="named-event"/>
      <name value="HIV.E12 Test infant using HIV testing algorithm, HIV.F8 Test infant/child for HIV using HIV testing algorithm"/>
    </trigger>
    <action id="1">
      <title value="Report as HIV-negative. Manage in accordance with current guidance. Set &quot;HIV test result&quot;='HIV-negative'."/>
      <description value="Report as HIV-negative. Manage in accordance with current guidance. Set &quot;HIV test result&quot;='HIV-negative'."/>
      <documentation>
        <type value="citation"/>
        <label value="Consolidated guidelines on HIV prevention, testing, treatment, service delivery and monitoring: recommendations for a public health approach (2021); Fig. 2.8 Managing indeterminate test results: standard operating procedure."/>
      </documentation>
      <condition>
        <kind value="applicability"/>
        <expression>
          <description value="(HIV.E12.DT.01)&#xA;  AND (&quot;EID sample number&quot;='EID sample 1')&#xA;  AND (&quot;EID test number&quot;='EID test number 1')&#xA;  AND (&quot;EID test number 1 test result&quot;='Negative')&#xA;  AND (-)"/>
          <language value="text/cql-identifier"/>
          <expression value="Should Report as HIV-negative. Manage in accordance with current guidance. Set \&quot;HIV test result\&quot;='HIV-negative'."/>
        </expression>
      </condition>
      <action>
        <title value="Report as HIV-negative. Manage in accordance with current guidance. Set &quot;HIV test result&quot;='HIV-negative'."/>
      </action>
      <action>
        <title value="Report as HIV-negative. Manage in accordance with current guidance. Please refer to chapter 3 (Consolidated guidelines on HIV prevention, testing, treatment, service delivery and monitoring: recommendations for a public health approach (2021)) for further details on postnatal package of care.  "/>
      </action>
    </action>
    <action id="2">
      <title value="Perform &quot;EID test number&quot;='EID test number 2' using EID sample no. 1"/>
      <description value="Perform &quot;EID test number&quot;='EID test number 2' using EID sample no. 1"/>
      <documentation>
        <type value="citation"/>
        <label value="Consolidated guidelines on HIV prevention, testing, treatment, service delivery and monitoring: recommendations for a public health approach (2021); Fig. 2.8 Managing indeterminate test results: standard operating procedure."/>
      </documentation>
      <condition>
        <kind value="applicability"/>
        <expression>
          <description value="(HIV.E12.DT.02)&#xA;  AND (&quot;EID sample number&quot;='EID sample 1')&#xA;  AND (&quot;EID test number&quot;='EID test number 1')&#xA;  AND (&quot;EID test number 1 test result&quot;='Indeterminate')&#xA;  AND (-)"/>
          <language value="text/cql-identifier"/>
          <expression value="Should Perform \&quot;EID test number\&quot;='EID test number 2' using EID sample no. 1"/>
        </expression>
      </condition>
      <action>
        <title value="Perform &quot;EID test number&quot;='EID test number 2' using EID sample no. 1"/>
      </action>
      <action>
        <title value="Perform test no. 2 using EID sample no. 1. All indeterminate tests should be repeat tested on the same specimen, if and when available. If the same specimen cannot be repeat tested, then a new specimen should be requested and tested as quickly as possible."/>
      </action>
    </action>
    <action id="3">
      <title value="Report as HIV-positive. Manage in accordance with current guidance. Set &quot;HIV test result&quot;='HIV-positive'."/>
      <description value="Report as HIV-positive. Manage in accordance with current guidance. Set &quot;HIV test result&quot;='HIV-positive'."/>
      <documentation>
        <type value="citation"/>
        <label value="Consolidated guidelines on HIV prevention, testing, treatment, service delivery and monitoring: recommendations for a public health approach (2021); Fig. 2.8 Managing indeterminate test results: standard operating procedure."/>
      </documentation>
      <condition>
        <kind value="applicability"/>
        <expression>
          <description value="(HIV.E12.DT.03)&#xA;  AND (&quot;EID sample number&quot;='EID sample 1')&#xA;  AND (&quot;EID test number&quot;='EID test number 1')&#xA;  AND (&quot;EID test number 1 test result&quot;='Positive')&#xA;  AND (-)"/>
          <language value="text/cql-identifier"/>
          <expression value="Should Report as HIV-positive. Manage in accordance with current guidance. Set \&quot;HIV test result\&quot;='HIV-positive'."/>
        </expression>
      </condition>
      <action>
        <title value="Report as HIV-positive. Manage in accordance with current guidance. Set &quot;HIV test result&quot;='HIV-positive'."/>
      </action>
      <action>
        <title value="Report as HIV-positive. Manage in accordance with current guidance. Please refer to chapter 3 (Consolidated guidelines on HIV prevention, testing, treatment, service delivery and monitoring: recommendations for a public health approach (2021)) for further details on postnatal package of care.  "/>
      </action>
    </action>
    <action id="4">
      <title value="Report as HIV-negative.  Manage in accordance with current guidance. Set &quot;HIV test result&quot;='HIV-negative'."/>
      <description value="Report as HIV-negative.  Manage in accordance with current guidance. Set &quot;HIV test result&quot;='HIV-negative'."/>
      <documentation>
        <type value="citation"/>
        <label value="Consolidated guidelines on HIV prevention, testing, treatment, service delivery and monitoring: recommendations for a public health approach (2021); Fig. 2.8 Managing indeterminate test results: standard operating procedure."/>
      </documentation>
      <condition>
        <kind value="applicability"/>
        <expression>
          <description value="(HIV.E12.DT.04)&#xA;  AND (&quot;EID sample number&quot;='EID sample 1')&#xA;  AND (&quot;EID test number&quot;='EID test number 2')&#xA;  AND (&quot;EID test number 1 test result&quot;='Indeterminate')&#xA;  AND (&quot;EID test number 2 test result&quot;='Negative')"/>
          <language value="text/cql-identifier"/>
          <expression value="Should Report as HIV-negative.  Manage in accordance with current guidance. Set \&quot;HIV test result\&quot;='HIV-negative'."/>
        </expression>
      </condition>
      <action>
        <title value="Report as HIV-negative.  Manage in accordance with current guidance. Set &quot;HIV test result&quot;='HIV-negative'."/>
      </action>
      <action>
        <title value="Report as HIV-negative. Manage in accordance with current guidance.  Please refer to chapter 3 (Consolidated guidelines on HIV prevention, testing, treatment, service delivery and monitoring: recommendations for a public health approach (2021)) for further details on postnatal package of care.  "/>
      </action>
    </action>
    <action id="5">
      <title value="Report as HIV-inconclusive. Request a new sample within four weeks. Repeat samples should be given priority.  Do not report as positive or initiate ART but maintain prophylaxis in accordance with current guidance. Conduct further review by a clinical and laboratory team.Set &quot;HIV test result&quot;='HIV-inconclusive'"/>
      <description value="Report as HIV-inconclusive. Request a new sample within four weeks. Repeat samples should be given priority.  Do not report as positive or initiate ART but maintain prophylaxis in accordance with current guidance. Conduct further review by a clinical and laboratory team.Set &quot;HIV test result&quot;='HIV-inconclusive'"/>
      <documentation>
        <type value="citation"/>
        <label value="Consolidated guidelines on HIV prevention, testing, treatment, service delivery and monitoring: recommendations for a public health approach (2021); Fig. 2.8 Managing indeterminate test results: standard operating procedure."/>
      </documentation>
      <condition>
        <kind value="applicability"/>
        <expression>
          <description value="(HIV.E12.DT.05)&#xA;  AND (&quot;EID sample number&quot;='EID sample 1')&#xA;  AND (&quot;EID test number&quot;='EID test number 2')&#xA;  AND (&quot;EID test number 1 test result&quot;='Indeterminate')&#xA;  AND (&quot;EID test number 2 test result&quot;='Indeterminate')"/>
          <language value="text/cql-identifier"/>
          <expression value="Should Report as HIV-inconclusive. Request a new sample within four weeks. Repeat samples should be given priority.  Do not report as positive or initiate ART but maintain prophylaxis in accordance with current guidance. Conduct further review by a clinical and laboratory team.Set \&quot;HIV test result\&quot;='HIV-inconclusive'"/>
        </expression>
      </condition>
      <action>
        <title value="Report as HIV-inconclusive. Request a new sample within four weeks. Repeat samples should be given priority.  Do not report as positive or initiate ART but maintain prophylaxis in accordance with current guidance. Conduct further review by a clinical and laboratory team.Set &quot;HIV test result&quot;='HIV-inconclusive'"/>
      </action>
      <action>
        <title value="Report as HIV-inconclusive. For specimens with two indeterminate test results, a new sample should be requested. For infants repeatedly testing indeterminate, it is suggested that a team of experts review clinical and test information to determine the best follow-up care.Request a new sample within 4 weeks.  Do not report as positive or initiate ART but maintain prophylaxis in accordance with current guidance.Further review by a clinical and laboratory team.A team of laboratories, clinicians or paediatricians, complex case experts (if possible) and caregivers should review repeated indeterminate results in two separate samples together with clinical information. Infants should be actively tracked to ensure follow-up and retention."/>
      </action>
    </action>
    <action id="6">
      <title value="Report as HIV-positive. Manage in according with current guidance.  Set &quot;HIV test result&quot;='HIV-positive'."/>
      <description value="Report as HIV-positive. Manage in according with current guidance.  Set &quot;HIV test result&quot;='HIV-positive'."/>
      <documentation>
        <type value="citation"/>
        <label value="Consolidated guidelines on HIV prevention, testing, treatment, service delivery and monitoring: recommendations for a public health approach (2021); Fig. 2.8 Managing indeterminate test results: standard operating procedure."/>
      </documentation>
      <condition>
        <kind value="applicability"/>
        <expression>
          <description value="(HIV.E12.DT.06)&#xA;  AND (&quot;EID sample number&quot;='EID sample 1')&#xA;  AND (&quot;EID test number&quot;='EID test number 2')&#xA;  AND (&quot;EID test number 1 test result&quot;='Indeterminate')&#xA;  AND (&quot;EID test number 2 test result&quot;='Positive')"/>
          <language value="text/cql-identifier"/>
          <expression value="Should Report as HIV-positive. Manage in according with current guidance.  Set \&quot;HIV test result\&quot;='HIV-positive'."/>
        </expression>
      </condition>
      <action>
        <title value="Report as HIV-positive. Manage in according with current guidance.  Set &quot;HIV test result&quot;='HIV-positive'."/>
      </action>
      <action>
        <title value="Report as HIV-positive.  Manage in accordance with current guidance. Please refer to chapter 3 (Consolidated guidelines on HIV prevention, testing, treatment, service delivery and monitoring: recommendations for a public health approach (2021)) for further details on postnatal package of care.  "/>
      </action>
    </action>
  </action>
</PlanDefinition>