<?xml version="1.0" encoding="UTF-8"?>

<PlanDefinition xmlns="http://hl7.org/fhir">
  <id value="HIVB7DT"/>
  <text>
    <status value="generated"/><div xmlns="http://www.w3.org/1999/xhtml"><p><b>Generated Narrative: PlanDefinition</b><a name="HIVB7DT"> </a><a name="hcHIVB7DT"> </a></p><div style="display: inline-block; background-color: #d9e0e7; padding: 6px; margin: 4px; border: 1px solid #8da1b4; border-radius: 5px; line-height: 60%"><p style="margin-bottom: 0px">ResourcePlanDefinition &quot;HIVB7DT&quot; </p></div><p><b>url</b>: <code>http://fhir.org/guides/who/anc-cds/PlanDefinition/HIVB7DT</code></p><p><b>identifier</b>: HIV.B7.DT (use: official)</p><p><b>version</b>: 0.3.0</p><p><b>name</b>: HIVB7DT</p><p><b>title</b>: HIV.B7.DT</p><p><b>type</b>: ECA Rule <span style="background: LightGoldenRodYellow; margin: 4px; border: 1px solid khaki"> (<a href="http://terminology.hl7.org/5.5.0/CodeSystem-plan-definition-type.html">PlanDefinitionType</a>#eca-rule)</span></p><p><b>status</b>: active</p><p><b>experimental</b>: false</p><p><b>date</b>: 2024-03-26 13:56:57+0300</p><p><b>publisher</b>: World Health Organization (WHO) </p><p><b>contact</b>: <a href="https://www.who.int">https://www.who.int</a></p><p><b>description</b>: WHO standard testing strategy for HIV-1 diagnosis (among people ≥18 months of age)</p><h3>UseContexts</h3><table class="grid"><tr><td style="display: none">-</td><td><b>Code</b></td><td><b>Value[x]</b></td></tr><tr><td style="display: none">*</td><td>Workflow Task (Details: UsageContextType code task = 'Workflow Task', stated as 'Workflow Task')</td><td>Test for HIV using testing algorithm, HIV.C4 Test for HIV using testing algorithm, HIV.D.11 Retest using HIV strategy <span style="background: LightGoldenRodYellow; margin: 4px; border: 1px solid khaki"> (activity-codes#HIV.B7)</span></td></tr></table><p><b>jurisdiction</b>: Global (Whole world) <span style="background: LightGoldenRodYellow; margin: 4px; border: 1px solid khaki"> (m49.htm#001)</span></p><p><b>library</b>: <a href="http://fhir.org/guides/who/anc-cds/Library/HIVB7DT">http://fhir.org/guides/who/anc-cds/Library/HIVB7DT</a></p><blockquote><p><b>action</b></p><p><b>title</b>: HIV.B7.DT</p><h3>Triggers</h3><table class="grid"><tr><td style="display: none">-</td><td><b>Type</b></td><td><b>Name</b></td></tr><tr><td style="display: none">*</td><td>named-event</td><td>HIV.B7 Test for HIV using testing algorithm, HIV.C4 Test for HIV using testing algorithm, HIV.D.11 Retest using HIV strategy</td></tr></table><blockquote><p><b>action</b></p><blockquote><p><b>id</b></p>1</blockquote><p><b>title</b>: Report as HIV-negative.  Set &quot;HIV test result&quot;='HIV-negative'</p><p><b>description</b>: Report as HIV-negative.  Set &quot;HIV test result&quot;='HIV-negative'</p><blockquote><p><b>documentation</b></p></blockquote><blockquote><p><b>condition</b></p></blockquote><blockquote><p><b>action</b></p></blockquote><blockquote><p><b>action</b></p></blockquote></blockquote><blockquote><p><b>action</b></p><blockquote><p><b>id</b></p>2</blockquote><p><b>title</b>: Continue with performing HIV 'Assay 2'</p><p><b>description</b>: Continue with performing HIV 'Assay 2'</p><blockquote><p><b>documentation</b></p></blockquote><blockquote><p><b>condition</b></p></blockquote><blockquote><p><b>action</b></p></blockquote><blockquote><p><b>action</b></p></blockquote></blockquote><blockquote><p><b>action</b></p><blockquote><p><b>id</b></p>3</blockquote><p><b>title</b>: Continue with performing HIV 'Assay 1 repeated'</p><p><b>description</b>: Continue with performing HIV 'Assay 1 repeated'</p><blockquote><p><b>documentation</b></p></blockquote><blockquote><p><b>condition</b></p></blockquote><blockquote><p><b>action</b></p></blockquote><blockquote><p><b>action</b></p></blockquote></blockquote><blockquote><p><b>action</b></p><blockquote><p><b>id</b></p>4</blockquote><p><b>title</b>: Continue with performing HIV 'Assay 3'</p><p><b>description</b>: Continue with performing HIV 'Assay 3'</p><blockquote><p><b>documentation</b></p></blockquote><blockquote><p><b>condition</b></p></blockquote><blockquote><p><b>action</b></p></blockquote><blockquote><p><b>action</b></p></blockquote></blockquote><blockquote><p><b>action</b></p><blockquote><p><b>id</b></p>5</blockquote><p><b>title</b>: Report as HIV negative.  Set &quot;HIV test result&quot;='HIV-negative'</p><p><b>description</b>: Report as HIV negative.  Set &quot;HIV test result&quot;='HIV-negative'</p><blockquote><p><b>documentation</b></p></blockquote><blockquote><p><b>condition</b></p></blockquote><blockquote><p><b>action</b></p></blockquote><blockquote><p><b>action</b></p></blockquote></blockquote><blockquote><p><b>action</b></p><blockquote><p><b>id</b></p>6</blockquote><p><b>title</b>: Report as HIV-inconclusiveSchedule retest date on &quot;Visit date&quot; + 14 daysSet &quot;HIV test result&quot;='HIV-inconclusive'</p><p><b>description</b>: Report as HIV-inconclusiveSchedule retest date on &quot;Visit date&quot; + 14 daysSet &quot;HIV test result&quot;='HIV-inconclusive'</p><blockquote><p><b>documentation</b></p></blockquote><blockquote><p><b>condition</b></p></blockquote><blockquote><p><b>action</b></p></blockquote><blockquote><p><b>action</b></p></blockquote></blockquote><blockquote><p><b>action</b></p><blockquote><p><b>id</b></p>7</blockquote><p><b>title</b>: Report HIV-inconclusiveSchedule retest date on &quot;Visit date&quot;+ 14 daysSet &quot;HIV test result&quot;='HIV-inconclusive'</p><p><b>description</b>: Report HIV-inconclusiveSchedule retest date on &quot;Visit date&quot;+ 14 daysSet &quot;HIV test result&quot;='HIV-inconclusive'</p><blockquote><p><b>documentation</b></p></blockquote><blockquote><p><b>condition</b></p></blockquote><blockquote><p><b>action</b></p></blockquote><blockquote><p><b>action</b></p></blockquote></blockquote><blockquote><p><b>action</b></p><blockquote><p><b>id</b></p>8</blockquote><p><b>title</b>: Report as HIV-positive. Set &quot;HIV test result&quot;='HIV-positive'</p><p><b>description</b>: Report as HIV-positive. Set &quot;HIV test result&quot;='HIV-positive'</p><blockquote><p><b>documentation</b></p></blockquote><blockquote><p><b>condition</b></p></blockquote><blockquote><p><b>action</b></p></blockquote><blockquote><p><b>action</b></p></blockquote></blockquote></blockquote></div>
  </text>
  <url value="http://fhir.org/guides/who/anc-cds/PlanDefinition/HIVB7DT"/>
  <identifier>
    <use value="official"/>
    <value value="HIV.B7.DT"/>
  </identifier>
  <version value="0.3.0"/>
  <name value="HIVB7DT"/>
  <title value="HIV.B7.DT"/>
  <type>
    <coding>
      <system value="http://terminology.hl7.org/CodeSystem/plan-definition-type"/>
      <code value="eca-rule"/>
    </coding>
  </type>
  <status value="active"/>
  <experimental value="false"/>
  <date value="2024-03-26T13:56:57+03:00"/>
  <publisher value="World Health Organization (WHO) "/>
  <contact>
    <telecom>
      <system value="url"/>
      <value value="https://www.who.int"/>
    </telecom>
  </contact>
  <description value="WHO standard testing strategy for HIV-1 diagnosis (among people ≥18 months of age)"/>
  <useContext>
    <code>
      <system value="http://terminology.hl7.org/CodeSystem/usage-context-type"/>
      <code value="task"/>
      <display value="Workflow Task"/>
    </code>
    <valueCodeableConcept>
      <coding>
        <system value="http://fhir.org/guides/who/anc-cds/CodeSystem/activity-codes"/>
        <code value="HIV.B7"/>
        <display value="Test for HIV using testing algorithm, HIV.C4 Test for HIV using testing algorithm, HIV.D.11 Retest using HIV strategy"/>
      </coding>
    </valueCodeableConcept>
  </useContext>
  <jurisdiction>
    <coding>
      <system value="http://unstats.un.org/unsd/methods/m49/m49.htm"/>
      <code value="001"/>
    </coding>
  </jurisdiction>
  <library value="http://fhir.org/guides/who/anc-cds/Library/HIVB7DT"/>
  <action>
    <title value="HIV.B7.DT"/>
    <trigger>
      <type value="named-event"/>
      <name value="HIV.B7 Test for HIV using testing algorithm, HIV.C4 Test for HIV using testing algorithm, HIV.D.11 Retest using HIV strategy"/>
    </trigger>
    <action id="1">
      <title value="Report as HIV-negative.  Set &quot;HIV test result&quot;='HIV-negative'"/>
      <description value="Report as HIV-negative.  Set &quot;HIV test result&quot;='HIV-negative'"/>
      <documentation>
        <type value="citation"/>
        <label value="Consolidated Guidelines on HIV Testing Services (2019): &#xA;Fig. 8.3. WHO standard testing strategy for HIV-1 diagnosis (among people ≥18 months of age). Fig. 2. WHO universal HIV testing strategy. "/>
      </documentation>
      <condition>
        <kind value="applicability"/>
        <expression>
          <description value="(HIV.B7.DT.01)&#xA;  AND (&quot;Assay number in testing strategy&quot;='Assay 1')&#xA;  AND (&quot;HIV test type&quot; IN 'Rapid diagnostic test for HIV', 'Enzyme immunoassay for HIV')&#xA;  AND (&quot;Test result of HIV assay 1&quot;='Non-reactive')&#xA;  AND (-)&#xA;  AND (-)&#xA;  AND (-)&#xA;  AND (-)&#xA;  AND (-)"/>
          <language value="text/cql-identifier"/>
          <expression value="Should Report as HIV-negative.  Set \&quot;HIV test result\&quot;='HIV-negative'"/>
        </expression>
      </condition>
      <action>
        <title value="Report as HIV-negative.  Set &quot;HIV test result&quot;='HIV-negative'"/>
      </action>
      <action>
        <title value="Report as HIV-negative.  All individuals are tested on Assay 1 (A1). Anyone with a non-reactive test result (A1−) is reported as HIV-negative."/>
      </action>
    </action>
    <action id="2">
      <title value="Continue with performing HIV 'Assay 2'"/>
      <description value="Continue with performing HIV 'Assay 2'"/>
      <documentation>
        <type value="citation"/>
        <label value="Consolidated Guidelines on HIV Testing Services (2019): &#xA;Fig. 8.3. WHO standard testing strategy for HIV-1 diagnosis (among people ≥18 months of age). Fig. 2. WHO universal HIV testing strategy. "/>
      </documentation>
      <condition>
        <kind value="applicability"/>
        <expression>
          <description value="(HIV.B7.DT.02)&#xA;  AND (&quot;Assay number in testing strategy&quot;='Assay 1')&#xA;  AND (&quot;HIV test type&quot; IN 'Rapid diagnostic test for HIV', 'Enzyme immunoassay for HIV')&#xA;  AND (&quot;Test result of HIV assay 1&quot;='Reactive')&#xA;  AND (-)&#xA;  AND (-)&#xA;  AND (-)&#xA;  AND (-)&#xA;  AND (-)"/>
          <language value="text/cql-identifier"/>
          <expression value="Should Continue with performing HIV 'Assay 2'"/>
        </expression>
      </condition>
      <action>
        <title value="Continue with performing HIV 'Assay 2'"/>
      </action>
      <action>
        <title value="Continue with performing HIV 'Assay 2'All individuals are tested on Assay 1 (A1).Individuals who are reactive on Assay 1 (A1+) should then be tested on a separate and distinct Assay 2 (A2)."/>
      </action>
    </action>
    <action id="3">
      <title value="Continue with performing HIV 'Assay 1 repeated'"/>
      <description value="Continue with performing HIV 'Assay 1 repeated'"/>
      <documentation>
        <type value="citation"/>
        <label value="Consolidated Guidelines on HIV Testing Services (2019): &#xA;Fig. 8.3. WHO standard testing strategy for HIV-1 diagnosis (among people ≥18 months of age). Fig. 2. WHO universal HIV testing strategy. "/>
      </documentation>
      <condition>
        <kind value="applicability"/>
        <expression>
          <description value="(HIV.B7.DT.03)&#xA;  AND (&quot;Assay number in testing strategy&quot;='Assay 2')&#xA;  AND (&quot;HIV test type&quot; IN 'Rapid diagnostic test for HIV', 'Enzyme immunoassay for HIV')&#xA;  AND (&quot;Test result of HIV assay 1&quot;='Reactive')&#xA;  AND (&quot;Test result of HIV assay 2&quot;='Non-reactive')&#xA;  AND (-)&#xA;  AND (-)&#xA;  AND (-)&#xA;  AND (-)"/>
          <language value="text/cql-identifier"/>
          <expression value="Should Continue with performing HIV 'Assay 1 repeated'"/>
        </expression>
      </condition>
      <action>
        <title value="Continue with performing HIV 'Assay 1 repeated'"/>
      </action>
      <action>
        <title value="Continue with performing HIV 'Assay 1 repeated'Individuals who are reactive on Assay 1 but non-reactive on Assay 2 (A1+; A2−) should be repeated on Assay 1. In the event of discrepant test results (A1+; A2−), it is important to repeat Assay 1. Repeating Assay 1 will determine if the individual is repeatedly reactive on the assay that has the highest sensitivity"/>
      </action>
    </action>
    <action id="4">
      <title value="Continue with performing HIV 'Assay 3'"/>
      <description value="Continue with performing HIV 'Assay 3'"/>
      <documentation>
        <type value="citation"/>
        <label value="Consolidated Guidelines on HIV Testing Services (2019): &#xA;Fig. 8.3. WHO standard testing strategy for HIV-1 diagnosis (among people ≥18 months of age). Fig. 2. WHO universal HIV testing strategy. "/>
      </documentation>
      <condition>
        <kind value="applicability"/>
        <expression>
          <description value="(HIV.B7.DT.04)&#xA;  AND (&quot;Assay number in testing strategy&quot;='Assay 2')&#xA;  AND (&quot;HIV test type&quot; IN 'Rapid diagnostic test for HIV', 'Enzyme immunoassay for HIV')&#xA;  AND (&quot;Test result of HIV assay 1&quot;='Reactive')&#xA;  AND (&quot;Test result of HIV assay 2&quot;='Reactive')&#xA;  AND (-)&#xA;  AND (-)&#xA;  AND (-)&#xA;  AND (-)"/>
          <language value="text/cql-identifier"/>
          <expression value="Should Continue with performing HIV 'Assay 3'"/>
        </expression>
      </condition>
      <action>
        <title value="Continue with performing HIV 'Assay 3'"/>
      </action>
      <action>
        <title value="Continue with performing HIV 'Assay 3'Individuals who are reactive on both Assay 1 and Assay 2 (A1+; A2+) should then be tested on a separate and distinct Assay 3 (A3)."/>
      </action>
    </action>
    <action id="5">
      <title value="Report as HIV negative.  Set &quot;HIV test result&quot;='HIV-negative'"/>
      <description value="Report as HIV negative.  Set &quot;HIV test result&quot;='HIV-negative'"/>
      <documentation>
        <type value="citation"/>
        <label value="Consolidated Guidelines on HIV Testing Services (2019): &#xA;Fig. 8.3. WHO standard testing strategy for HIV-1 diagnosis (among people ≥18 months of age). Fig. 2. WHO universal HIV testing strategy. "/>
      </documentation>
      <condition>
        <kind value="applicability"/>
        <expression>
          <description value="(HIV.B7.DT.05)&#xA;  AND (&quot;Assay number in testing strategy&quot;='Assay 1 repeated')&#xA;  AND (&quot;HIV test type&quot; IN 'Rapid diagnostic test for HIV', 'Enzyme immunoassay for HIV')&#xA;  AND (&quot;Test result of HIV assay 1&quot;='Reactive')&#xA;  AND (&quot;Test result of HIV assay 2&quot;='Non-reactive')&#xA;  AND (&quot;Test result of HIV assay 1 repeated&quot;='Non-reactive')&#xA;  AND (-)&#xA;  AND (-)&#xA;  AND (-)"/>
          <language value="text/cql-identifier"/>
          <expression value="Should Report as HIV negative.  Set \&quot;HIV test result\&quot;='HIV-negative'"/>
        </expression>
      </condition>
      <action>
        <title value="Report as HIV negative.  Set &quot;HIV test result&quot;='HIV-negative'"/>
      </action>
      <action>
        <title value="Report as HIV negative.  If repeat Assay 1 is non-reactive (A1+; A2−; repeat A1–), the status should be reported as HIV negative."/>
      </action>
    </action>
    <action id="6">
      <title value="Report as HIV-inconclusiveSchedule retest date on &quot;Visit date&quot; + 14 daysSet &quot;HIV test result&quot;='HIV-inconclusive'"/>
      <description value="Report as HIV-inconclusiveSchedule retest date on &quot;Visit date&quot; + 14 daysSet &quot;HIV test result&quot;='HIV-inconclusive'"/>
      <documentation>
        <type value="citation"/>
        <label value="Consolidated Guidelines on HIV Testing Services (2019): &#xA;Fig. 8.3. WHO standard testing strategy for HIV-1 diagnosis (among people ≥18 months of age). Fig. 2. WHO universal HIV testing strategy. "/>
      </documentation>
      <condition>
        <kind value="applicability"/>
        <expression>
          <description value="(HIV.B7.DT.06)&#xA;  AND (&quot;Assay number in testing strategy&quot;='Assay 1 repeated')&#xA;  AND (&quot;HIV test type&quot; IN 'Rapid diagnostic test for HIV', 'Enzyme immunoassay for HIV')&#xA;  AND (&quot;Test result of HIV assay 1&quot;='Reactive')&#xA;  AND (&quot;Test result of HIV assay 2&quot;='Non-reactive')&#xA;  AND (&quot;Test result of HIV assay 1 repeated&quot;='Reactive')&#xA;  AND (-)&#xA;  AND (-)&#xA;  AND (-)"/>
          <language value="text/cql-identifier"/>
          <expression value="Should Report as HIV-inconclusiveSchedule retest date on \&quot;Visit date\&quot; + 14 daysSet \&quot;HIV test result\&quot;='HIV-inconclusive'"/>
        </expression>
      </condition>
      <action>
        <title value="Report as HIV-inconclusiveSchedule retest date on &quot;Visit date&quot; + 14 daysSet &quot;HIV test result&quot;='HIV-inconclusive'"/>
      </action>
      <action>
        <title value="Report as HIV-inconclusive; retest in 14 days.  If repeat Assay 1 is reactive (A1+; A2–; repeat A1+), the status should be reported as HIV-inconclusive, and the individual asked to return in 14 days for additional testing."/>
      </action>
    </action>
    <action id="7">
      <title value="Report HIV-inconclusiveSchedule retest date on &quot;Visit date&quot;+ 14 daysSet &quot;HIV test result&quot;='HIV-inconclusive'"/>
      <description value="Report HIV-inconclusiveSchedule retest date on &quot;Visit date&quot;+ 14 daysSet &quot;HIV test result&quot;='HIV-inconclusive'"/>
      <documentation>
        <type value="citation"/>
        <label value="Consolidated Guidelines on HIV Testing Services (2019): &#xA;Fig. 8.3. WHO standard testing strategy for HIV-1 diagnosis (among people ≥18 months of age). Fig. 2. WHO universal HIV testing strategy. "/>
      </documentation>
      <condition>
        <kind value="applicability"/>
        <expression>
          <description value="(HIV.B7.DT.07)&#xA;  AND (&quot;Assay number in testing strategy&quot;='Assay 3')&#xA;  AND (&quot;HIV test type&quot; IN 'Rapid diagnostic test for HIV', 'Enzyme immunoassay for HIV')&#xA;  AND (&quot;Test result of HIV assay 1&quot;='Reactive')&#xA;  AND (&quot;Test result of HIV assay 2&quot;='Reactive')&#xA;  AND (-)&#xA;  AND (&quot;Test result of HIV assay 3&quot;='Non-reactive')&#xA;  AND (-)&#xA;  AND (-)"/>
          <language value="text/cql-identifier"/>
          <expression value="Should Report HIV-inconclusiveSchedule retest date on \&quot;Visit date\&quot;+ 14 daysSet \&quot;HIV test result\&quot;='HIV-inconclusive'"/>
        </expression>
      </condition>
      <action>
        <title value="Report HIV-inconclusiveSchedule retest date on &quot;Visit date&quot;+ 14 daysSet &quot;HIV test result&quot;='HIV-inconclusive'"/>
      </action>
      <action>
        <title value="Report HIV-inconclusive; retest in 14 days.  Report HIV-inconclusive if Assay 3 is non-reactive (A1+; A2+; A3−). The individual should be asked to return in 14 days for additional testing."/>
      </action>
    </action>
    <action id="8">
      <title value="Report as HIV-positive. Set &quot;HIV test result&quot;='HIV-positive'"/>
      <description value="Report as HIV-positive. Set &quot;HIV test result&quot;='HIV-positive'"/>
      <documentation>
        <type value="citation"/>
        <label value="Consolidated Guidelines on HIV Testing Services (2019): &#xA;Fig. 8.3. WHO standard testing strategy for HIV-1 diagnosis (among people ≥18 months of age). Fig. 2. WHO universal HIV testing strategy. "/>
      </documentation>
      <condition>
        <kind value="applicability"/>
        <expression>
          <description value="(HIV.B7.DT.08)&#xA;  AND (&quot;Assay number in testing strategy&quot;='Assay 3')&#xA;  AND (&quot;HIV test type&quot; IN 'Rapid diagnostic test for HIV', 'Enzyme immunoassay for HIV')&#xA;  AND (&quot;Test result of HIV assay 1&quot;='Reactive')&#xA;  AND (&quot;Test result of HIV assay 2&quot;='Reactive')&#xA;  AND (-)&#xA;  AND (&quot;Test result of HIV assay 3&quot;='Reactive')&#xA;  AND (-)&#xA;  AND (-)"/>
          <language value="text/cql-identifier"/>
          <expression value="Should Report as HIV-positive. Set \&quot;HIV test result\&quot;='HIV-positive'"/>
        </expression>
      </condition>
      <action>
        <title value="Report as HIV-positive. Set &quot;HIV test result&quot;='HIV-positive'"/>
      </action>
      <action>
        <title value="Report as HIV-positive. Report as HIV-positive if Assay 3 is reactive (A1+; A2+; A3+)."/>
      </action>
    </action>
  </action>
</PlanDefinition>