<?xml version="1.0" encoding="UTF-8"?>

<PlanDefinition xmlns="http://hl7.org/fhir">
  <id value="HIVB2DT"/>
  <text>
    <status value="generated"/><div xmlns="http://www.w3.org/1999/xhtml"><p><b>Generated Narrative: PlanDefinition </b><a name="HIVB2DT"> </a><a name="hcHIVB2DT"> </a></p><div style="display: inline-block; background-color: #d9e0e7; padding: 6px; margin: 4px; border: 1px solid #8da1b4; border-radius: 5px; line-height: 60%"><p style="margin-bottom: 0px">ResourcePlanDefinition &quot;HIVB2DT&quot; </p></div><p><b>url</b>: <code>http://fhir.org/guides/who/anc-cds/PlanDefinition/HIVB2DT</code></p><p><b>identifier</b>: HIV.B2.DT (use: official)</p><p><b>version</b>: 0.3.0</p><p><b>name</b>: HIVB2DT</p><p><b>title</b>: HIV.B2.DT</p><p><b>type</b>: ECA Rule <span style="background: LightGoldenRodYellow; margin: 4px; border: 1px solid khaki"> (<a href="http://terminology.hl7.org/5.5.0/CodeSystem-plan-definition-type.html">PlanDefinitionType</a>#eca-rule)</span></p><p><b>status</b>: active</p><p><b>experimental</b>: false</p><p><b>date</b>: 2024-03-26 13:56:57+0300</p><p><b>publisher</b>: World Health Organization (WHO) </p><p><b>contact</b>: <a href="https://www.who.int">https://www.who.int</a></p><p><b>description</b>: Check for signs of serious illness</p><h3>UseContexts</h3><table class="grid"><tr><td style="display: none">-</td><td><b>Code</b></td><td><b>Value[x]</b></td></tr><tr><td style="display: none">*</td><td>Workflow Task (Details: UsageContextType code task  = ' Workflow Task ', stated as ' Workflow Task ')</td><td>Check for signs of serious illness, HIV.D3 Check for signs of serious illness <span style="background: LightGoldenRodYellow; margin: 4px; border: 1px solid khaki"> (activity-codes#HIV.B2)</span></td></tr></table><p><b>jurisdiction</b>: Global (Whole world) <span style="background: LightGoldenRodYellow; margin: 4px; border: 1px solid khaki"> (m49.htm#001)</span></p><p><b>library</b>: <a href="http://fhir.org/guides/who/anc-cds/Library/HIVB2DT">http://fhir.org/guides/who/anc-cds/Library/HIVB2DT</a></p><blockquote><p><b>action</b></p><p><b>title</b>: HIV.B2.DT</p><h3>Triggers</h3><table class="grid"><tr><td style="display: none">-</td><td><b>Type</b></td><td><b>Name</b></td></tr><tr><td style="display: none">*</td><td>named-event</td><td>HIV.B2 Check for signs of serious illness, HIV.D3 Check for signs of serious illness</td></tr></table><blockquote><p><b>action</b></p><blockquote><p><b>id</b></p>1</blockquote><p><b>title</b>: Immediately take action or refer for care if a client is having this issue.</p><p><b>description</b>: Immediately take action or refer for care if a client is having this issue.</p><blockquote><p><b>documentation</b></p></blockquote><blockquote><p><b>condition</b></p></blockquote><blockquote><p><b>action</b></p></blockquote><blockquote><p><b>action</b></p></blockquote></blockquote><blockquote><p><b>action</b></p><blockquote><p><b>id</b></p>2</blockquote><p><b>title</b>: Immediately take action or refer for care if client is showing this sign of a serious illness.</p><p><b>description</b>: Immediately take action or refer for care if client is showing this sign of a serious illness.</p><blockquote><p><b>documentation</b></p></blockquote><blockquote><p><b>condition</b></p></blockquote><blockquote><p><b>action</b></p></blockquote><blockquote><p><b>action</b></p></blockquote></blockquote><blockquote><p><b>action</b></p><blockquote><p><b>id</b></p>3</blockquote><p><b>title</b>: Use clinical judgement and consider local epidemiology to determine if symptoms suggest client is seriously ill. </p><p><b>description</b>: Use clinical judgement and consider local epidemiology to determine if symptoms suggest client is seriously ill. </p><blockquote><p><b>documentation</b></p></blockquote><blockquote><p><b>condition</b></p></blockquote><blockquote><p><b>action</b></p></blockquote><blockquote><p><b>action</b></p></blockquote></blockquote><blockquote><p><b>action</b></p><blockquote><p><b>id</b></p>4</blockquote><p><b>title</b>: Immediately take action or refer for care if client is showing this sign of a serious illness.</p><p><b>description</b>: Immediately take action or refer for care if client is showing this sign of a serious illness. 2</p><blockquote><p><b>documentation</b></p></blockquote><blockquote><p><b>condition</b></p></blockquote><blockquote><p><b>action</b></p></blockquote><blockquote><p><b>action</b></p></blockquote></blockquote><blockquote><p><b>action</b></p><blockquote><p><b>id</b></p>5</blockquote><p><b>title</b>: Use clinical judgement and consider local epidemiology to determine if symptoms suggest client is seriously ill. </p><p><b>description</b>: Use clinical judgement and consider local epidemiology to determine if symptoms suggest client is seriously ill.  2</p><blockquote><p><b>documentation</b></p></blockquote><blockquote><p><b>condition</b></p></blockquote><blockquote><p><b>action</b></p></blockquote><blockquote><p><b>action</b></p></blockquote></blockquote></blockquote></div>
  </text>
  <url value="http://fhir.org/guides/who/anc-cds/PlanDefinition/HIVB2DT"/>
  <identifier>
    <use value="official"/>
    <value value="HIV.B2.DT"/>
  </identifier>
  <version value="0.3.0"/>
  <name value="HIVB2DT"/>
  <title value="HIV.B2.DT"/>
  <type>
    <coding>
      <system value="http://terminology.hl7.org/CodeSystem/plan-definition-type"/>
      <code value="eca-rule"/>
    </coding>
  </type>
  <status value="active"/>
  <experimental value="false"/>
  <date value="2024-03-26T13:56:57+03:00"/>
  <publisher value="World Health Organization (WHO) "/>
  <contact>
    <telecom>
      <system value="url"/>
      <value value="https://www.who.int"/>
    </telecom>
  </contact>
  <description value="Check for signs of serious illness"/>
  <useContext>
    <code>
      <system value="http://terminology.hl7.org/CodeSystem/usage-context-type"/>
      <code value="task"/>
      <display value="Workflow Task"/>
    </code>
    <valueCodeableConcept>
      <coding>
        <system value="http://fhir.org/guides/who/anc-cds/CodeSystem/activity-codes"/>
        <code value="HIV.B2"/>
        <display value="Check for signs of serious illness, HIV.D3 Check for signs of serious illness"/>
      </coding>
    </valueCodeableConcept>
  </useContext>
  <jurisdiction>
    <coding>
      <system value="http://unstats.un.org/unsd/methods/m49/m49.htm"/>
      <code value="001"/>
    </coding>
  </jurisdiction>
  <library value="http://fhir.org/guides/who/anc-cds/Library/HIVB2DT"/>
  <action>
    <title value="HIV.B2.DT"/>
    <trigger>
      <type value="named-event"/>
      <name value="HIV.B2 Check for signs of serious illness, HIV.D3 Check for signs of serious illness"/>
    </trigger>
    <action id="1">
      <title value="Immediately take action or refer for care if a client is having this issue."/>
      <description value="Immediately take action or refer for care if a client is having this issue."/>
      <documentation>
        <type value="citation"/>
        <label value="Consolidated guidelines on HIV prevention, testing, treatment, service delivery and monitoring: recommendations for a public health approach (2021) Chapter 5: Advanced HIV Disease. Figure 5.1: Algorithm for providing a package of care for people with advanced HIV disease.  "/>
      </documentation>
      <condition>
        <kind value="applicability"/>
        <expression>
          <description value="(HIV.B2.DT.01)&#xA;  AND ( &quot;Age&quot; ≥ 10 years)&#xA;  AND (&quot;Signs of serious illness&quot;='Tachycardia')&#xA;  AND (-)"/>
          <language value="text/cql-identifier"/>
          <expression value="Should Immediately take action or refer for care if a client is having this issue."/>
        </expression>
      </condition>
      <action>
        <title value="Immediately take action or refer for care if a client is having this issue."/>
      </action>
      <action>
        <title value="Immediately take action or refer for care if a client is having this issue."/>
      </action>
    </action>
    <action id="2">
      <title value="Immediately take action or refer for care if client is showing this sign of a serious illness."/>
      <description value="Immediately take action or refer for care if client is showing this sign of a serious illness."/>
      <documentation>
        <type value="citation"/>
        <label value="Consolidated guidelines on HIV prevention, testing, treatment, service delivery and monitoring: recommendations for a public health approach (2021) Chapter 5: Advanced HIV Disease. Figure 5.1: Algorithm for providing a package of care for people with advanced HIV disease.  "/>
      </documentation>
      <condition>
        <kind value="applicability"/>
        <expression>
          <description value="((HIV.B2.DT.02)&#xA;  AND ( &quot;Age&quot; ≥ 10 years)&#xA;  AND (&quot;Signs of serious illness&quot;='Tachypnea')&#xA;  AND (-))&#xA;  OR ((HIV.B2.DT.03)&#xA;  AND ( &quot;Age&quot; ≥ 10 years)&#xA;  AND (&quot;Signs of serious illness&quot;='Unable to walk unaided')&#xA;  AND (-))"/>
          <language value="text/cql-identifier"/>
          <expression value="Should Immediately take action or refer for care if client is showing this sign of a serious illness."/>
        </expression>
      </condition>
      <action>
        <title value="Immediately take action or refer for care if client is showing this sign of a serious illness."/>
      </action>
      <action>
        <title value="Immediately take action or refer for care if client is showing this sign of a serious illness."/>
      </action>
    </action>
    <action id="3">
      <title value="Use clinical judgement and consider local epidemiology to determine if symptoms suggest client is seriously ill. "/>
      <description value="Use clinical judgement and consider local epidemiology to determine if symptoms suggest client is seriously ill. "/>
      <documentation>
        <type value="citation"/>
        <label value="Consolidated guidelines on HIV prevention, testing, treatment, service delivery and monitoring: recommendations for a public health approach (2021) Chapter 5: Advanced HIV Disease. Figure 5.1: Algorithm for providing a package of care for people with advanced HIV disease.  "/>
      </documentation>
      <condition>
        <kind value="applicability"/>
        <expression>
          <description value="((HIV.B2.DT.04)&#xA;  AND ( &quot;Age&quot; ≥ 10 years)&#xA;  AND (&quot;Signs of serious illness&quot;='Fever of 39 °C or greater')&#xA;  AND (-))&#xA;  OR ((HIV.B2.DT.05)&#xA;  AND ( &quot;Age&quot; ≥ 10 years)&#xA;  AND (&quot;Signs of serious illness&quot;='Other sign of serious illness')&#xA;  AND (-))"/>
          <language value="text/cql-identifier"/>
          <expression value="Should Use clinical judgement and consider local epidemiology to determine if symptoms suggest client is seriously ill. "/>
        </expression>
      </condition>
      <action>
        <title value="Use clinical judgement and consider local epidemiology to determine if symptoms suggest client is seriously ill. "/>
      </action>
      <action>
        <title value="Use clinical judgement and consider local epidemiology to determine if symptoms suggest client is seriously ill. "/>
      </action>
    </action>
    <action id="4">
      <title value="Immediately take action or refer for care if client is showing this sign of a serious illness."/>
      <description value="Immediately take action or refer for care if client is showing this sign of a serious illness. 2"/>
      <documentation>
        <type value="citation"/>
        <label value="Consolidated guidelines on HIV prevention, testing, treatment, service delivery and monitoring: recommendations for a public health approach (2021) Chapter 5: Advanced HIV Disease. Figure 5.1: Algorithm for providing a package of care for people with advanced HIV disease.  "/>
      </documentation>
      <condition>
        <kind value="applicability"/>
        <expression>
          <description value="((((((HIV.B2.DT.06)&#xA;  AND ( &quot;Age&quot; &lt; 10 years)&#xA;  AND (&quot;Signs of serious illness&quot;='Lethargy')&#xA;  AND (-))&#xA;  OR ((HIV.B2.DT.07)&#xA;  AND ( &quot;Age&quot; &lt; 10 years)&#xA;  AND (&quot;Signs of serious illness&quot;='Unconsciousness')&#xA;  AND (-)))&#xA;  OR ((HIV.B2.DT.08)&#xA;  AND ( &quot;Age&quot; &lt; 10 years)&#xA;  AND (&quot;Signs of serious illness&quot;='Convulsions')&#xA;  AND (-)))&#xA;  OR ((HIV.B2.DT.09)&#xA;  AND ( &quot;Age&quot; &lt; 10 years)&#xA;  AND (&quot;Signs of serious illness&quot;='Unable to breastfeed')&#xA;  AND (-)))&#xA;  OR ((HIV.B2.DT.10)&#xA;  AND ( &quot;Age&quot; &lt; 10 years)&#xA;  AND (&quot;Signs of serious illness&quot;='Unable to drink')&#xA;  AND (-)))&#xA;  OR ((HIV.B2.DT.11)&#xA;  AND ( &quot;Age&quot; &lt; 10 years)&#xA;  AND (&quot;Signs of serious illness&quot;='Repeated vomiting')&#xA;  AND (-))"/>
          <language value="text/cql-identifier"/>
          <expression value="Should Immediately take action or refer for care if client is showing this sign of a serious illness. 2"/>
        </expression>
      </condition>
      <action>
        <title value="Immediately take action or refer for care if client is showing this sign of a serious illness."/>
      </action>
      <action>
        <title value="This is a sign and/or symptom of a serious health condition. Immediately take action or refer for care if client is showing this sign of a serious illness."/>
      </action>
    </action>
    <action id="5">
      <title value="Use clinical judgement and consider local epidemiology to determine if symptoms suggest client is seriously ill. "/>
      <description value="Use clinical judgement and consider local epidemiology to determine if symptoms suggest client is seriously ill.  2"/>
      <documentation>
        <type value="citation"/>
        <label value="Consolidated guidelines on HIV prevention, testing, treatment, service delivery and monitoring: recommendations for a public health approach (2021) Chapter 5: Advanced HIV Disease. Figure 5.1: Algorithm for providing a package of care for people with advanced HIV disease.  "/>
      </documentation>
      <condition>
        <kind value="applicability"/>
        <expression>
          <description value="(((HIV.B2.DT.12)&#xA;  AND ( &quot;Age&quot; &lt; 10 years)&#xA;  AND (&quot;Signs of serious illness&quot;='Tachycardia')&#xA;  AND ( &quot;Body temperature&quot;≥ 39 °C))&#xA;  OR ((HIV.B2.DT.13)&#xA;  AND ( &quot;Age&quot; &lt; 10 years)&#xA;  AND (&quot;Signs of serious illness&quot;='Tachypnea')&#xA;  AND (&quot;Body temperature&quot; ≥ 39 °C)))&#xA;  OR ((HIV.B2.DT.14)&#xA;  AND ( &quot;Age&quot; &lt; 10 years)&#xA;  AND (&quot;Signs of serious illness&quot;='Other sign of serious illness')&#xA;  AND (-))"/>
          <language value="text/cql-identifier"/>
          <expression value="Should Use clinical judgement and consider local epidemiology to determine if symptoms suggest client is seriously ill.  2"/>
        </expression>
      </condition>
      <action>
        <title value="Use clinical judgement and consider local epidemiology to determine if symptoms suggest client is seriously ill. "/>
      </action>
      <action>
        <title value="Use clinical judgement and consider local epidemiology to determine if symptoms suggest client is seriously ill. "/>
      </action>
    </action>
  </action>
</PlanDefinition>