<?xml version="1.0" encoding="UTF-8"?>

<PlanDefinition xmlns="http://hl7.org/fhir">
  <id value="HIVE4DT"/>
  <text>
    <status value="generated"/><div xmlns="http://www.w3.org/1999/xhtml"><p><b>Generated Narrative: PlanDefinition</b><a name="HIVE4DT"> </a><a name="hcHIVE4DT"> </a></p><div style="display: inline-block; background-color: #d9e0e7; padding: 6px; margin: 4px; border: 1px solid #8da1b4; border-radius: 5px; line-height: 60%"><p style="margin-bottom: 0px">ResourcePlanDefinition &quot;HIVE4DT&quot; </p></div><p><b>url</b>: <code>http://fhir.org/guides/who/anc-cds/PlanDefinition/HIVE4DT</code></p><p><b>identifier</b>: HIV.E4.DT (use: official)</p><p><b>version</b>: 0.3.0</p><p><b>name</b>: HIVE4DT</p><p><b>title</b>: HIV.E4.DT</p><p><b>type</b>: ECA Rule <span style="background: LightGoldenRodYellow; margin: 4px; border: 1px solid khaki"> (<a href="http://terminology.hl7.org/5.5.0/CodeSystem-plan-definition-type.html">PlanDefinitionType</a>#eca-rule)</span></p><p><b>status</b>: active</p><p><b>experimental</b>: false</p><p><b>date</b>: 2024-03-26 13:56:57+0300</p><p><b>publisher</b>: World Health Organization (WHO) </p><p><b>contact</b>: <a href="https://www.who.int">https://www.who.int</a></p><p><b>description</b>: Test [mother] for HIV using testing algorithm (in ANC settings)</p><h3>UseContexts</h3><table class="grid"><tr><td style="display: none">-</td><td><b>Code</b></td><td><b>Value[x]</b></td></tr><tr><td style="display: none">*</td><td>Workflow Task (Details: UsageContextType code task = 'Workflow Task', stated as 'Workflow Task')</td><td>Test mother for HIV using testing algorithm <span style="background: LightGoldenRodYellow; margin: 4px; border: 1px solid khaki"> (activity-codes#HIV.E4)</span></td></tr></table><p><b>jurisdiction</b>: Global (Whole world) <span style="background: LightGoldenRodYellow; margin: 4px; border: 1px solid khaki"> (m49.htm#001)</span></p><p><b>library</b>: <a href="http://fhir.org/guides/who/anc-cds/Library/HIVE4DT">http://fhir.org/guides/who/anc-cds/Library/HIVE4DT</a></p><blockquote><p><b>action</b></p><p><b>title</b>: HIV.E4.DT</p><h3>Triggers</h3><table class="grid"><tr><td style="display: none">-</td><td><b>Type</b></td><td><b>Name</b></td></tr><tr><td style="display: none">*</td><td>named-event</td><td>HIV.E4 Test mother for HIV using testing algorithm</td></tr></table><blockquote><p><b>action</b></p><blockquote><p><b>id</b></p>1</blockquote><p><b>title</b>: Report syphilis diagnosis of negative.Report HIV test result of HIV negativeSet &quot;HIV test result&quot;='HIV-negative'Set &quot;Syphilis test result&quot;='Syphilis negative'</p><p><b>description</b>: Report syphilis diagnosis of negative.Report HIV test result of HIV negativeSet &quot;HIV test result&quot;='HIV-negative'Set &quot;Syphilis test result&quot;='Syphilis negative'</p><blockquote><p><b>documentation</b></p></blockquote><blockquote><p><b>condition</b></p></blockquote><blockquote><p><b>action</b></p></blockquote><blockquote><p><b>action</b></p></blockquote></blockquote><blockquote><p><b>action</b></p><blockquote><p><b>id</b></p>2</blockquote><p><b>title</b>: Report as HIV-negativeReport syphilis-positive indicative of either current or past/ resolved infectionPerform syphilis counselling and treatment or referSet &quot;HIV test result&quot;='HIV-negative'Set &quot;Syphilis test result&quot;='Syphilis positive'</p><p><b>description</b>: Report as HIV-negativeReport syphilis-positive indicative of either current or past/ resolved infectionPerform syphilis counselling and treatment or referSet &quot;HIV test result&quot;='HIV-negative'Set &quot;Syphilis test result&quot;='Syphilis positive'</p><blockquote><p><b>documentation</b></p></blockquote><blockquote><p><b>condition</b></p></blockquote><blockquote><p><b>action</b></p></blockquote><blockquote><p><b>action</b></p></blockquote></blockquote><blockquote><p><b>action</b></p><blockquote><p><b>id</b></p>3</blockquote><p><b>title</b>: Continue to perform HIV Assay 2using &quot;HIV test type&quot;='Rapid diagnostic test for HIV'</p><p><b>description</b>: Continue to perform HIV Assay 2using &quot;HIV test type&quot;='Rapid diagnostic test for HIV'</p><blockquote><p><b>documentation</b></p></blockquote><blockquote><p><b>condition</b></p></blockquote><blockquote><p><b>action</b></p></blockquote><blockquote><p><b>action</b></p></blockquote></blockquote><blockquote><p><b>action</b></p><blockquote><p><b>id</b></p>4</blockquote><p><b>title</b>: Report as syphilis positiveContinue to perform HIV Assay 2using &quot;HIV test type&quot;='Rapid diagnostic test for HIV'Set &quot;Syphilis test result&quot;='Syphilis positive'Syphilis counselling and treatment = TRUE</p><p><b>description</b>: Report as syphilis positiveContinue to perform HIV Assay 2using &quot;HIV test type&quot;='Rapid diagnostic test for HIV'Set &quot;Syphilis test result&quot;='Syphilis positive'Syphilis counselling and treatment = TRUE</p><blockquote><p><b>documentation</b></p></blockquote><blockquote><p><b>condition</b></p></blockquote><blockquote><p><b>action</b></p></blockquote><blockquote><p><b>action</b></p></blockquote></blockquote><blockquote><p><b>action</b></p><blockquote><p><b>id</b></p>5</blockquote><p><b>title</b>: Continue to perform HIV 'Assay 1 repeated'using &quot;HIV test type&quot;='Dual HIV/syphilis rapid diagnostic test'</p><p><b>description</b>: Continue to perform HIV 'Assay 1 repeated'using &quot;HIV test type&quot;='Dual HIV/syphilis rapid diagnostic test'</p><blockquote><p><b>documentation</b></p></blockquote><blockquote><p><b>condition</b></p></blockquote><blockquote><p><b>action</b></p></blockquote><blockquote><p><b>action</b></p></blockquote></blockquote><blockquote><p><b>action</b></p><blockquote><p><b>id</b></p>6</blockquote><p><b>title</b>: Continue to perform HIV 'Assay 3'using &quot;HIV test type&quot;='Rapid diagnostic test for HIV'</p><p><b>description</b>: Continue to perform HIV 'Assay 3'using &quot;HIV test type&quot;='Rapid diagnostic test for HIV'</p><p><b>textEquivalent</b>: A negative syphilis test result should have already been recorded.</p><blockquote><p><b>documentation</b></p></blockquote><blockquote><p><b>condition</b></p></blockquote><blockquote><p><b>action</b></p></blockquote><blockquote><p><b>action</b></p></blockquote></blockquote><blockquote><p><b>action</b></p><blockquote><p><b>id</b></p>7</blockquote><p><b>title</b>: Continue to perform HIV 'Assay 3'using &quot;HIV test type&quot;='Rapid diagnostic test for HIV'</p><p><b>description</b>: Continue to perform HIV 'Assay 3'using &quot;HIV test type&quot;='Rapid diagnostic test for HIV' 2</p><p><b>textEquivalent</b>: A positive syphilis test result should have already been recorded.</p><blockquote><p><b>documentation</b></p></blockquote><blockquote><p><b>condition</b></p></blockquote><blockquote><p><b>action</b></p></blockquote><blockquote><p><b>action</b></p></blockquote></blockquote><blockquote><p><b>action</b></p><blockquote><p><b>id</b></p>8</blockquote><p><b>title</b>: Report as HIV-inconclusiveSchedule follow-up testing visit in 14 daysReport as syphilis negativeSet &quot;HIV test result&quot;='HIV-inconclusive'Schedule retest on &quot;Visit date&quot; + 14 daysSet &quot;Syphilis test result&quot;='Syphilis negative'</p><p><b>description</b>: Report as HIV-inconclusiveSchedule follow-up testing visit in 14 daysReport as syphilis negativeSet &quot;HIV test result&quot;='HIV-inconclusive'Schedule retest on &quot;Visit date&quot; + 14 daysSet &quot;Syphilis test result&quot;='Syphilis negative'</p><p><b>textEquivalent</b>: A positive syphilis test result should have already been recorded.</p><blockquote><p><b>documentation</b></p></blockquote><blockquote><p><b>condition</b></p></blockquote><blockquote><p><b>action</b></p></blockquote><blockquote><p><b>action</b></p></blockquote></blockquote><blockquote><p><b>action</b></p><blockquote><p><b>id</b></p>9</blockquote><p><b>title</b>: Report as HIV-positiveReport as syphilis negativeSet &quot;HIV test result&quot;='HIV-positive'Set &quot;Syphilis test result&quot;='Syphilis negative'</p><p><b>description</b>: Report as HIV-positiveReport as syphilis negativeSet &quot;HIV test result&quot;='HIV-positive'Set &quot;Syphilis test result&quot;='Syphilis negative'</p><p><b>textEquivalent</b>: A positive syphilis test result should have already been recorded.</p><blockquote><p><b>documentation</b></p></blockquote><blockquote><p><b>condition</b></p></blockquote><blockquote><p><b>action</b></p></blockquote><blockquote><p><b>action</b></p></blockquote></blockquote><blockquote><p><b>action</b></p><blockquote><p><b>id</b></p>10</blockquote><p><b>title</b>: Report as HIV-inconclusiveSchedule follow-up testing visit in 14 daysReport as syphilis positivePerform syphilis counselling and treatment or referSet &quot;HIV test result&quot;='HIV-inconclusive'Schedule retest on &quot;Visit date&quot; + 14 daysSet &quot;Syphilis test result&quot;='Syphilis positive'Set &quot;Syphilis counselling and treatment&quot;=True</p><p><b>description</b>: Report as HIV-inconclusiveSchedule follow-up testing visit in 14 daysReport as syphilis positivePerform syphilis counselling and treatment or referSet &quot;HIV test result&quot;='HIV-inconclusive'Schedule retest on &quot;Visit date&quot; + 14 daysSet &quot;Syphilis test result&quot;='Syphilis positive'Set &quot;Syphilis counselling and treatment&quot;=True</p><p><b>textEquivalent</b>: A positive syphilis test result should have already been recorded.</p><blockquote><p><b>documentation</b></p></blockquote><blockquote><p><b>condition</b></p></blockquote><blockquote><p><b>action</b></p></blockquote><blockquote><p><b>action</b></p></blockquote></blockquote><blockquote><p><b>action</b></p><blockquote><p><b>id</b></p>11</blockquote><p><b>title</b>: Report as HIV-positiveReport as syphilis positivePerform syphilis counselling and treatment or referSet &quot;HIV test result&quot;='HIV-positive'Set &quot;Syphilis test result&quot;='Syphilis positive'Set &quot;Syphilis counselling and treatment&quot;=True</p><p><b>description</b>: Report as HIV-positiveReport as syphilis positivePerform syphilis counselling and treatment or referSet &quot;HIV test result&quot;='HIV-positive'Set &quot;Syphilis test result&quot;='Syphilis positive'Set &quot;Syphilis counselling and treatment&quot;=True</p><p><b>textEquivalent</b>: A positive syphilis test result should have already been recorded.</p><blockquote><p><b>documentation</b></p></blockquote><blockquote><p><b>condition</b></p></blockquote><blockquote><p><b>action</b></p></blockquote><blockquote><p><b>action</b></p></blockquote></blockquote><blockquote><p><b>action</b></p><blockquote><p><b>id</b></p>12</blockquote><p><b>title</b>: Report as HIV negativeReport as syphilis negativeSet &quot;HIV test result&quot;='HIV-negative'Set &quot;Syphilis test result&quot;='Syphilis negative'</p><p><b>description</b>: Report as HIV negativeReport as syphilis negativeSet &quot;HIV test result&quot;='HIV-negative'Set &quot;Syphilis test result&quot;='Syphilis negative'</p><p><b>textEquivalent</b>: If A1 or Repeat A1 is TP reactive, report syphilis- positive, indicative of either a current or past/ resolved infection.
If A1 and Repeat A1 is TP nonreactive, report syphilis-negative.</p><blockquote><p><b>documentation</b></p></blockquote><blockquote><p><b>condition</b></p></blockquote><blockquote><p><b>action</b></p></blockquote><blockquote><p><b>action</b></p></blockquote></blockquote><blockquote><p><b>action</b></p><blockquote><p><b>id</b></p>13</blockquote><p><b>title</b>: Report HIV negativeReport as syphilis positivePerform syphilis counselling and treatment or referSet &quot;HIV test result&quot;='HIV-negative'Set &quot;Syphilis test result&quot;='Syphilis positive'Set &quot;Syphilis counselling and treatment&quot;=True</p><p><b>description</b>: Report HIV negativeReport as syphilis positivePerform syphilis counselling and treatment or referSet &quot;HIV test result&quot;='HIV-negative'Set &quot;Syphilis test result&quot;='Syphilis positive'Set &quot;Syphilis counselling and treatment&quot;=True</p><p><b>textEquivalent</b>: If A1 or Repeat A1 is TP reactive, report syphilis- positive, indicative of either a current or past/resolved infection
If A1 and Repeat A1 is TP nonreactive, report syphilis-negative</p><blockquote><p><b>documentation</b></p></blockquote><blockquote><p><b>condition</b></p></blockquote><blockquote><p><b>action</b></p></blockquote><blockquote><p><b>action</b></p></blockquote></blockquote><blockquote><p><b>action</b></p><blockquote><p><b>id</b></p>14</blockquote><p><b>title</b>: Report as HIV-inconclusiveSchedule follow-up testing visit in 14 daysReport as syphilis negativeSet &quot;HIV test result&quot;='HIV-inconclusive'Set &quot;Syphilis test result&quot;='Syphilis negative'Recommended follow-up date = &quot;Visit date&quot; + 14 days</p><p><b>description</b>: Report as HIV-inconclusiveSchedule follow-up testing visit in 14 daysReport as syphilis negativeSet &quot;HIV test result&quot;='HIV-inconclusive'Set &quot;Syphilis test result&quot;='Syphilis negative'Recommended follow-up date = &quot;Visit date&quot; + 14 days</p><p><b>textEquivalent</b>: If A1 or Repeat A1 is TP reactive, report syphilis- positive, indicative of either a current or past/resolved infection
If A1 and Repeat A1 is TP nonreactive, report syphilis-negative</p><blockquote><p><b>documentation</b></p></blockquote><blockquote><p><b>condition</b></p></blockquote><blockquote><p><b>action</b></p></blockquote><blockquote><p><b>action</b></p></blockquote></blockquote><blockquote><p><b>action</b></p><blockquote><p><b>id</b></p>15</blockquote><p><b>title</b>: Report as HIV-inconclusiveSchedule follow-up testing visit in 14 daysReport as syphilis positivePerform syphilis counselling and treatment or referSet &quot;HIV test result&quot;='HIV-inconclusive'Set &quot;Syphilis test result&quot;='Syphilis positive'Recommended follow-up date = &quot;Visit date&quot; + 14 daysSet &quot;Syphilis counselling and treatment&quot;=True</p><p><b>description</b>: Report as HIV-inconclusiveSchedule follow-up testing visit in 14 daysReport as syphilis positivePerform syphilis counselling and treatment or referSet &quot;HIV test result&quot;='HIV-inconclusive'Set &quot;Syphilis test result&quot;='Syphilis positive'Recommended follow-up date = &quot;Visit date&quot; + 14 daysSet &quot;Syphilis counselling and treatment&quot;=True</p><p><b>textEquivalent</b>: If A1 or Repeat A1 is TP reactive, report syphilis- positive, indicative of either a current or past/resolved infection
If A1 and Repeat A1 is TP nonreactive, report syphilis-negative</p><blockquote><p><b>documentation</b></p></blockquote><blockquote><p><b>condition</b></p></blockquote><blockquote><p><b>action</b></p></blockquote><blockquote><p><b>action</b></p></blockquote></blockquote><blockquote><p><b>action</b></p><blockquote><p><b>id</b></p>16</blockquote><p><b>title</b>: Report HIV negativeReport as syphilis positivePerform syphilis counselling and treatment or referSet &quot;HIV test result&quot;='HIV-negative'Set &quot;Syphilis test result&quot;='Syphilis positive'Set &quot;Syphilis counselling and treatment&quot;=True</p><p><b>description</b>: Report HIV negativeReport as syphilis positivePerform syphilis counselling and treatment or referSet &quot;HIV test result&quot;='HIV-negative'Set &quot;Syphilis test result&quot;='Syphilis positive'Set &quot;Syphilis counselling and treatment&quot;=True 2</p><p><b>textEquivalent</b>: If A1 or Repeat A1 is TP reactive, report syphilis- positive, indicative of either a current or past/resolved infection
If A1 and Repeat A1 is TP nonreactive, report syphilis-negative</p><blockquote><p><b>documentation</b></p></blockquote><blockquote><p><b>condition</b></p></blockquote><blockquote><p><b>action</b></p></blockquote><blockquote><p><b>action</b></p></blockquote></blockquote><blockquote><p><b>action</b></p><blockquote><p><b>id</b></p>17</blockquote><p><b>title</b>: Report as HIV-inconclusiveSchedule follow-up testing visit in 14 daysReport as syphilis positivePerform syphilis counselling and treatment or referSet &quot;HIV test result&quot;='HIV-inconclusive'Set &quot;Syphilis test result&quot;='Syphilis positive'Recommended follow-up date = &quot;Visit date&quot; + 14 days</p><p><b>description</b>: Report as HIV-inconclusiveSchedule follow-up testing visit in 14 daysReport as syphilis positivePerform syphilis counselling and treatment or referSet &quot;HIV test result&quot;='HIV-inconclusive'Set &quot;Syphilis test result&quot;='Syphilis positive'Recommended follow-up date = &quot;Visit date&quot; + 14 days</p><p><b>textEquivalent</b>: If A1 or Repeat A1 is TP reactive, report syphilis- positive, indicative of either current or past/ resolved infection
If A1 and Repeat A1 is TP nonreactive, report syphilis-negative</p><blockquote><p><b>documentation</b></p></blockquote><blockquote><p><b>condition</b></p></blockquote><blockquote><p><b>action</b></p></blockquote><blockquote><p><b>action</b></p></blockquote></blockquote></blockquote></div>
  </text>
  <url value="http://fhir.org/guides/who/anc-cds/PlanDefinition/HIVE4DT"/>
  <identifier>
    <use value="official"/>
    <value value="HIV.E4.DT"/>
  </identifier>
  <version value="0.3.0"/>
  <name value="HIVE4DT"/>
  <title value="HIV.E4.DT"/>
  <type>
    <coding>
      <system value="http://terminology.hl7.org/CodeSystem/plan-definition-type"/>
      <code value="eca-rule"/>
    </coding>
  </type>
  <status value="active"/>
  <experimental value="false"/>
  <date value="2024-03-26T13:56:57+03:00"/>
  <publisher value="World Health Organization (WHO) "/>
  <contact>
    <telecom>
      <system value="url"/>
      <value value="https://www.who.int"/>
    </telecom>
  </contact>
  <description value="Test [mother] for HIV using testing algorithm (in ANC settings)"/>
  <useContext>
    <code>
      <system value="http://terminology.hl7.org/CodeSystem/usage-context-type"/>
      <code value="task"/>
      <display value="Workflow Task"/>
    </code>
    <valueCodeableConcept>
      <coding>
        <system value="http://fhir.org/guides/who/anc-cds/CodeSystem/activity-codes"/>
        <code value="HIV.E4"/>
        <display value="Test mother for HIV using testing algorithm"/>
      </coding>
    </valueCodeableConcept>
  </useContext>
  <jurisdiction>
    <coding>
      <system value="http://unstats.un.org/unsd/methods/m49/m49.htm"/>
      <code value="001"/>
    </coding>
  </jurisdiction>
  <library value="http://fhir.org/guides/who/anc-cds/Library/HIVE4DT"/>
  <action>
    <title value="HIV.E4.DT"/>
    <trigger>
      <type value="named-event"/>
      <name value="HIV.E4 Test mother for HIV using testing algorithm"/>
    </trigger>
    <action id="1">
      <title value="Report syphilis diagnosis of negative.Report HIV test result of HIV negativeSet &quot;HIV test result&quot;='HIV-negative'Set &quot;Syphilis test result&quot;='Syphilis negative'"/>
      <description value="Report syphilis diagnosis of negative.Report HIV test result of HIV negativeSet &quot;HIV test result&quot;='HIV-negative'Set &quot;Syphilis test result&quot;='Syphilis negative'"/>
      <documentation>
        <type value="citation"/>
        <label value="Consolidated Guidelines on HIV Testing Services. 2019. &#xA;Fig. 2 WHO universal HIV testing strategy.&#xA;8.4.2 Multiplex testing for HIV-1 and other infections.&#xA;Figure 8.6 WHO recommended testing strategy for dual detection of HIV and syphilis in ANC settings."/>
      </documentation>
      <condition>
        <kind value="applicability"/>
        <expression>
          <description value="(HIV.E4.DT.01)&#xA;  AND (&quot;Assay number in testing strategy&quot;='Assay 1')&#xA;  AND (&quot;HIV test type&quot;='Dual HIV/syphilis rapid diagnostic test')&#xA;  AND (&quot;Test result of HIV assay 1&quot;='Non-reactive')&#xA;  AND (&quot;Test result of syphilis assay 1&quot;='Negative')&#xA;  AND (-)&#xA;  AND (-)&#xA;  AND (-)&#xA;  AND (-)"/>
          <language value="text/cql-identifier"/>
          <expression value="Should Report syphilis diagnosis of negative.Report HIV test result of HIV negativeSet \&quot;HIV test result\&quot;='HIV-negative'Set \&quot;Syphilis test result\&quot;='Syphilis negative'"/>
        </expression>
      </condition>
      <action>
        <title value="Report syphilis diagnosis of negative.Report HIV test result of HIV negativeSet &quot;HIV test result&quot;='HIV-negative'Set &quot;Syphilis test result&quot;='Syphilis negative'"/>
      </action>
      <action>
        <title value="Report syphilis diagnosis of negative.Report HIV test result of HIV negative"/>
      </action>
    </action>
    <action id="2">
      <title value="Report as HIV-negativeReport syphilis-positive indicative of either current or past/ resolved infectionPerform syphilis counselling and treatment or referSet &quot;HIV test result&quot;='HIV-negative'Set &quot;Syphilis test result&quot;='Syphilis positive'"/>
      <description value="Report as HIV-negativeReport syphilis-positive indicative of either current or past/ resolved infectionPerform syphilis counselling and treatment or referSet &quot;HIV test result&quot;='HIV-negative'Set &quot;Syphilis test result&quot;='Syphilis positive'"/>
      <documentation>
        <type value="citation"/>
        <label value="Consolidated Guidelines on HIV Testing Services. 2019. &#xA;Fig. 2 WHO universal HIV testing strategy.&#xA;8.4.2 Multiplex testing for HIV-1 and other infections.&#xA;Figure 8.6 WHO recommended testing strategy for dual detection of HIV and syphilis in ANC settings."/>
      </documentation>
      <condition>
        <kind value="applicability"/>
        <expression>
          <description value="(HIV.E4.DT.02)&#xA;  AND (&quot;Assay number in testing strategy&quot;='Assay 1')&#xA;  AND (&quot;HIV test type&quot;='Dual HIV/syphilis rapid diagnostic test')&#xA;  AND (&quot;Test result of HIV assay 1&quot;='Non-reactive')&#xA;  AND (&quot;Test result of syphilis assay 1&quot;='Positive')&#xA;  AND (-)&#xA;  AND (-)&#xA;  AND (-)&#xA;  AND (-)"/>
          <language value="text/cql-identifier"/>
          <expression value="Should Report as HIV-negativeReport syphilis-positive indicative of either current or past/ resolved infectionPerform syphilis counselling and treatment or referSet \&quot;HIV test result\&quot;='HIV-negative'Set \&quot;Syphilis test result\&quot;='Syphilis positive'"/>
        </expression>
      </condition>
      <action>
        <title value="Report as HIV-negativeReport syphilis-positive indicative of either current or past/ resolved infectionPerform syphilis counselling and treatment or referSet &quot;HIV test result&quot;='HIV-negative'Set &quot;Syphilis test result&quot;='Syphilis positive'"/>
      </action>
      <action>
        <title value="Report as HIV-negativeReport syphilis-positive indicative of either current or past/ resolved infectionPerform syphilis counselling and treatment or refer"/>
      </action>
    </action>
    <action id="3">
      <title value="Continue to perform HIV Assay 2using &quot;HIV test type&quot;='Rapid diagnostic test for HIV'"/>
      <description value="Continue to perform HIV Assay 2using &quot;HIV test type&quot;='Rapid diagnostic test for HIV'"/>
      <documentation>
        <type value="citation"/>
        <label value="Consolidated Guidelines on HIV Testing Services. 2019. &#xA;Fig. 2 WHO universal HIV testing strategy.&#xA;8.4.2 Multiplex testing for HIV-1 and other infections.&#xA;Figure 8.6 WHO recommended testing strategy for dual detection of HIV and syphilis in ANC settings."/>
      </documentation>
      <condition>
        <kind value="applicability"/>
        <expression>
          <description value="(HIV.E4.DT.03)&#xA;  AND (&quot;Assay number in testing strategy&quot;='Assay 1')&#xA;  AND (&quot;HIV test type&quot;='Dual HIV/syphilis rapid diagnostic test')&#xA;  AND (&quot;Test result of HIV assay 1&quot;='Reactive')&#xA;  AND (&quot;Test result of syphilis assay 1&quot;='Negative')&#xA;  AND (-)&#xA;  AND (-)&#xA;  AND (-)&#xA;  AND (-)"/>
          <language value="text/cql-identifier"/>
          <expression value="Should Continue to perform HIV Assay 2using \&quot;HIV test type\&quot;='Rapid diagnostic test for HIV'"/>
        </expression>
      </condition>
      <action>
        <title value="Continue to perform HIV Assay 2using &quot;HIV test type&quot;='Rapid diagnostic test for HIV'"/>
      </action>
      <action>
        <title value="Continue to perform HIV Assay 2 using a rapid diagnostic test for HIV."/>
      </action>
    </action>
    <action id="4">
      <title value="Report as syphilis positiveContinue to perform HIV Assay 2using &quot;HIV test type&quot;='Rapid diagnostic test for HIV'Set &quot;Syphilis test result&quot;='Syphilis positive'Syphilis counselling and treatment = TRUE"/>
      <description value="Report as syphilis positiveContinue to perform HIV Assay 2using &quot;HIV test type&quot;='Rapid diagnostic test for HIV'Set &quot;Syphilis test result&quot;='Syphilis positive'Syphilis counselling and treatment = TRUE"/>
      <documentation>
        <type value="citation"/>
        <label value="Consolidated Guidelines on HIV Testing Services. 2019. &#xA;Fig. 2 WHO universal HIV testing strategy.&#xA;8.4.2 Multiplex testing for HIV-1 and other infections.&#xA;Figure 8.6 WHO recommended testing strategy for dual detection of HIV and syphilis in ANC settings."/>
      </documentation>
      <condition>
        <kind value="applicability"/>
        <expression>
          <description value="(HIV.E4.DT.04)&#xA;  AND (&quot;Assay number in testing strategy&quot;='Assay 1')&#xA;  AND (&quot;HIV test type&quot;='Dual HIV/syphilis rapid diagnostic test')&#xA;  AND (&quot;Test result of HIV assay 1&quot;='Reactive')&#xA;  AND (&quot;Test result of syphilis assay 1&quot;='Positive')&#xA;  AND (-)&#xA;  AND (-)&#xA;  AND (-)&#xA;  AND (-)"/>
          <language value="text/cql-identifier"/>
          <expression value="Should Report as syphilis positiveContinue to perform HIV Assay 2using \&quot;HIV test type\&quot;='Rapid diagnostic test for HIV'Set \&quot;Syphilis test result\&quot;='Syphilis positive'Syphilis counselling and treatment = TRUE"/>
        </expression>
      </condition>
      <action>
        <title value="Report as syphilis positiveContinue to perform HIV Assay 2using &quot;HIV test type&quot;='Rapid diagnostic test for HIV'Set &quot;Syphilis test result&quot;='Syphilis positive'Syphilis counselling and treatment = TRUE"/>
      </action>
      <action>
        <title value="Perform Assay 2 with an HIV-only testReport syphilis-positive indicative of either current or past/ resolved infectionPerform syphilis counselling and treatment or refer."/>
      </action>
    </action>
    <action id="5">
      <title value="Continue to perform HIV 'Assay 1 repeated'using &quot;HIV test type&quot;='Dual HIV/syphilis rapid diagnostic test'"/>
      <description value="Continue to perform HIV 'Assay 1 repeated'using &quot;HIV test type&quot;='Dual HIV/syphilis rapid diagnostic test'"/>
      <documentation>
        <type value="citation"/>
        <label value="Consolidated Guidelines on HIV Testing Services. 2019. &#xA;Fig. 2 WHO universal HIV testing strategy.&#xA;8.4.2 Multiplex testing for HIV-1 and other infections.&#xA;Figure 8.6 WHO recommended testing strategy for dual detection of HIV and syphilis in ANC settings."/>
      </documentation>
      <condition>
        <kind value="applicability"/>
        <expression>
          <description value="((HIV.E4.DT.05)&#xA;  AND (&quot;Assay number in testing strategy&quot;='Assay 2')&#xA;  AND (&quot;HIV test type&quot; IN 'Rapid diagnostic test for HIV', 'Enzyme immunoassay for HIV')&#xA;  AND (&quot;Test result of HIV assay 1&quot;='Reactive')&#xA;  AND (&quot;Test result of syphilis assay 1&quot;='Negative')&#xA;  AND (&quot;Test result of HIV assay 2&quot;='Non-reactive')&#xA;  AND (-)&#xA;  AND (-)&#xA;  AND (-))&#xA;  OR ((HIV.E4.DT.06)&#xA;  AND (&quot;Assay number in testing strategy&quot;='Assay 2')&#xA;  AND (&quot;HIV test type&quot; IN 'Rapid diagnostic test for HIV', 'Enzyme immunoassay for HIV')&#xA;  AND (&quot;Test result of HIV assay 1&quot;='Reactive')&#xA;  AND (&quot;Test result of syphilis assay 1&quot;='Positive')&#xA;  AND (&quot;Test result of HIV assay 2&quot;='Non-reactive')&#xA;  AND (-)&#xA;  AND (-)&#xA;  AND (-))"/>
          <language value="text/cql-identifier"/>
          <expression value="Should Continue to perform HIV 'Assay 1 repeated'using \&quot;HIV test type\&quot;='Dual HIV/syphilis rapid diagnostic test'"/>
        </expression>
      </condition>
      <action>
        <title value="Continue to perform HIV 'Assay 1 repeated'using &quot;HIV test type&quot;='Dual HIV/syphilis rapid diagnostic test'"/>
      </action>
      <action>
        <title value="Repeat Assay 1 with a Dual HIV/syphilis rapid diagnostic test"/>
      </action>
    </action>
    <action id="6">
      <title value="Continue to perform HIV 'Assay 3'using &quot;HIV test type&quot;='Rapid diagnostic test for HIV'"/>
      <description value="Continue to perform HIV 'Assay 3'using &quot;HIV test type&quot;='Rapid diagnostic test for HIV'"/>
      <textEquivalent value="A negative syphilis test result should have already been recorded."/>
      <documentation>
        <type value="citation"/>
        <label value="Consolidated Guidelines on HIV Testing Services. 2019. &#xA;Fig. 2 WHO universal HIV testing strategy.&#xA;8.4.2 Multiplex testing for HIV-1 and other infections.&#xA;Figure 8.6 WHO recommended testing strategy for dual detection of HIV and syphilis in ANC settings."/>
      </documentation>
      <condition>
        <kind value="applicability"/>
        <expression>
          <description value="(HIV.E4.DT.07)&#xA;  AND (&quot;Assay number in testing strategy&quot;='Assay 2')&#xA;  AND (&quot;HIV test type&quot; IN 'Rapid diagnostic test for HIV', 'Enzyme immunoassay for HIV')&#xA;  AND (&quot;Test result of HIV assay 1&quot;='Reactive')&#xA;  AND (&quot;Test result of syphilis assay 1&quot;='Negative')&#xA;  AND (&quot;Test result of HIV assay 2&quot;='Reactive')&#xA;  AND (-)&#xA;  AND (-)&#xA;  AND (-)"/>
          <language value="text/cql-identifier"/>
          <expression value="Should Continue to perform HIV 'Assay 3'using \&quot;HIV test type\&quot;='Rapid diagnostic test for HIV'"/>
        </expression>
      </condition>
      <action>
        <title value="Continue to perform HIV 'Assay 3'using &quot;HIV test type&quot;='Rapid diagnostic test for HIV'"/>
      </action>
      <action>
        <title value="Perform Assay 3 with an HIV-only test"/>
      </action>
    </action>
    <action id="7">
      <title value="Continue to perform HIV 'Assay 3'using &quot;HIV test type&quot;='Rapid diagnostic test for HIV'"/>
      <description value="Continue to perform HIV 'Assay 3'using &quot;HIV test type&quot;='Rapid diagnostic test for HIV' 2"/>
      <textEquivalent value="A positive syphilis test result should have already been recorded."/>
      <documentation>
        <type value="citation"/>
        <label value="Consolidated Guidelines on HIV Testing Services. 2019. &#xA;Fig. 2 WHO universal HIV testing strategy.&#xA;8.4.2 Multiplex testing for HIV-1 and other infections.&#xA;Figure 8.6 WHO recommended testing strategy for dual detection of HIV and syphilis in ANC settings."/>
      </documentation>
      <condition>
        <kind value="applicability"/>
        <expression>
          <description value="(HIV.E4.DT.08)&#xA;  AND (&quot;Assay number in testing strategy&quot;='Assay 2')&#xA;  AND (&quot;HIV test type&quot; IN 'Rapid diagnostic test for HIV', 'Enzyme immunoassay for HIV')&#xA;  AND (&quot;Test result of HIV assay 1&quot;='Reactive')&#xA;  AND (&quot;Test result of syphilis assay 1&quot;='Positive')&#xA;  AND (&quot;Test result of HIV assay 2&quot;='Reactive')&#xA;  AND (-)&#xA;  AND (-)&#xA;  AND (-)"/>
          <language value="text/cql-identifier"/>
          <expression value="Should Continue to perform HIV 'Assay 3'using \&quot;HIV test type\&quot;='Rapid diagnostic test for HIV' 2"/>
        </expression>
      </condition>
      <action>
        <title value="Continue to perform HIV 'Assay 3'using &quot;HIV test type&quot;='Rapid diagnostic test for HIV'"/>
      </action>
      <action>
        <title value="Perform Assay 3 with an HIV-only test."/>
      </action>
    </action>
    <action id="8">
      <title value="Report as HIV-inconclusiveSchedule follow-up testing visit in 14 daysReport as syphilis negativeSet &quot;HIV test result&quot;='HIV-inconclusive'Schedule retest on &quot;Visit date&quot; + 14 daysSet &quot;Syphilis test result&quot;='Syphilis negative'"/>
      <description value="Report as HIV-inconclusiveSchedule follow-up testing visit in 14 daysReport as syphilis negativeSet &quot;HIV test result&quot;='HIV-inconclusive'Schedule retest on &quot;Visit date&quot; + 14 daysSet &quot;Syphilis test result&quot;='Syphilis negative'"/>
      <textEquivalent value="A positive syphilis test result should have already been recorded."/>
      <documentation>
        <type value="citation"/>
        <label value="Consolidated Guidelines on HIV Testing Services. 2019. &#xA;Fig. 2 WHO universal HIV testing strategy.&#xA;8.4.2 Multiplex testing for HIV-1 and other infections.&#xA;Figure 8.6 WHO recommended testing strategy for dual detection of HIV and syphilis in ANC settings."/>
      </documentation>
      <condition>
        <kind value="applicability"/>
        <expression>
          <description value="(HIV.E4.DT.09)&#xA;  AND (&quot;Assay number in testing strategy&quot;='Assay 3')&#xA;  AND (&quot;HIV test type&quot; IN 'Rapid diagnostic test for HIV', 'Enzyme immunoassay for HIV')&#xA;  AND (&quot;Test result of HIV assay 1&quot;='Reactive')&#xA;  AND (&quot;Test result of syphilis assay 1&quot;='Negative')&#xA;  AND (&quot;Test result of HIV assay 2&quot;='Reactive')&#xA;  AND (&quot;Test result of HIV assay 3&quot;='Non-reactive')&#xA;  AND (-)&#xA;  AND (-)"/>
          <language value="text/cql-identifier"/>
          <expression value="Should Report as HIV-inconclusiveSchedule follow-up testing visit in 14 daysReport as syphilis negativeSet \&quot;HIV test result\&quot;='HIV-inconclusive'Schedule retest on \&quot;Visit date\&quot; + 14 daysSet \&quot;Syphilis test result\&quot;='Syphilis negative'"/>
        </expression>
      </condition>
      <action>
        <title value="Report as HIV-inconclusiveSchedule follow-up testing visit in 14 daysReport as syphilis negativeSet &quot;HIV test result&quot;='HIV-inconclusive'Schedule retest on &quot;Visit date&quot; + 14 daysSet &quot;Syphilis test result&quot;='Syphilis negative'"/>
      </action>
      <action>
        <title value="Report as HIV-inconclusiveSchedule follow-up testing visit in 14 daysReport as syphilis negative"/>
      </action>
    </action>
    <action id="9">
      <title value="Report as HIV-positiveReport as syphilis negativeSet &quot;HIV test result&quot;='HIV-positive'Set &quot;Syphilis test result&quot;='Syphilis negative'"/>
      <description value="Report as HIV-positiveReport as syphilis negativeSet &quot;HIV test result&quot;='HIV-positive'Set &quot;Syphilis test result&quot;='Syphilis negative'"/>
      <textEquivalent value="A positive syphilis test result should have already been recorded."/>
      <documentation>
        <type value="citation"/>
        <label value="Consolidated Guidelines on HIV Testing Services. 2019. &#xA;Fig. 2 WHO universal HIV testing strategy.&#xA;8.4.2 Multiplex testing for HIV-1 and other infections.&#xA;Figure 8.6 WHO recommended testing strategy for dual detection of HIV and syphilis in ANC settings."/>
      </documentation>
      <condition>
        <kind value="applicability"/>
        <expression>
          <description value="(HIV.E4.DT.10)&#xA;  AND (&quot;Assay number in testing strategy&quot;='Assay 3')&#xA;  AND (&quot;HIV test type&quot; IN 'Rapid diagnostic test for HIV', 'Enzyme immunoassay for HIV')&#xA;  AND (&quot;Test result of HIV assay 1&quot;='Reactive')&#xA;  AND (&quot;Test result of syphilis assay 1&quot;='Negative')&#xA;  AND (&quot;Test result of HIV assay 2&quot;='Reactive')&#xA;  AND (&quot;Test result of HIV assay 3&quot;='Reactive')&#xA;  AND (-)&#xA;  AND (-)"/>
          <language value="text/cql-identifier"/>
          <expression value="Should Report as HIV-positiveReport as syphilis negativeSet \&quot;HIV test result\&quot;='HIV-positive'Set \&quot;Syphilis test result\&quot;='Syphilis negative'"/>
        </expression>
      </condition>
      <action>
        <title value="Report as HIV-positiveReport as syphilis negativeSet &quot;HIV test result&quot;='HIV-positive'Set &quot;Syphilis test result&quot;='Syphilis negative'"/>
      </action>
      <action>
        <title value="Report as HIV-positiveReport as syphilis negative"/>
      </action>
    </action>
    <action id="10">
      <title value="Report as HIV-inconclusiveSchedule follow-up testing visit in 14 daysReport as syphilis positivePerform syphilis counselling and treatment or referSet &quot;HIV test result&quot;='HIV-inconclusive'Schedule retest on &quot;Visit date&quot; + 14 daysSet &quot;Syphilis test result&quot;='Syphilis positive'Set &quot;Syphilis counselling and treatment&quot;=True"/>
      <description value="Report as HIV-inconclusiveSchedule follow-up testing visit in 14 daysReport as syphilis positivePerform syphilis counselling and treatment or referSet &quot;HIV test result&quot;='HIV-inconclusive'Schedule retest on &quot;Visit date&quot; + 14 daysSet &quot;Syphilis test result&quot;='Syphilis positive'Set &quot;Syphilis counselling and treatment&quot;=True"/>
      <textEquivalent value="A positive syphilis test result should have already been recorded."/>
      <documentation>
        <type value="citation"/>
        <label value="Consolidated Guidelines on HIV Testing Services. 2019. &#xA;Fig. 2 WHO universal HIV testing strategy.&#xA;8.4.2 Multiplex testing for HIV-1 and other infections.&#xA;Figure 8.6 WHO recommended testing strategy for dual detection of HIV and syphilis in ANC settings."/>
      </documentation>
      <condition>
        <kind value="applicability"/>
        <expression>
          <description value="(HIV.E4.DT.11)&#xA;  AND (&quot;Assay number in testing strategy&quot;='Assay 3')&#xA;  AND (&quot;HIV test type&quot; IN 'Rapid diagnostic test for HIV', 'Enzyme immunoassay for HIV')&#xA;  AND (&quot;Test result of HIV assay 1&quot;='Reactive')&#xA;  AND (&quot;Test result of syphilis assay 1&quot;='Positive')&#xA;  AND (&quot;Test result of HIV assay 2&quot;='Reactive')&#xA;  AND (&quot;Test result of HIV assay 3&quot;='Non-reactive')&#xA;  AND (-)&#xA;  AND (-)"/>
          <language value="text/cql-identifier"/>
          <expression value="Should Report as HIV-inconclusiveSchedule follow-up testing visit in 14 daysReport as syphilis positivePerform syphilis counselling and treatment or referSet \&quot;HIV test result\&quot;='HIV-inconclusive'Schedule retest on \&quot;Visit date\&quot; + 14 daysSet \&quot;Syphilis test result\&quot;='Syphilis positive'Set \&quot;Syphilis counselling and treatment\&quot;=True"/>
        </expression>
      </condition>
      <action>
        <title value="Report as HIV-inconclusiveSchedule follow-up testing visit in 14 daysReport as syphilis positivePerform syphilis counselling and treatment or referSet &quot;HIV test result&quot;='HIV-inconclusive'Schedule retest on &quot;Visit date&quot; + 14 daysSet &quot;Syphilis test result&quot;='Syphilis positive'Set &quot;Syphilis counselling and treatment&quot;=True"/>
      </action>
      <action>
        <title value="Report as HIV-inconclusiveSchedule follow-up testing visit in 14 daysReport syphilis-positive indicative of either current or past/ resolved infectionPerform syphilis counselling and treatment or refer"/>
      </action>
    </action>
    <action id="11">
      <title value="Report as HIV-positiveReport as syphilis positivePerform syphilis counselling and treatment or referSet &quot;HIV test result&quot;='HIV-positive'Set &quot;Syphilis test result&quot;='Syphilis positive'Set &quot;Syphilis counselling and treatment&quot;=True"/>
      <description value="Report as HIV-positiveReport as syphilis positivePerform syphilis counselling and treatment or referSet &quot;HIV test result&quot;='HIV-positive'Set &quot;Syphilis test result&quot;='Syphilis positive'Set &quot;Syphilis counselling and treatment&quot;=True"/>
      <textEquivalent value="A positive syphilis test result should have already been recorded."/>
      <documentation>
        <type value="citation"/>
        <label value="Consolidated Guidelines on HIV Testing Services. 2019. &#xA;Fig. 2 WHO universal HIV testing strategy.&#xA;8.4.2 Multiplex testing for HIV-1 and other infections.&#xA;Figure 8.6 WHO recommended testing strategy for dual detection of HIV and syphilis in ANC settings."/>
      </documentation>
      <condition>
        <kind value="applicability"/>
        <expression>
          <description value="(HIV.E4.DT.12)&#xA;  AND (&quot;Assay number in testing strategy&quot;='Assay 3')&#xA;  AND (&quot;HIV test type&quot; IN 'Rapid diagnostic test for HIV', 'Enzyme immunoassay for HIV')&#xA;  AND (&quot;Test result of HIV assay 1&quot;='Reactive')&#xA;  AND (&quot;Test result of syphilis assay 1&quot;='Positive')&#xA;  AND (&quot;Test result of HIV assay 2&quot;='Reactive')&#xA;  AND (&quot;Test result of HIV assay 3&quot;='Reactive')&#xA;  AND (-)&#xA;  AND (-)"/>
          <language value="text/cql-identifier"/>
          <expression value="Should Report as HIV-positiveReport as syphilis positivePerform syphilis counselling and treatment or referSet \&quot;HIV test result\&quot;='HIV-positive'Set \&quot;Syphilis test result\&quot;='Syphilis positive'Set \&quot;Syphilis counselling and treatment\&quot;=True"/>
        </expression>
      </condition>
      <action>
        <title value="Report as HIV-positiveReport as syphilis positivePerform syphilis counselling and treatment or referSet &quot;HIV test result&quot;='HIV-positive'Set &quot;Syphilis test result&quot;='Syphilis positive'Set &quot;Syphilis counselling and treatment&quot;=True"/>
      </action>
      <action>
        <title value="Report as HIV-positiveReport syphilis-positive indicative of either current or past/ resolved infectionPerform syphilis counselling and treatment or refer"/>
      </action>
    </action>
    <action id="12">
      <title value="Report as HIV negativeReport as syphilis negativeSet &quot;HIV test result&quot;='HIV-negative'Set &quot;Syphilis test result&quot;='Syphilis negative'"/>
      <description value="Report as HIV negativeReport as syphilis negativeSet &quot;HIV test result&quot;='HIV-negative'Set &quot;Syphilis test result&quot;='Syphilis negative'"/>
      <textEquivalent value="If A1 or Repeat A1 is TP reactive, report syphilis- positive, indicative of either a current or past/ resolved infection.&#xA;If A1 and Repeat A1 is TP nonreactive, report syphilis-negative."/>
      <documentation>
        <type value="citation"/>
        <label value="Consolidated Guidelines on HIV Testing Services. 2019. &#xA;Fig. 2 WHO universal HIV testing strategy.&#xA;8.4.2 Multiplex testing for HIV-1 and other infections.&#xA;Figure 8.6 WHO recommended testing strategy for dual detection of HIV and syphilis in ANC settings."/>
      </documentation>
      <condition>
        <kind value="applicability"/>
        <expression>
          <description value="(HIV.E4.DT.11)&#xA;  AND (&quot;Assay number in testing strategy&quot;='Assay 1 repeated')&#xA;  AND (&quot;HIV test type&quot;='Dual HIV/syphilis rapid diagnostic test')&#xA;  AND (&quot;Test result of HIV assay 1&quot;='Reactive')&#xA;  AND (&quot;Test result of syphilis assay 1&quot;='Syphilis negative')&#xA;  AND (&quot;Test result of HIV assay 2&quot;='Non-reactive')&#xA;  AND (-)&#xA;  AND (&quot;Test result of HIV assay 1 repeated&quot;='Non-reactive')&#xA;  AND (&quot;Test result of syphilis assay 1 repeated&quot;='Syphilis negative')"/>
          <language value="text/cql-identifier"/>
          <expression value="Should Report as HIV negativeReport as syphilis negativeSet \&quot;HIV test result\&quot;='HIV-negative'Set \&quot;Syphilis test result\&quot;='Syphilis negative'"/>
        </expression>
      </condition>
      <action>
        <title value="Report as HIV negativeReport as syphilis negativeSet &quot;HIV test result&quot;='HIV-negative'Set &quot;Syphilis test result&quot;='Syphilis negative'"/>
      </action>
      <action>
        <title value="Report as HIV negativeReport as syphilis negative"/>
      </action>
    </action>
    <action id="13">
      <title value="Report HIV negativeReport as syphilis positivePerform syphilis counselling and treatment or referSet &quot;HIV test result&quot;='HIV-negative'Set &quot;Syphilis test result&quot;='Syphilis positive'Set &quot;Syphilis counselling and treatment&quot;=True"/>
      <description value="Report HIV negativeReport as syphilis positivePerform syphilis counselling and treatment or referSet &quot;HIV test result&quot;='HIV-negative'Set &quot;Syphilis test result&quot;='Syphilis positive'Set &quot;Syphilis counselling and treatment&quot;=True"/>
      <textEquivalent value="If A1 or Repeat A1 is TP reactive, report syphilis- positive, indicative of either a current or past/resolved infection&#xA;If A1 and Repeat A1 is TP nonreactive, report syphilis-negative"/>
      <documentation>
        <type value="citation"/>
        <label value="Consolidated Guidelines on HIV Testing Services. 2019. &#xA;Fig. 2 WHO universal HIV testing strategy.&#xA;8.4.2 Multiplex testing for HIV-1 and other infections.&#xA;Figure 8.6 WHO recommended testing strategy for dual detection of HIV and syphilis in ANC settings."/>
      </documentation>
      <condition>
        <kind value="applicability"/>
        <expression>
          <description value="(HIV.E4.DT.12)&#xA;  AND (&quot;Assay number in testing strategy&quot;='Assay 1 repeated')&#xA;  AND (&quot;HIV test type&quot;='Dual HIV/syphilis rapid diagnostic test')&#xA;  AND (&quot;Test result of HIV assay 1&quot;='Reactive')&#xA;  AND (&quot;Test result of syphilis assay 1&quot;='Syphilis negative')&#xA;  AND (&quot;Test result of HIV assay 2&quot;='Non-reactive')&#xA;  AND (-)&#xA;  AND (&quot;Test result of HIV assay 1 repeated&quot;='Non-reactive')&#xA;  AND (&quot;Test result of syphilis assay 1 repeated&quot;='Syphilis positive')"/>
          <language value="text/cql-identifier"/>
          <expression value="Should Report HIV negativeReport as syphilis positivePerform syphilis counselling and treatment or referSet \&quot;HIV test result\&quot;='HIV-negative'Set \&quot;Syphilis test result\&quot;='Syphilis positive'Set \&quot;Syphilis counselling and treatment\&quot;=True"/>
        </expression>
      </condition>
      <action>
        <title value="Report HIV negativeReport as syphilis positivePerform syphilis counselling and treatment or referSet &quot;HIV test result&quot;='HIV-negative'Set &quot;Syphilis test result&quot;='Syphilis positive'Set &quot;Syphilis counselling and treatment&quot;=True"/>
      </action>
      <action>
        <title value="Report HIV negativeReport syphilis-positive indicative of either current or past/ resolved infectionPerform syphilis counselling and treatment or refer"/>
      </action>
    </action>
    <action id="14">
      <title value="Report as HIV-inconclusiveSchedule follow-up testing visit in 14 daysReport as syphilis negativeSet &quot;HIV test result&quot;='HIV-inconclusive'Set &quot;Syphilis test result&quot;='Syphilis negative'Recommended follow-up date = &quot;Visit date&quot; + 14 days"/>
      <description value="Report as HIV-inconclusiveSchedule follow-up testing visit in 14 daysReport as syphilis negativeSet &quot;HIV test result&quot;='HIV-inconclusive'Set &quot;Syphilis test result&quot;='Syphilis negative'Recommended follow-up date = &quot;Visit date&quot; + 14 days"/>
      <textEquivalent value="If A1 or Repeat A1 is TP reactive, report syphilis- positive, indicative of either a current or past/resolved infection&#xA;If A1 and Repeat A1 is TP nonreactive, report syphilis-negative"/>
      <documentation>
        <type value="citation"/>
        <label value="Consolidated Guidelines on HIV Testing Services. 2019. &#xA;Fig. 2 WHO universal HIV testing strategy.&#xA;8.4.2 Multiplex testing for HIV-1 and other infections.&#xA;Figure 8.6 WHO recommended testing strategy for dual detection of HIV and syphilis in ANC settings."/>
      </documentation>
      <condition>
        <kind value="applicability"/>
        <expression>
          <description value="(HIV.E4.DT.13)&#xA;  AND (&quot;Assay number in testing strategy&quot;='Assay 1 repeated')&#xA;  AND (&quot;HIV test type&quot;='Dual HIV/syphilis rapid diagnostic test')&#xA;  AND (&quot;Test result of HIV assay 1&quot;='Reactive')&#xA;  AND (&quot;Test result of syphilis assay 1&quot;='Syphilis negative')&#xA;  AND (&quot;Test result of HIV assay 2&quot;='Non-reactive')&#xA;  AND (-)&#xA;  AND (&quot;Test result of HIV assay 1 repeated&quot;='Reactive')&#xA;  AND (&quot;Test result of syphilis assay 1 repeated&quot;='Syphilis negative')"/>
          <language value="text/cql-identifier"/>
          <expression value="Should Report as HIV-inconclusiveSchedule follow-up testing visit in 14 daysReport as syphilis negativeSet \&quot;HIV test result\&quot;='HIV-inconclusive'Set \&quot;Syphilis test result\&quot;='Syphilis negative'Recommended follow-up date = \&quot;Visit date\&quot; + 14 days"/>
        </expression>
      </condition>
      <action>
        <title value="Report as HIV-inconclusiveSchedule follow-up testing visit in 14 daysReport as syphilis negativeSet &quot;HIV test result&quot;='HIV-inconclusive'Set &quot;Syphilis test result&quot;='Syphilis negative'Recommended follow-up date = &quot;Visit date&quot; + 14 days"/>
      </action>
      <action>
        <title value="Report as HIV-inconclusiveSchedule follow-up testing visit in 14 daysReport as syphilis negative"/>
      </action>
    </action>
    <action id="15">
      <title value="Report as HIV-inconclusiveSchedule follow-up testing visit in 14 daysReport as syphilis positivePerform syphilis counselling and treatment or referSet &quot;HIV test result&quot;='HIV-inconclusive'Set &quot;Syphilis test result&quot;='Syphilis positive'Recommended follow-up date = &quot;Visit date&quot; + 14 daysSet &quot;Syphilis counselling and treatment&quot;=True"/>
      <description value="Report as HIV-inconclusiveSchedule follow-up testing visit in 14 daysReport as syphilis positivePerform syphilis counselling and treatment or referSet &quot;HIV test result&quot;='HIV-inconclusive'Set &quot;Syphilis test result&quot;='Syphilis positive'Recommended follow-up date = &quot;Visit date&quot; + 14 daysSet &quot;Syphilis counselling and treatment&quot;=True"/>
      <textEquivalent value="If A1 or Repeat A1 is TP reactive, report syphilis- positive, indicative of either a current or past/resolved infection&#xA;If A1 and Repeat A1 is TP nonreactive, report syphilis-negative"/>
      <documentation>
        <type value="citation"/>
        <label value="Consolidated Guidelines on HIV Testing Services. 2019. &#xA;Fig. 2 WHO universal HIV testing strategy.&#xA;8.4.2 Multiplex testing for HIV-1 and other infections.&#xA;Figure 8.6 WHO recommended testing strategy for dual detection of HIV and syphilis in ANC settings."/>
      </documentation>
      <condition>
        <kind value="applicability"/>
        <expression>
          <description value="(HIV.E4.DT.14)&#xA;  AND (&quot;Assay number in testing strategy&quot;='Assay 1 repeated')&#xA;  AND (&quot;HIV test type&quot;='Dual HIV/syphilis rapid diagnostic test')&#xA;  AND (&quot;Test result of HIV assay 1&quot;='Reactive')&#xA;  AND (&quot;Test result of syphilis assay 1&quot;='Syphilis negative')&#xA;  AND (&quot;Test result of HIV assay 2&quot;='Non-reactive')&#xA;  AND (-)&#xA;  AND (&quot;Test result of HIV assay 1 repeated&quot;='Reactive')&#xA;  AND (&quot;Test result of syphilis assay 1 repeated&quot;='Syphilis positive')"/>
          <language value="text/cql-identifier"/>
          <expression value="Should Report as HIV-inconclusiveSchedule follow-up testing visit in 14 daysReport as syphilis positivePerform syphilis counselling and treatment or referSet \&quot;HIV test result\&quot;='HIV-inconclusive'Set \&quot;Syphilis test result\&quot;='Syphilis positive'Recommended follow-up date = \&quot;Visit date\&quot; + 14 daysSet \&quot;Syphilis counselling and treatment\&quot;=True"/>
        </expression>
      </condition>
      <action>
        <title value="Report as HIV-inconclusiveSchedule follow-up testing visit in 14 daysReport as syphilis positivePerform syphilis counselling and treatment or referSet &quot;HIV test result&quot;='HIV-inconclusive'Set &quot;Syphilis test result&quot;='Syphilis positive'Recommended follow-up date = &quot;Visit date&quot; + 14 daysSet &quot;Syphilis counselling and treatment&quot;=True"/>
      </action>
      <action>
        <title value="Report as HIV-inconclusiveSchedule follow-up testing visit in 14 daysReport syphilis-positive indicative of either current or past/ resolved infectionPerform syphilis counselling and treatment or refer"/>
      </action>
    </action>
    <action id="16">
      <title value="Report HIV negativeReport as syphilis positivePerform syphilis counselling and treatment or referSet &quot;HIV test result&quot;='HIV-negative'Set &quot;Syphilis test result&quot;='Syphilis positive'Set &quot;Syphilis counselling and treatment&quot;=True"/>
      <description value="Report HIV negativeReport as syphilis positivePerform syphilis counselling and treatment or referSet &quot;HIV test result&quot;='HIV-negative'Set &quot;Syphilis test result&quot;='Syphilis positive'Set &quot;Syphilis counselling and treatment&quot;=True 2"/>
      <textEquivalent value="If A1 or Repeat A1 is TP reactive, report syphilis- positive, indicative of either a current or past/resolved infection&#xA;If A1 and Repeat A1 is TP nonreactive, report syphilis-negative"/>
      <documentation>
        <type value="citation"/>
        <label value="Consolidated Guidelines on HIV Testing Services. 2019. &#xA;Fig. 2 WHO universal HIV testing strategy.&#xA;8.4.2 Multiplex testing for HIV-1 and other infections.&#xA;Figure 8.6 WHO recommended testing strategy for dual detection of HIV and syphilis in ANC settings."/>
      </documentation>
      <condition>
        <kind value="applicability"/>
        <expression>
          <description value="((HIV.E4.DT.15)&#xA;  AND (&quot;Assay number in testing strategy&quot;='Assay 1 repeated')&#xA;  AND (&quot;HIV test type&quot;='Dual HIV/syphilis rapid diagnostic test')&#xA;  AND (&quot;Test result of HIV assay 1&quot;='Reactive')&#xA;  AND (&quot;Test result of syphilis assay 1&quot;='Positive')&#xA;  AND (&quot;Test result of HIV assay 2&quot;='Non-reactive')&#xA;  AND (-)&#xA;  AND (&quot;Test result of HIV assay 1 repeated&quot;='Non-reactive')&#xA;  AND (&quot;Test result of syphilis assay 1 repeated&quot;='Syphilis negative'))&#xA;  OR ((HIV.E4.DT.16)&#xA;  AND (&quot;Assay number in testing strategy&quot;='Assay 1 repeated')&#xA;  AND (&quot;HIV test type&quot;='Dual HIV/syphilis rapid diagnostic test')&#xA;  AND (&quot;Test result of HIV assay 1&quot;='Reactive')&#xA;  AND (&quot;Test result of syphilis assay 1&quot;='Positive')&#xA;  AND (&quot;Test result of HIV assay 2&quot;='Non-reactive')&#xA;  AND (-)&#xA;  AND (&quot;Test result of HIV assay 1 repeated&quot;='Non-reactive')&#xA;  AND (&quot;Test result of syphilis assay 1 repeated&quot;='Syphilis positive'))"/>
          <language value="text/cql-identifier"/>
          <expression value="Should Report HIV negativeReport as syphilis positivePerform syphilis counselling and treatment or referSet \&quot;HIV test result\&quot;='HIV-negative'Set \&quot;Syphilis test result\&quot;='Syphilis positive'Set \&quot;Syphilis counselling and treatment\&quot;=True 2"/>
        </expression>
      </condition>
      <action>
        <title value="Report HIV negativeReport as syphilis positivePerform syphilis counselling and treatment or referSet &quot;HIV test result&quot;='HIV-negative'Set &quot;Syphilis test result&quot;='Syphilis positive'Set &quot;Syphilis counselling and treatment&quot;=True"/>
      </action>
      <action>
        <title value="Report HIV negativeReport syphilis-positive indicative of either current or past/ resolved infectionPerform syphilis counselling and treatment or refer"/>
      </action>
    </action>
    <action id="17">
      <title value="Report as HIV-inconclusiveSchedule follow-up testing visit in 14 daysReport as syphilis positivePerform syphilis counselling and treatment or referSet &quot;HIV test result&quot;='HIV-inconclusive'Set &quot;Syphilis test result&quot;='Syphilis positive'Recommended follow-up date = &quot;Visit date&quot; + 14 days"/>
      <description value="Report as HIV-inconclusiveSchedule follow-up testing visit in 14 daysReport as syphilis positivePerform syphilis counselling and treatment or referSet &quot;HIV test result&quot;='HIV-inconclusive'Set &quot;Syphilis test result&quot;='Syphilis positive'Recommended follow-up date = &quot;Visit date&quot; + 14 days"/>
      <textEquivalent value="If A1 or Repeat A1 is TP reactive, report syphilis- positive, indicative of either current or past/ resolved infection&#xA;If A1 and Repeat A1 is TP nonreactive, report syphilis-negative"/>
      <documentation>
        <type value="citation"/>
        <label value="Consolidated Guidelines on HIV Testing Services. 2019. &#xA;Fig. 2 WHO universal HIV testing strategy.&#xA;8.4.2 Multiplex testing for HIV-1 and other infections.&#xA;Figure 8.6 WHO recommended testing strategy for dual detection of HIV and syphilis in ANC settings."/>
      </documentation>
      <condition>
        <kind value="applicability"/>
        <expression>
          <description value="((HIV.E4.DT.17)&#xA;  AND (&quot;Assay number in testing strategy&quot;='Assay 1 repeated')&#xA;  AND (&quot;HIV test type&quot;='Dual HIV/syphilis rapid diagnostic test')&#xA;  AND (&quot;Test result of HIV assay 1&quot;='Reactive')&#xA;  AND (&quot;Test result of syphilis assay 1&quot;='Positive')&#xA;  AND (&quot;Test result of HIV assay 2&quot;='Non-reactive')&#xA;  AND (-)&#xA;  AND (&quot;Test result of HIV assay 1 repeated&quot;='Reactive')&#xA;  AND (&quot;Test result of syphilis assay 1 repeated&quot;='Syphilis negative'))&#xA;  OR ((HIV.E4.DT.18)&#xA;  AND (&quot;Assay number in testing strategy&quot;='Assay 1 repeated')&#xA;  AND (&quot;HIV test type&quot;='Dual HIV/syphilis rapid diagnostic test')&#xA;  AND (&quot;Test result of HIV assay 1&quot;='Reactive')&#xA;  AND (&quot;Test result of syphilis assay 1&quot;='Positive')&#xA;  AND (&quot;Test result of HIV assay 2&quot;='Non-reactive')&#xA;  AND (-)&#xA;  AND (&quot;Test result of HIV assay 1 repeated&quot;='Reactive')&#xA;  AND (&quot;Test result of syphilis assay 1 repeated&quot;='Syphilis positive'))"/>
          <language value="text/cql-identifier"/>
          <expression value="Should Report as HIV-inconclusiveSchedule follow-up testing visit in 14 daysReport as syphilis positivePerform syphilis counselling and treatment or referSet \&quot;HIV test result\&quot;='HIV-inconclusive'Set \&quot;Syphilis test result\&quot;='Syphilis positive'Recommended follow-up date = \&quot;Visit date\&quot; + 14 days"/>
        </expression>
      </condition>
      <action>
        <title value="Report as HIV-inconclusiveSchedule follow-up testing visit in 14 daysReport as syphilis positivePerform syphilis counselling and treatment or referSet &quot;HIV test result&quot;='HIV-inconclusive'Set &quot;Syphilis test result&quot;='Syphilis positive'Recommended follow-up date = &quot;Visit date&quot; + 14 days"/>
      </action>
      <action>
        <title value="Report as HIV-inconclusiveSchedule follow-up testing visit in 14 daysReport syphilis-positive indicative of either current or past/ resolved infectionPerform syphilis counselling and treatment or refer"/>
      </action>
    </action>
  </action>
</PlanDefinition>