<?xml version="1.0" encoding="UTF-8"?>

<ValueSet xmlns="http://hl7.org/fhir">
  <id value="hiv-e-de42"/>
  <text>
    <status value="extensions"/><div xmlns="http://www.w3.org/1999/xhtml"><ul><li>Include these codes as defined in <a href="CodeSystem-concept-codes.html"><code>http://fhir.org/guides/itech-uw/who-smart-hiv-dak/CodeSystem/concept-codes</code></a><table class="none"><tr><td style="white-space:nowrap"><b>Code</b></td><td><b>Display</b></td><td><b>Definition</b></td></tr><tr><td><a href="CodeSystem-concept-codes.html#concept-codes-HIV.46E.46DE42">HIV.E.DE42</a></td><td>Already on ART at first antenatal care visit</td><td>Timing of ART initiation - Already on ART at first antenatal care visit</td></tr><tr><td><a href="CodeSystem-concept-codes.html#concept-codes-HIV.46E.46DE43">HIV.E.DE43</a></td><td>Newly on ART during pregnancy</td><td>Timing of ART initiation - Newly on ART during pregnancy</td></tr><tr><td><a href="CodeSystem-concept-codes.html#concept-codes-HIV.46E.46DE44">HIV.E.DE44</a></td><td>Newly on ART during labour and delivery</td><td>Timing of ART initiation - Newly on ART during labour and delivery</td></tr></table></li></ul></div>
  </text>
  <url value="http://fhir.org/guides/itech-uw/ValueSet/hiv-e-de42"/>
  <version value="0.3.0"/>
  <name value="TimingofARTinitiationCodes"/>
  <title value="Timing of ART initiation Codes"/>
  <status value="draft"/>
  <experimental value="false"/>
  <date value="2024-04-30T19:50:03+00:00"/>
  <publisher value="World Health Organization (WHO) "/>
  <contact>
    <telecom>
      <system value="url"/>
      <value value="https://www.who.int"/>
    </telecom>
  </contact>
  <description value="Codes representing possible values for the Timing of ART initiation element"/>
  <jurisdiction>
    <coding>
      <system value="http://unstats.un.org/unsd/methods/m49/m49.htm"/>
      <code value="001"/>
    </coding>
  </jurisdiction>
  <immutable value="true"/>
  <compose>
    <include>
      <system value="http://fhir.org/guides/itech-uw/who-smart-hiv-dak/CodeSystem/concept-codes"/>
      <concept>
        <code value="HIV.E.DE42"/>
        <display value="Already on ART at first antenatal care visit"/>
      </concept>
      <concept>
        <code value="HIV.E.DE43"/>
        <display value="Newly on ART during pregnancy"/>
      </concept>
      <concept>
        <code value="HIV.E.DE44"/>
        <display value="Newly on ART during labour and delivery"/>
      </concept>
    </include>
  </compose>
</ValueSet>