<?xml version="1.0" encoding="UTF-8"?>

<ValueSet xmlns="http://hl7.org/fhir">
  <id value="hiv-b-de166"/>
  <text>
    <status value="extensions"/><div xmlns="http://www.w3.org/1999/xhtml"><ul><li>Include these codes as defined in <a href="CodeSystem-concept-codes.html"><code>http://fhir.org/guides/itech-uw/who-smart-hiv-dak/CodeSystem/concept-codes</code></a><table class="none"><tr><td style="white-space:nowrap"><b>Code</b></td><td><b>Display</b></td><td><b>Definition</b></td></tr><tr><td><a href="CodeSystem-concept-codes.html#concept-codes-HIV.46B.46DE166">HIV.B.DE166</a></td><td>Assessment and provision of vaccinations</td><td>Offer other clinical services - Assessment and provision of vaccinations</td></tr><tr><td><a href="CodeSystem-concept-codes.html#concept-codes-HIV.46B.46DE167">HIV.B.DE167</a></td><td>Hepatitis B (HBV) and hepatitis C virus (HCV) testing and treatment provided</td><td>Offer other clinical services - Hepatitis B (HBV) and hepatitis C virus (HCV) testing and treatment provided</td></tr><tr><td><a href="CodeSystem-concept-codes.html#concept-codes-HIV.46B.46DE168">HIV.B.DE168</a></td><td>Co-trimoxazole chemoprophylaxis to prevent Pneumocystis carinii pneumonia provided</td><td>Offer other clinical services - Co-trimoxazole chemoprophylaxis to prevent Pneumocystis carinii pneumonia provided</td></tr><tr><td><a href="CodeSystem-concept-codes.html#concept-codes-HIV.46B.46DE169">HIV.B.DE169</a></td><td>Intensified TB case finding and linkage to TB treatment provided</td><td>Offer other clinical services - Intensified TB case finding and linkage to TB treatment provided</td></tr><tr><td><a href="CodeSystem-concept-codes.html#concept-codes-HIV.46B.46DE170">HIV.B.DE170</a></td><td>Provision of isoniazid preventive therapy if person does not have TB</td><td>Offer other clinical services - Provision of isoniazid preventive therapy if person does not have TB</td></tr><tr><td><a href="CodeSystem-concept-codes.html#concept-codes-HIV.46B.46DE171">HIV.B.DE171</a></td><td>Malaria prevention (such as bed nets and prophylaxis), depending on epidemiology</td><td>Offer other clinical services - Malaria prevention (such as bed nets and prophylaxis), depending on epidemiology</td></tr><tr><td><a href="CodeSystem-concept-codes.html#concept-codes-HIV.46C.46DE158">HIV.C.DE158</a></td><td>Assessment and provision of vaccinations</td><td>Offer other clinical services - Assessment and provision of vaccinations</td></tr><tr><td><a href="CodeSystem-concept-codes.html#concept-codes-HIV.46C.46DE159">HIV.C.DE159</a></td><td>Hepatitis B virus (HBV) and hepatitis C virus (HCV) testing and treatment</td><td>Offer other clinical services - Hepatitis B virus (HBV) and hepatitis C virus (HCV) testing and treatment</td></tr><tr><td><a href="CodeSystem-concept-codes.html#concept-codes-HIV.46C.46DE160">HIV.C.DE160</a></td><td>Co-trimoxazole chemoprophylaxis to prevent pneumocystis carinii pneumonia</td><td>Offer other clinical services - Co-trimoxazole chemoprophylaxis to prevent pneumocystis carinii pneumonia</td></tr><tr><td><a href="CodeSystem-concept-codes.html#concept-codes-HIV.46C.46DE161">HIV.C.DE161</a></td><td>Intensified TB case finding and linkage to TB treatment</td><td>Offer other clinical services - Intensified TB case finding and linkage to TB treatment</td></tr><tr><td><a href="CodeSystem-concept-codes.html#concept-codes-HIV.46C.46DE162">HIV.C.DE162</a></td><td>Provision of isoniazid preventive therapy if person does not have TB</td><td>Offer other clinical services - Provision of isoniazid preventive therapy if person does not have TB</td></tr><tr><td><a href="CodeSystem-concept-codes.html#concept-codes-HIV.46C.46DE163">HIV.C.DE163</a></td><td>Malaria prevention (such as bed nets and prophylaxis), depending on epidemiology</td><td>Offer other clinical services - Malaria prevention (such as bed nets and prophylaxis), depending on epidemiology</td></tr><tr><td><a href="CodeSystem-concept-codes.html#concept-codes-HIV.46D.46DE754">HIV.D.DE754</a></td><td>Assessment and provision of vaccinations</td><td>Offer other clinical services - Assessment and provision of vaccinations</td></tr><tr><td><a href="CodeSystem-concept-codes.html#concept-codes-HIV.46D.46DE755">HIV.D.DE755</a></td><td>Hepatitis B (HBV) and hepatitis C virus (HCV) testing and treatment</td><td>Offer other clinical services - Hepatitis B (HBV) and hepatitis C virus (HCV) testing and treatment</td></tr><tr><td><a href="CodeSystem-concept-codes.html#concept-codes-HIV.46D.46DE756">HIV.D.DE756</a></td><td>Co-trimoxazole chemoprophylaxis to prevent pneumocystis carinii pneumonia</td><td>Offer other clinical services - Co-trimoxazole chemoprophylaxis to prevent pneumocystis carinii pneumonia</td></tr><tr><td><a href="CodeSystem-concept-codes.html#concept-codes-HIV.46D.46DE757">HIV.D.DE757</a></td><td>Intensified TB case finding and linkage to TB treatment</td><td>Offer other clinical services - Intensified TB case finding and linkage to TB treatment</td></tr><tr><td><a href="CodeSystem-concept-codes.html#concept-codes-HIV.46D.46DE758">HIV.D.DE758</a></td><td>Provision of isoniazid preventive therapy if person does not have TB</td><td>Offer other clinical services - Provision of isoniazid preventive therapy if person does not have TB</td></tr><tr><td><a href="CodeSystem-concept-codes.html#concept-codes-HIV.46D.46DE759">HIV.D.DE759</a></td><td>Malaria prevention (such as bed nets and prophylaxis), depending on epidemiology</td><td>Offer other clinical services - Malaria prevention (such as bed nets and prophylaxis), depending on epidemiology</td></tr></table></li></ul></div>
  </text>
  <url value="http://fhir.org/guides/itech-uw/ValueSet/hiv-b-de166"/>
  <version value="0.3.0"/>
  <name value="OfferotherclinicalservicesCodes"/>
  <title value="Offer other clinical services Codes"/>
  <status value="draft"/>
  <experimental value="false"/>
  <date value="2024-04-30T19:50:03+00:00"/>
  <publisher value="World Health Organization (WHO) "/>
  <contact>
    <telecom>
      <system value="url"/>
      <value value="https://www.who.int"/>
    </telecom>
  </contact>
  <description value="Codes representing possible values for the Offer other clinical services element"/>
  <jurisdiction>
    <coding>
      <system value="http://unstats.un.org/unsd/methods/m49/m49.htm"/>
      <code value="001"/>
    </coding>
  </jurisdiction>
  <immutable value="true"/>
  <compose>
    <include>
      <system value="http://fhir.org/guides/itech-uw/who-smart-hiv-dak/CodeSystem/concept-codes"/>
      <concept>
        <code value="HIV.B.DE166"/>
        <display value="Assessment and provision of vaccinations"/>
      </concept>
      <concept>
        <code value="HIV.B.DE167"/>
        <display value="Hepatitis B (HBV) and hepatitis C virus (HCV) testing and treatment provided"/>
      </concept>
      <concept>
        <code value="HIV.B.DE168"/>
        <display value="Co-trimoxazole chemoprophylaxis to prevent Pneumocystis carinii pneumonia provided"/>
      </concept>
      <concept>
        <code value="HIV.B.DE169"/>
        <display value="Intensified TB case finding and linkage to TB treatment provided"/>
      </concept>
      <concept>
        <code value="HIV.B.DE170"/>
        <display value="Provision of isoniazid preventive therapy if person does not have TB"/>
      </concept>
      <concept>
        <code value="HIV.B.DE171"/>
        <display value="Malaria prevention (such as bed nets and prophylaxis), depending on epidemiology"/>
      </concept>
      <concept>
        <code value="HIV.C.DE158"/>
        <display value="Assessment and provision of vaccinations"/>
      </concept>
      <concept>
        <code value="HIV.C.DE159"/>
        <display value="Hepatitis B virus (HBV) and hepatitis C virus (HCV) testing and treatment"/>
      </concept>
      <concept>
        <code value="HIV.C.DE160"/>
        <display value="Co-trimoxazole chemoprophylaxis to prevent pneumocystis carinii pneumonia"/>
      </concept>
      <concept>
        <code value="HIV.C.DE161"/>
        <display value="Intensified TB case finding and linkage to TB treatment"/>
      </concept>
      <concept>
        <code value="HIV.C.DE162"/>
        <display value="Provision of isoniazid preventive therapy if person does not have TB"/>
      </concept>
      <concept>
        <code value="HIV.C.DE163"/>
        <display value="Malaria prevention (such as bed nets and prophylaxis), depending on epidemiology"/>
      </concept>
      <concept>
        <code value="HIV.D.DE754"/>
        <display value="Assessment and provision of vaccinations"/>
      </concept>
      <concept>
        <code value="HIV.D.DE755"/>
        <display value="Hepatitis B (HBV) and hepatitis C virus (HCV) testing and treatment"/>
      </concept>
      <concept>
        <code value="HIV.D.DE756"/>
        <display value="Co-trimoxazole chemoprophylaxis to prevent pneumocystis carinii pneumonia"/>
      </concept>
      <concept>
        <code value="HIV.D.DE757"/>
        <display value="Intensified TB case finding and linkage to TB treatment"/>
      </concept>
      <concept>
        <code value="HIV.D.DE758"/>
        <display value="Provision of isoniazid preventive therapy if person does not have TB"/>
      </concept>
      <concept>
        <code value="HIV.D.DE759"/>
        <display value="Malaria prevention (such as bed nets and prophylaxis), depending on epidemiology"/>
      </concept>
    </include>
  </compose>
</ValueSet>