<?xml version="1.0" encoding="UTF-8"?>

<ValueSet xmlns="http://hl7.org/fhir">
  <id value="hiv-d-de1011"/>
  <text>
    <status value="extensions"/><div xmlns="http://www.w3.org/1999/xhtml"><ul><li>Include these codes as defined in <a href="CodeSystem-concept-codes.html"><code>http://fhir.org/guides/itech-uw/who-smart-hiv-dak/CodeSystem/concept-codes</code></a><table class="none"><tr><td style="white-space:nowrap"><b>Code</b></td><td><b>Display</b></td><td><b>Definition</b></td></tr><tr><td><a href="CodeSystem-concept-codes.html#concept-codes-HIV.46D.46DE1011">HIV.D.DE1011</a></td><td>Isoniazid</td><td>TB treatment regimen composition - Isoniazid</td></tr><tr><td><a href="CodeSystem-concept-codes.html#concept-codes-HIV.46D.46DE1012">HIV.D.DE1012</a></td><td>Rifampicin</td><td>TB treatment regimen composition - Rifampicin</td></tr><tr><td><a href="CodeSystem-concept-codes.html#concept-codes-HIV.46D.46DE1013">HIV.D.DE1013</a></td><td>Rifabutin</td><td>TB treatment regimen composition - Rifabutin</td></tr><tr><td><a href="CodeSystem-concept-codes.html#concept-codes-HIV.46D.46DE1014">HIV.D.DE1014</a></td><td>Ethambutol</td><td>TB treatment regimen composition - Ethambutol</td></tr><tr><td><a href="CodeSystem-concept-codes.html#concept-codes-HIV.46D.46DE1015">HIV.D.DE1015</a></td><td>Levofloxacin</td><td>TB treatment regimen composition - Levofloxacin</td></tr><tr><td><a href="CodeSystem-concept-codes.html#concept-codes-HIV.46D.46DE1016">HIV.D.DE1016</a></td><td>Pyrazinamide</td><td>TB treatment regimen composition - Pyrazinamide</td></tr></table></li></ul></div>
  </text>
  <url value="http://fhir.org/guides/itech-uw/ValueSet/hiv-d-de1011"/>
  <version value="0.3.0"/>
  <name value="TBtreatmentregimencompositionCodes"/>
  <title value="TB treatment regimen composition Codes"/>
  <status value="draft"/>
  <experimental value="false"/>
  <date value="2024-04-30T19:24:27+00:00"/>
  <publisher value="World Health Organization (WHO) "/>
  <contact>
    <telecom>
      <system value="url"/>
      <value value="https://www.who.int"/>
    </telecom>
  </contact>
  <description value="Codes representing possible values for the TB treatment regimen composition element"/>
  <jurisdiction>
    <coding>
      <system value="http://unstats.un.org/unsd/methods/m49/m49.htm"/>
      <code value="001"/>
    </coding>
  </jurisdiction>
  <immutable value="true"/>
  <compose>
    <include>
      <system value="http://fhir.org/guides/itech-uw/who-smart-hiv-dak/CodeSystem/concept-codes"/>
      <concept>
        <code value="HIV.D.DE1011"/>
        <display value="Isoniazid"/>
      </concept>
      <concept>
        <code value="HIV.D.DE1012"/>
        <display value="Rifampicin"/>
      </concept>
      <concept>
        <code value="HIV.D.DE1013"/>
        <display value="Rifabutin"/>
      </concept>
      <concept>
        <code value="HIV.D.DE1014"/>
        <display value="Ethambutol"/>
      </concept>
      <concept>
        <code value="HIV.D.DE1015"/>
        <display value="Levofloxacin"/>
      </concept>
      <concept>
        <code value="HIV.D.DE1016"/>
        <display value="Pyrazinamide"/>
      </concept>
    </include>
  </compose>
</ValueSet>