<?xml version="1.0" encoding="UTF-8"?>

<ValueSet xmlns="http://hl7.org/fhir">
  <id value="hiv-h-de18"/>
  <text>
    <status value="extensions"/><div xmlns="http://www.w3.org/1999/xhtml"><ul><li>Include these codes as defined in <a href="CodeSystem-concept-codes.html"><code>http://fhir.org/guides/itech-uw/who-smart-hiv-dak/CodeSystem/concept-codes</code></a><table class="none"><tr><td style="white-space:nowrap"><b>Code</b></td><td><b>Display</b></td><td><b>Definition</b></td></tr><tr><td><a href="CodeSystem-concept-codes.html#concept-codes-HIV.46H.46DE18">HIV.H.DE18</a></td><td>Client</td><td>Source of information - Client</td></tr><tr><td><a href="CodeSystem-concept-codes.html#concept-codes-HIV.46H.46DE19">HIV.H.DE19</a></td><td>Informed by treatment provider</td><td>Source of information - Informed by treatment provider</td></tr><tr><td><a href="CodeSystem-concept-codes.html#concept-codes-HIV.46H.46DE20">HIV.H.DE20</a></td><td>Informed by family or partner</td><td>Source of information - Informed by family or partner</td></tr><tr><td><a href="CodeSystem-concept-codes.html#concept-codes-HIV.46H.46DE21">HIV.H.DE21</a></td><td>Other source of information</td><td>Source of information - Other source of information</td></tr></table></li></ul></div>
  </text>
  <url value="http://fhir.org/guides/itech-uw/ValueSet/hiv-h-de18"/>
  <version value="0.3.0"/>
  <name value="SourceofinformationCodes"/>
  <title value="Source of information Codes"/>
  <status value="draft"/>
  <experimental value="false"/>
  <date value="2024-06-06T18:10:14+00:00"/>
  <publisher value="World Health Organization (WHO) "/>
  <contact>
    <telecom>
      <system value="url"/>
      <value value="https://www.who.int"/>
    </telecom>
  </contact>
  <description value="Codes representing possible values for the Source of information element"/>
  <jurisdiction>
    <coding>
      <system value="http://unstats.un.org/unsd/methods/m49/m49.htm"/>
      <code value="001"/>
    </coding>
  </jurisdiction>
  <immutable value="true"/>
  <compose>
    <include>
      <system value="http://fhir.org/guides/itech-uw/who-smart-hiv-dak/CodeSystem/concept-codes"/>
      <concept>
        <code value="HIV.H.DE18"/>
        <display value="Client"/>
      </concept>
      <concept>
        <code value="HIV.H.DE19"/>
        <display value="Informed by treatment provider"/>
      </concept>
      <concept>
        <code value="HIV.H.DE20"/>
        <display value="Informed by family or partner"/>
      </concept>
      <concept>
        <code value="HIV.H.DE21"/>
        <display value="Other source of information"/>
      </concept>
    </include>
  </compose>
</ValueSet>