<?xml version="1.0" encoding="UTF-8"?>

<ValueSet xmlns="http://hl7.org/fhir">
  <id value="hiv-e-de128"/>
  <text>
    <status value="extensions"/><div xmlns="http://www.w3.org/1999/xhtml"><ul><li>Include these codes as defined in <a href="CodeSystem-concept-codes.html"><code>http://fhir.org/guides/itech-uw/who-smart-hiv-dak/CodeSystem/concept-codes</code></a><table class="none"><tr><td style="white-space:nowrap"><b>Code</b></td><td><b>Display</b></td><td><b>Definition</b></td></tr><tr><td><a href="CodeSystem-concept-codes.html#concept-codes-HIV.46E.46DE128">HIV.E.DE128</a></td><td>Exclusively breastfeeding</td><td>Infant feeding practice - Exclusively breastfeeding</td></tr><tr><td><a href="CodeSystem-concept-codes.html#concept-codes-HIV.46E.46DE129">HIV.E.DE129</a></td><td>Replacement feeding</td><td>Infant feeding practice - Replacement feeding</td></tr><tr><td><a href="CodeSystem-concept-codes.html#concept-codes-HIV.46E.46DE130">HIV.E.DE130</a></td><td>Mixed feeding</td><td>Infant feeding practice - Mixed feeding</td></tr></table></li></ul></div>
  </text>
  <url value="http://fhir.org/guides/itech-uw/ValueSet/hiv-e-de128"/>
  <version value="0.3.0"/>
  <name value="InfantfeedingpracticeCodes"/>
  <title value="Infant feeding practice Codes"/>
  <status value="draft"/>
  <experimental value="false"/>
  <date value="2024-04-30T19:53:06+00:00"/>
  <publisher value="World Health Organization (WHO) "/>
  <contact>
    <telecom>
      <system value="url"/>
      <value value="https://www.who.int"/>
    </telecom>
  </contact>
  <description value="Codes representing possible values for the Infant feeding practice element"/>
  <jurisdiction>
    <coding>
      <system value="http://unstats.un.org/unsd/methods/m49/m49.htm"/>
      <code value="001"/>
    </coding>
  </jurisdiction>
  <immutable value="true"/>
  <compose>
    <include>
      <system value="http://fhir.org/guides/itech-uw/who-smart-hiv-dak/CodeSystem/concept-codes"/>
      <concept>
        <code value="HIV.E.DE128"/>
        <display value="Exclusively breastfeeding"/>
      </concept>
      <concept>
        <code value="HIV.E.DE129"/>
        <display value="Replacement feeding"/>
      </concept>
      <concept>
        <code value="HIV.E.DE130"/>
        <display value="Mixed feeding"/>
      </concept>
    </include>
  </compose>
</ValueSet>