<?xml version="1.0" encoding="UTF-8"?>

<ValueSet xmlns="http://hl7.org/fhir">
  <id value="hiv-d-de1003"/>
  <text>
    <status value="extensions"/><div xmlns="http://www.w3.org/1999/xhtml"><ul><li>Include these codes as defined in <a href="CodeSystem-concept-codes.html"><code>http://fhir.org/guides/itech-uw/who-smart-hiv-dak/CodeSystem/concept-codes</code></a><table class="none"><tr><td style="white-space:nowrap"><b>Code</b></td><td><b>Display</b></td><td><b>Definition</b></td></tr><tr><td><a href="CodeSystem-concept-codes.html#concept-codes-HIV.46D.46DE1003">HIV.D.DE1003</a></td><td>Treatment failed</td><td>TB treatment outcome - Treatment failed</td></tr><tr><td><a href="CodeSystem-concept-codes.html#concept-codes-HIV.46D.46DE1004">HIV.D.DE1004</a></td><td>Cured</td><td>TB treatment outcome - Cured</td></tr><tr><td><a href="CodeSystem-concept-codes.html#concept-codes-HIV.46D.46DE1005">HIV.D.DE1005</a></td><td>Treatment completed</td><td>TB treatment outcome - Treatment completed</td></tr><tr><td><a href="CodeSystem-concept-codes.html#concept-codes-HIV.46D.46DE1006">HIV.D.DE1006</a></td><td>Died</td><td>TB treatment outcome - Died</td></tr><tr><td><a href="CodeSystem-concept-codes.html#concept-codes-HIV.46D.46DE1007">HIV.D.DE1007</a></td><td>Lost to follow-up</td><td>TB treatment outcome - Lost to follow-up</td></tr><tr><td><a href="CodeSystem-concept-codes.html#concept-codes-HIV.46D.46DE1008">HIV.D.DE1008</a></td><td>Not evaluated</td><td>TB treatment outcome - Not evaluated</td></tr></table></li></ul></div>
  </text>
  <url value="http://fhir.org/guides/itech-uw/ValueSet/hiv-d-de1003"/>
  <version value="0.3.0"/>
  <name value="TBtreatmentoutcomeCodes"/>
  <title value="TB treatment outcome Codes"/>
  <status value="draft"/>
  <experimental value="false"/>
  <date value="2024-04-30T19:24:27+00:00"/>
  <publisher value="World Health Organization (WHO) "/>
  <contact>
    <telecom>
      <system value="url"/>
      <value value="https://www.who.int"/>
    </telecom>
  </contact>
  <description value="Codes representing possible values for the TB treatment outcome element"/>
  <jurisdiction>
    <coding>
      <system value="http://unstats.un.org/unsd/methods/m49/m49.htm"/>
      <code value="001"/>
    </coding>
  </jurisdiction>
  <immutable value="true"/>
  <compose>
    <include>
      <system value="http://fhir.org/guides/itech-uw/who-smart-hiv-dak/CodeSystem/concept-codes"/>
      <concept>
        <code value="HIV.D.DE1003"/>
        <display value="Treatment failed"/>
      </concept>
      <concept>
        <code value="HIV.D.DE1004"/>
        <display value="Cured"/>
      </concept>
      <concept>
        <code value="HIV.D.DE1005"/>
        <display value="Treatment completed"/>
      </concept>
      <concept>
        <code value="HIV.D.DE1006"/>
        <display value="Died"/>
      </concept>
      <concept>
        <code value="HIV.D.DE1007"/>
        <display value="Lost to follow-up"/>
      </concept>
      <concept>
        <code value="HIV.D.DE1008"/>
        <display value="Not evaluated"/>
      </concept>
    </include>
  </compose>
</ValueSet>