<?xml version="1.0" encoding="UTF-8"?>

<ValueSet xmlns="http://hl7.org/fhir">
  <id value="hiv-b-de318"/>
  <text>
    <status value="extensions"/><div xmlns="http://www.w3.org/1999/xhtml"><ul><li>Include these codes as defined in <a href="CodeSystem-concept-codes.html"><code>http://fhir.org/guides/itech-uw/who-smart-hiv-dak/CodeSystem/concept-codes</code></a><table class="none"><tr><td style="white-space:nowrap"><b>Code</b></td><td><b>Display</b></td><td><b>Definition</b></td></tr><tr><td><a href="CodeSystem-concept-codes.html#concept-codes-HIV.46B.46DE318">HIV.B.DE318</a></td><td>Treponemal</td><td>Confirmatory syphilis test type - Treponemal</td></tr><tr><td><a href="CodeSystem-concept-codes.html#concept-codes-HIV.46B.46DE319">HIV.B.DE319</a></td><td>Non-treponemal</td><td>Confirmatory syphilis test type - Non-treponemal</td></tr><tr><td><a href="CodeSystem-concept-codes.html#concept-codes-HIV.46B.46DE320">HIV.B.DE320</a></td><td>POC Test</td><td>Confirmatory syphilis test type - POC Test</td></tr><tr><td><a href="CodeSystem-concept-codes.html#concept-codes-HIV.46B.46DE321">HIV.B.DE321</a></td><td>NAAT</td><td>Confirmatory syphilis test type - NAAT</td></tr><tr><td><a href="CodeSystem-concept-codes.html#concept-codes-HIV.46B.46DE322">HIV.B.DE322</a></td><td>Other</td><td>Confirmatory syphilis test type - Other</td></tr><tr><td><a href="CodeSystem-concept-codes.html#concept-codes-HIV.46D.46DE870">HIV.D.DE870</a></td><td>Treponemal</td><td>Confirmatory syphilis test type - Treponemal</td></tr><tr><td><a href="CodeSystem-concept-codes.html#concept-codes-HIV.46D.46DE871">HIV.D.DE871</a></td><td>Non-treponemal</td><td>Confirmatory syphilis test type - Non-treponemal</td></tr><tr><td><a href="CodeSystem-concept-codes.html#concept-codes-HIV.46D.46DE872">HIV.D.DE872</a></td><td>POC Test</td><td>Confirmatory syphilis test type - POC Test</td></tr><tr><td><a href="CodeSystem-concept-codes.html#concept-codes-HIV.46D.46DE873">HIV.D.DE873</a></td><td>NAAT</td><td>Confirmatory syphilis test type - NAAT</td></tr><tr><td><a href="CodeSystem-concept-codes.html#concept-codes-HIV.46D.46DE874">HIV.D.DE874</a></td><td>Other</td><td>Confirmatory syphilis test type - Other</td></tr></table></li></ul></div>
  </text>
  <url value="http://fhir.org/guides/itech-uw/ValueSet/hiv-b-de318"/>
  <version value="0.3.0"/>
  <name value="ConfirmatorysyphilistesttypeCodes"/>
  <title value="Confirmatory syphilis test type Codes"/>
  <status value="draft"/>
  <experimental value="false"/>
  <date value="2024-06-06T18:10:14+00:00"/>
  <publisher value="World Health Organization (WHO) "/>
  <contact>
    <telecom>
      <system value="url"/>
      <value value="https://www.who.int"/>
    </telecom>
  </contact>
  <description value="Codes representing possible values for the Confirmatory syphilis test type element"/>
  <jurisdiction>
    <coding>
      <system value="http://unstats.un.org/unsd/methods/m49/m49.htm"/>
      <code value="001"/>
    </coding>
  </jurisdiction>
  <immutable value="true"/>
  <compose>
    <include>
      <system value="http://fhir.org/guides/itech-uw/who-smart-hiv-dak/CodeSystem/concept-codes"/>
      <concept>
        <code value="HIV.B.DE318"/>
        <display value="Treponemal"/>
      </concept>
      <concept>
        <code value="HIV.B.DE319"/>
        <display value="Non-treponemal"/>
      </concept>
      <concept>
        <code value="HIV.B.DE320"/>
        <display value="POC Test"/>
      </concept>
      <concept>
        <code value="HIV.B.DE321"/>
        <display value="NAAT"/>
      </concept>
      <concept>
        <code value="HIV.B.DE322"/>
        <display value="Other"/>
      </concept>
      <concept>
        <code value="HIV.D.DE870"/>
        <display value="Treponemal"/>
      </concept>
      <concept>
        <code value="HIV.D.DE871"/>
        <display value="Non-treponemal"/>
      </concept>
      <concept>
        <code value="HIV.D.DE872"/>
        <display value="POC Test"/>
      </concept>
      <concept>
        <code value="HIV.D.DE873"/>
        <display value="NAAT"/>
      </concept>
      <concept>
        <code value="HIV.D.DE874"/>
        <display value="Other"/>
      </concept>
    </include>
  </compose>
</ValueSet>