<?xml version="1.0" encoding="UTF-8"?>

<ValueSet xmlns="http://hl7.org/fhir">
  <id value="hiv-d-de1035"/>
  <text>
    <status value="extensions"/><div xmlns="http://www.w3.org/1999/xhtml"><ul><li>Include these codes as defined in <a href="CodeSystem-concept-codes.html"><code>http://fhir.org/guides/itech-uw/who-smart-hiv-dak/CodeSystem/concept-codes</code></a><table class="none"><tr><td style="white-space:nowrap"><b>Code</b></td><td><b>Display</b></td><td><b>Definition</b></td></tr><tr><td><a href="CodeSystem-concept-codes.html#concept-codes-HIV.46D.46DE1035">HIV.D.DE1035</a></td><td>Not started</td><td>TB preventive treatment (TPT) status - Not started</td></tr><tr><td><a href="CodeSystem-concept-codes.html#concept-codes-HIV.46D.46DE1036">HIV.D.DE1036</a></td><td>On TPT</td><td>TB preventive treatment (TPT) status - On TPT</td></tr><tr><td><a href="CodeSystem-concept-codes.html#concept-codes-HIV.46D.46DE1037">HIV.D.DE1037</a></td><td>On TPT with interruptions</td><td>TB preventive treatment (TPT) status - On TPT with interruptions</td></tr><tr><td><a href="CodeSystem-concept-codes.html#concept-codes-HIV.46D.46DE1038">HIV.D.DE1038</a></td><td>On hold</td><td>TB preventive treatment (TPT) status - On hold</td></tr><tr><td><a href="CodeSystem-concept-codes.html#concept-codes-HIV.46D.46DE1039">HIV.D.DE1039</a></td><td>Completed</td><td>TB preventive treatment (TPT) status - Completed</td></tr></table></li></ul></div>
  </text>
  <url value="http://fhir.org/guides/itech-uw/ValueSet/hiv-d-de1035"/>
  <version value="0.3.0"/>
  <name value="TBpreventivetreatmentTPTstatusCodes"/>
  <title value="TB preventive treatment (TPT) status Codes"/>
  <status value="draft"/>
  <experimental value="false"/>
  <date value="2024-04-30T19:53:06+00:00"/>
  <publisher value="World Health Organization (WHO) "/>
  <contact>
    <telecom>
      <system value="url"/>
      <value value="https://www.who.int"/>
    </telecom>
  </contact>
  <description value="Codes representing possible values for the TB preventive treatment (TPT) status element"/>
  <jurisdiction>
    <coding>
      <system value="http://unstats.un.org/unsd/methods/m49/m49.htm"/>
      <code value="001"/>
    </coding>
  </jurisdiction>
  <immutable value="true"/>
  <compose>
    <include>
      <system value="http://fhir.org/guides/itech-uw/who-smart-hiv-dak/CodeSystem/concept-codes"/>
      <concept>
        <code value="HIV.D.DE1035"/>
        <display value="Not started"/>
      </concept>
      <concept>
        <code value="HIV.D.DE1036"/>
        <display value="On TPT"/>
      </concept>
      <concept>
        <code value="HIV.D.DE1037"/>
        <display value="On TPT with interruptions"/>
      </concept>
      <concept>
        <code value="HIV.D.DE1038"/>
        <display value="On hold"/>
      </concept>
      <concept>
        <code value="HIV.D.DE1039"/>
        <display value="Completed"/>
      </concept>
    </include>
  </compose>
</ValueSet>