<?xml version="1.0" encoding="UTF-8"?>

<ValueSet xmlns="http://hl7.org/fhir">
  <id value="hiv-d-de66"/>
  <text>
    <status value="extensions"/><div xmlns="http://www.w3.org/1999/xhtml"><ul><li>Include these codes as defined in <a href="CodeSystem-concept-codes.html"><code>http://fhir.org/guides/itech-uw/who-smart-hiv-dak/CodeSystem/concept-codes</code></a><table class="none"><tr><td style="white-space:nowrap"><b>Code</b></td><td><b>Display</b></td><td><b>Definition</b></td></tr><tr><td><a href="CodeSystem-concept-codes.html#concept-codes-HIV.46D.46DE66">HIV.D.DE66</a></td><td>No chronic or past health conditions</td><td>Existing chronic health conditions - No chronic or past health conditions</td></tr><tr><td><a href="CodeSystem-concept-codes.html#concept-codes-HIV.46D.46DE67">HIV.D.DE67</a></td><td>Don't know</td><td>Existing chronic health conditions - Don't know</td></tr><tr><td><a href="CodeSystem-concept-codes.html#concept-codes-HIV.46D.46DE68">HIV.D.DE68</a></td><td>Diabetes other or unspecified</td><td>Existing chronic health conditions - Diabetes other or unspecified</td></tr><tr><td><a href="CodeSystem-concept-codes.html#concept-codes-HIV.46D.46DE69">HIV.D.DE69</a></td><td>Diabetes pre-existing type 1</td><td>Existing chronic health conditions - Diabetes pre-existing type 1</td></tr><tr><td><a href="CodeSystem-concept-codes.html#concept-codes-HIV.46D.46DE70">HIV.D.DE70</a></td><td>Diabetes pre-existing type 2</td><td>Existing chronic health conditions - Diabetes pre-existing type 2</td></tr><tr><td><a href="CodeSystem-concept-codes.html#concept-codes-HIV.46D.46DE71">HIV.D.DE71</a></td><td>Hypertension</td><td>Existing chronic health conditions - Hypertension</td></tr><tr><td><a href="CodeSystem-concept-codes.html#concept-codes-HIV.46D.46DE72">HIV.D.DE72</a></td><td>Other</td><td>Existing chronic health conditions - Other</td></tr></table></li></ul></div>
  </text>
  <url value="http://fhir.org/guides/itech-uw/ValueSet/hiv-d-de66"/>
  <version value="0.3.0"/>
  <name value="ExistingchronichealthconditionsCodes"/>
  <title value="Existing chronic health conditions Codes"/>
  <status value="draft"/>
  <experimental value="false"/>
  <date value="2024-05-15T17:51:55+00:00"/>
  <publisher value="World Health Organization (WHO) "/>
  <contact>
    <telecom>
      <system value="url"/>
      <value value="https://www.who.int"/>
    </telecom>
  </contact>
  <description value="Codes representing possible values for the Existing chronic health conditions element"/>
  <jurisdiction>
    <coding>
      <system value="http://unstats.un.org/unsd/methods/m49/m49.htm"/>
      <code value="001"/>
    </coding>
  </jurisdiction>
  <immutable value="true"/>
  <compose>
    <include>
      <system value="http://fhir.org/guides/itech-uw/who-smart-hiv-dak/CodeSystem/concept-codes"/>
      <concept>
        <code value="HIV.D.DE66"/>
        <display value="No chronic or past health conditions"/>
      </concept>
      <concept>
        <code value="HIV.D.DE67"/>
        <display value="Don't know"/>
      </concept>
      <concept>
        <code value="HIV.D.DE68"/>
        <display value="Diabetes other or unspecified"/>
      </concept>
      <concept>
        <code value="HIV.D.DE69"/>
        <display value="Diabetes pre-existing type 1"/>
      </concept>
      <concept>
        <code value="HIV.D.DE70"/>
        <display value="Diabetes pre-existing type 2"/>
      </concept>
      <concept>
        <code value="HIV.D.DE71"/>
        <display value="Hypertension"/>
      </concept>
      <concept>
        <code value="HIV.D.DE72"/>
        <display value="Other"/>
      </concept>
    </include>
  </compose>
</ValueSet>