<?xml version="1.0" encoding="UTF-8"?>

<ValueSet xmlns="http://hl7.org/fhir">
  <id value="hiv-b-de38"/>
  <text>
    <status value="extensions"/><div xmlns="http://www.w3.org/1999/xhtml"><ul><li>Include these codes as defined in <a href="CodeSystem-concept-codes.html"><code>http://fhir.org/guides/itech-uw/who-smart-hiv-dak/CodeSystem/concept-codes</code></a><table class="none"><tr><td style="white-space:nowrap"><b>Code</b></td><td><b>Display</b></td><td><b>Definition</b></td></tr><tr><td><a href="CodeSystem-concept-codes.html#concept-codes-HIV.46B.46DE38">HIV.B.DE38</a></td><td>Sex worker</td><td>Partner is from a key population* - Sex worker</td></tr><tr><td><a href="CodeSystem-concept-codes.html#concept-codes-HIV.46B.46DE39">HIV.B.DE39</a></td><td>Men who have sex with men</td><td>Partner is from a key population* - Men who have sex with men</td></tr><tr><td><a href="CodeSystem-concept-codes.html#concept-codes-HIV.46B.46DE40">HIV.B.DE40</a></td><td>Trans and gender-diverse people</td><td>Partner is from a key population* - Trans and gender-diverse people</td></tr><tr><td><a href="CodeSystem-concept-codes.html#concept-codes-HIV.46B.46DE41">HIV.B.DE41</a></td><td>People who inject drugs</td><td>Partner is from a key population* - People who inject drugs</td></tr><tr><td><a href="CodeSystem-concept-codes.html#concept-codes-HIV.46B.46DE42">HIV.B.DE42</a></td><td>People living in prisons and other closed settings</td><td>Partner is from a key population* - People living in prisons and other closed settings</td></tr></table></li></ul></div>
  </text>
  <url value="http://fhir.org/guides/itech-uw/ValueSet/hiv-b-de38"/>
  <version value="0.3.0"/>
  <name value="Partnerisfromakeypopulation*Codes"/>
  <title value="Partner is from a key population* Codes"/>
  <status value="draft"/>
  <experimental value="false"/>
  <date value="2024-06-10T14:32:54+00:00"/>
  <publisher value="World Health Organization (WHO) "/>
  <contact>
    <telecom>
      <system value="url"/>
      <value value="https://www.who.int"/>
    </telecom>
  </contact>
  <description value="Codes representing possible values for the Partner is from a key population* element"/>
  <jurisdiction>
    <coding>
      <system value="http://unstats.un.org/unsd/methods/m49/m49.htm"/>
      <code value="001"/>
    </coding>
  </jurisdiction>
  <immutable value="true"/>
  <compose>
    <include>
      <system value="http://fhir.org/guides/itech-uw/who-smart-hiv-dak/CodeSystem/concept-codes"/>
      <concept>
        <code value="HIV.B.DE38"/>
        <display value="Sex worker"/>
      </concept>
      <concept>
        <code value="HIV.B.DE39"/>
        <display value="Men who have sex with men"/>
      </concept>
      <concept>
        <code value="HIV.B.DE40"/>
        <display value="Trans and gender-diverse people"/>
      </concept>
      <concept>
        <code value="HIV.B.DE41"/>
        <display value="People who inject drugs"/>
      </concept>
      <concept>
        <code value="HIV.B.DE42"/>
        <display value="People living in prisons and other closed settings"/>
      </concept>
    </include>
  </compose>
</ValueSet>