<?xml version="1.0" encoding="UTF-8"?>

<ValueSet xmlns="http://hl7.org/fhir">
  <id value="hiv-i-de3"/>
  <text>
    <status value="extensions"/><div xmlns="http://www.w3.org/1999/xhtml"><ul><li>Include these codes as defined in <a href="CodeSystem-concept-codes.html"><code>http://fhir.org/guides/itech-uw/who-smart-hiv-dak/CodeSystem/concept-codes</code></a><table class="none"><tr><td style="white-space:nowrap"><b>Code</b></td><td><b>Display</b></td><td><b>Definition</b></td></tr><tr><td><a href="CodeSystem-concept-codes.html#concept-codes-HIV.46I.46DE3">HIV.I.DE3</a></td><td>Hospital</td><td>Reason for referral - Hospital</td></tr><tr><td><a href="CodeSystem-concept-codes.html#concept-codes-HIV.46I.46DE4">HIV.I.DE4</a></td><td>Referral for screening including diagnostics and lab testing</td><td>Reason for referral - Referral for screening including diagnostics and lab testing</td></tr><tr><td><a href="CodeSystem-concept-codes.html#concept-codes-HIV.46I.46DE5">HIV.I.DE5</a></td><td>TB referral</td><td>Reason for referral - TB referral</td></tr><tr><td><a href="CodeSystem-concept-codes.html#concept-codes-HIV.46I.46DE6">HIV.I.DE6</a></td><td>Antenatal care referral</td><td>Reason for referral - Antenatal care referral</td></tr><tr><td><a href="CodeSystem-concept-codes.html#concept-codes-HIV.46I.46DE7">HIV.I.DE7</a></td><td>Referral for other general services</td><td>Reason for referral - Referral for other general services</td></tr></table></li></ul></div>
  </text>
  <url value="http://fhir.org/guides/itech-uw/ValueSet/hiv-i-de3"/>
  <version value="0.3.0"/>
  <name value="ReasonforreferralCodes"/>
  <title value="Reason for referral Codes"/>
  <status value="draft"/>
  <experimental value="false"/>
  <date value="2024-04-30T19:53:06+00:00"/>
  <publisher value="World Health Organization (WHO) "/>
  <contact>
    <telecom>
      <system value="url"/>
      <value value="https://www.who.int"/>
    </telecom>
  </contact>
  <description value="Codes representing possible values for the Reason for referral element"/>
  <jurisdiction>
    <coding>
      <system value="http://unstats.un.org/unsd/methods/m49/m49.htm"/>
      <code value="001"/>
    </coding>
  </jurisdiction>
  <immutable value="true"/>
  <compose>
    <include>
      <system value="http://fhir.org/guides/itech-uw/who-smart-hiv-dak/CodeSystem/concept-codes"/>
      <concept>
        <code value="HIV.I.DE3"/>
        <display value="Hospital"/>
      </concept>
      <concept>
        <code value="HIV.I.DE4"/>
        <display value="Referral for screening including diagnostics and lab testing"/>
      </concept>
      <concept>
        <code value="HIV.I.DE5"/>
        <display value="TB referral"/>
      </concept>
      <concept>
        <code value="HIV.I.DE6"/>
        <display value="Antenatal care referral"/>
      </concept>
      <concept>
        <code value="HIV.I.DE7"/>
        <display value="Referral for other general services"/>
      </concept>
    </include>
  </compose>
</ValueSet>