<?xml version="1.0" encoding="UTF-8"?>

<ValueSet xmlns="http://hl7.org/fhir">
  <id value="hiv-d-de713"/>
  <text>
    <status value="extensions"/><div xmlns="http://www.w3.org/1999/xhtml"><ul><li>Include these codes as defined in <a href="CodeSystem-concept-codes.html"><code>http://fhir.org/guides/itech-uw/who-smart-hiv-dak/CodeSystem/concept-codes</code></a><table class="none"><tr><td style="white-space:nowrap"><b>Code</b></td><td><b>Display</b></td><td><b>Definition</b></td></tr><tr><td><a href="CodeSystem-concept-codes.html#concept-codes-HIV.46D.46DE713">HIV.D.DE713</a></td><td>Stage 0</td><td>Cervical cancer stage at diagnosis - Stage 0</td></tr><tr><td><a href="CodeSystem-concept-codes.html#concept-codes-HIV.46D.46DE714">HIV.D.DE714</a></td><td>Stage I</td><td>Cervical cancer stage at diagnosis - Stage I</td></tr><tr><td><a href="CodeSystem-concept-codes.html#concept-codes-HIV.46D.46DE715">HIV.D.DE715</a></td><td>Stage II</td><td>Cervical cancer stage at diagnosis - Stage II</td></tr><tr><td><a href="CodeSystem-concept-codes.html#concept-codes-HIV.46D.46DE716">HIV.D.DE716</a></td><td>Stage III</td><td>Cervical cancer stage at diagnosis - Stage III</td></tr><tr><td><a href="CodeSystem-concept-codes.html#concept-codes-HIV.46D.46DE717">HIV.D.DE717</a></td><td>Stage IV</td><td>Cervical cancer stage at diagnosis - Stage IV</td></tr></table></li></ul></div>
  </text>
  <url value="http://fhir.org/guides/itech-uw/ValueSet/hiv-d-de713"/>
  <version value="0.3.0"/>
  <name value="CervicalcancerstageatdiagnosisCodes"/>
  <title value="Cervical cancer stage at diagnosis Codes"/>
  <status value="draft"/>
  <experimental value="false"/>
  <date value="2024-04-30T19:50:03+00:00"/>
  <publisher value="World Health Organization (WHO) "/>
  <contact>
    <telecom>
      <system value="url"/>
      <value value="https://www.who.int"/>
    </telecom>
  </contact>
  <description value="Codes representing possible values for the Cervical cancer stage at diagnosis element"/>
  <jurisdiction>
    <coding>
      <system value="http://unstats.un.org/unsd/methods/m49/m49.htm"/>
      <code value="001"/>
    </coding>
  </jurisdiction>
  <immutable value="true"/>
  <compose>
    <include>
      <system value="http://fhir.org/guides/itech-uw/who-smart-hiv-dak/CodeSystem/concept-codes"/>
      <concept>
        <code value="HIV.D.DE713"/>
        <display value="Stage 0"/>
      </concept>
      <concept>
        <code value="HIV.D.DE714"/>
        <display value="Stage I"/>
      </concept>
      <concept>
        <code value="HIV.D.DE715"/>
        <display value="Stage II"/>
      </concept>
      <concept>
        <code value="HIV.D.DE716"/>
        <display value="Stage III"/>
      </concept>
      <concept>
        <code value="HIV.D.DE717"/>
        <display value="Stage IV"/>
      </concept>
    </include>
  </compose>
</ValueSet>