<?xml version="1.0" encoding="UTF-8"?>

<ValueSet xmlns="http://hl7.org/fhir">
  <id value="hiv-d-de91"/>
  <text>
    <status value="extensions"/><div xmlns="http://www.w3.org/1999/xhtml"><ul><li>Include these codes as defined in <a href="CodeSystem-concept-codes.html"><code>http://fhir.org/guides/itech-uw/who-smart-hiv-dak/CodeSystem/concept-codes</code></a><table class="none"><tr><td style="white-space:nowrap"><b>Code</b></td><td><b>Display</b></td><td><b>Definition</b></td></tr><tr><td><a href="CodeSystem-concept-codes.html#concept-codes-HIV.46D.46DE91">HIV.D.DE91</a></td><td>ABC + 3TC + ATV/r</td><td>ART regimen - ABC + 3TC + ATV/r</td></tr><tr><td><a href="CodeSystem-concept-codes.html#concept-codes-HIV.46D.46DE92">HIV.D.DE92</a></td><td>ABC + 3TC + DTG</td><td>ART regimen - ABC + 3TC + DTG</td></tr><tr><td><a href="CodeSystem-concept-codes.html#concept-codes-HIV.46D.46DE93">HIV.D.DE93</a></td><td>ABC + 3TC + EFV</td><td>ART regimen - ABC + 3TC + EFV</td></tr><tr><td><a href="CodeSystem-concept-codes.html#concept-codes-HIV.46D.46DE94">HIV.D.DE94</a></td><td>ABC + 3TC + LPV/r</td><td>ART regimen - ABC + 3TC + LPV/r</td></tr><tr><td><a href="CodeSystem-concept-codes.html#concept-codes-HIV.46D.46DE95">HIV.D.DE95</a></td><td>ABC + 3TC + NVP</td><td>ART regimen - ABC + 3TC + NVP</td></tr><tr><td><a href="CodeSystem-concept-codes.html#concept-codes-HIV.46D.46DE96">HIV.D.DE96</a></td><td>ABC + 3TC + RAL</td><td>ART regimen - ABC + 3TC + RAL</td></tr><tr><td><a href="CodeSystem-concept-codes.html#concept-codes-HIV.46D.46DE97">HIV.D.DE97</a></td><td>AZT + 3TC + ATV/r</td><td>ART regimen - AZT + 3TC + ATV/r</td></tr><tr><td><a href="CodeSystem-concept-codes.html#concept-codes-HIV.46D.46DE98">HIV.D.DE98</a></td><td>AZT + 3TC + DRV/r</td><td>ART regimen - AZT + 3TC + DRV/r</td></tr><tr><td><a href="CodeSystem-concept-codes.html#concept-codes-HIV.46D.46DE99">HIV.D.DE99</a></td><td>AZT + 3TC + DTG</td><td>ART regimen - AZT + 3TC + DTG</td></tr><tr><td><a href="CodeSystem-concept-codes.html#concept-codes-HIV.46D.46DE100">HIV.D.DE100</a></td><td>AZT + 3TC + EFV</td><td>ART regimen - AZT + 3TC + EFV</td></tr><tr><td><a href="CodeSystem-concept-codes.html#concept-codes-HIV.46D.46DE101">HIV.D.DE101</a></td><td>AZT + 3TC + EFV 600 mg</td><td>ART regimen - AZT + 3TC + EFV 600 mg</td></tr><tr><td><a href="CodeSystem-concept-codes.html#concept-codes-HIV.46D.46DE102">HIV.D.DE102</a></td><td>AZT + 3TC + LPV/r</td><td>ART regimen - AZT + 3TC + LPV/r</td></tr><tr><td><a href="CodeSystem-concept-codes.html#concept-codes-HIV.46D.46DE103">HIV.D.DE103</a></td><td>AZT + 3TC + NVP</td><td>ART regimen - AZT + 3TC + NVP</td></tr><tr><td><a href="CodeSystem-concept-codes.html#concept-codes-HIV.46D.46DE104">HIV.D.DE104</a></td><td>AZT + 3TC + RAL</td><td>ART regimen - AZT + 3TC + RAL</td></tr><tr><td><a href="CodeSystem-concept-codes.html#concept-codes-HIV.46D.46DE105">HIV.D.DE105</a></td><td>TAF + 3TC + DTG</td><td>ART regimen - TAF + 3TC + DTG</td></tr><tr><td><a href="CodeSystem-concept-codes.html#concept-codes-HIV.46D.46DE106">HIV.D.DE106</a></td><td>TAF + FTC + DTG</td><td>ART regimen - TAF + FTC + DTG</td></tr><tr><td><a href="CodeSystem-concept-codes.html#concept-codes-HIV.46D.46DE107">HIV.D.DE107</a></td><td>TDF + 3TC + ATV/r</td><td>ART regimen - TDF + 3TC + ATV/r</td></tr><tr><td><a href="CodeSystem-concept-codes.html#concept-codes-HIV.46D.46DE108">HIV.D.DE108</a></td><td>TDF + 3TC + DRV/r</td><td>ART regimen - TDF + 3TC + DRV/r</td></tr><tr><td><a href="CodeSystem-concept-codes.html#concept-codes-HIV.46D.46DE109">HIV.D.DE109</a></td><td>TDF + 3TC + DTG</td><td>ART regimen - TDF + 3TC + DTG</td></tr><tr><td><a href="CodeSystem-concept-codes.html#concept-codes-HIV.46D.46DE110">HIV.D.DE110</a></td><td>TDF + 3TC + EFV</td><td>ART regimen - TDF + 3TC + EFV</td></tr><tr><td><a href="CodeSystem-concept-codes.html#concept-codes-HIV.46D.46DE111">HIV.D.DE111</a></td><td>TDF + 3TC + EFV 400 mg</td><td>ART regimen - TDF + 3TC + EFV 400 mg</td></tr><tr><td><a href="CodeSystem-concept-codes.html#concept-codes-HIV.46D.46DE112">HIV.D.DE112</a></td><td>TDF + 3TC + EFV 600 mg</td><td>ART regimen - TDF + 3TC + EFV 600 mg</td></tr><tr><td><a href="CodeSystem-concept-codes.html#concept-codes-HIV.46D.46DE113">HIV.D.DE113</a></td><td>TDF + 3TC + LPV/r</td><td>ART regimen - TDF + 3TC + LPV/r</td></tr><tr><td><a href="CodeSystem-concept-codes.html#concept-codes-HIV.46D.46DE114">HIV.D.DE114</a></td><td>TDF + 3TC + NVP</td><td>ART regimen - TDF + 3TC + NVP</td></tr><tr><td><a href="CodeSystem-concept-codes.html#concept-codes-HIV.46D.46DE115">HIV.D.DE115</a></td><td>TDF + 3TC + PI/r</td><td>ART regimen - TDF + 3TC + PI/r</td></tr><tr><td><a href="CodeSystem-concept-codes.html#concept-codes-HIV.46D.46DE116">HIV.D.DE116</a></td><td>TDF + 3TC + RAL</td><td>ART regimen - TDF + 3TC + RAL</td></tr><tr><td><a href="CodeSystem-concept-codes.html#concept-codes-HIV.46D.46DE117">HIV.D.DE117</a></td><td>TDF + FTC + ATV/r</td><td>ART regimen - TDF + FTC + ATV/r</td></tr><tr><td><a href="CodeSystem-concept-codes.html#concept-codes-HIV.46D.46DE118">HIV.D.DE118</a></td><td>TDF + FTC + DRV/r</td><td>ART regimen - TDF + FTC + DRV/r</td></tr><tr><td><a href="CodeSystem-concept-codes.html#concept-codes-HIV.46D.46DE119">HIV.D.DE119</a></td><td>TDF + FTC + DTG</td><td>ART regimen - TDF + FTC + DTG</td></tr><tr><td><a href="CodeSystem-concept-codes.html#concept-codes-HIV.46D.46DE120">HIV.D.DE120</a></td><td>TDF + FTC + EFV</td><td>ART regimen - TDF + FTC + EFV</td></tr><tr><td><a href="CodeSystem-concept-codes.html#concept-codes-HIV.46D.46DE121">HIV.D.DE121</a></td><td>TDF + FTC + EFV 600 mg</td><td>ART regimen - TDF + FTC + EFV 600 mg</td></tr><tr><td><a href="CodeSystem-concept-codes.html#concept-codes-HIV.46D.46DE122">HIV.D.DE122</a></td><td>TDF + FTC + LPV/r</td><td>ART regimen - TDF + FTC + LPV/r</td></tr><tr><td><a href="CodeSystem-concept-codes.html#concept-codes-HIV.46D.46DE123">HIV.D.DE123</a></td><td>TDF + FTC + NVP</td><td>ART regimen - TDF + FTC + NVP</td></tr><tr><td><a href="CodeSystem-concept-codes.html#concept-codes-HIV.46D.46DE124">HIV.D.DE124</a></td><td>TDF + FTC + PI/r</td><td>ART regimen - TDF + FTC + PI/r</td></tr><tr><td><a href="CodeSystem-concept-codes.html#concept-codes-HIV.46D.46DE125">HIV.D.DE125</a></td><td>TDF + FTC + RAL</td><td>ART regimen - TDF + FTC + RAL</td></tr><tr><td><a href="CodeSystem-concept-codes.html#concept-codes-HIV.46D.46DE126">HIV.D.DE126</a></td><td>Other</td><td>ART regimen - Other</td></tr></table></li></ul></div>
  </text>
  <url value="http://fhir.org/guides/itech-uw/ValueSet/hiv-d-de91"/>
  <version value="0.3.0"/>
  <name value="ARTregimenCodes"/>
  <title value="ART regimen Codes"/>
  <status value="draft"/>
  <experimental value="false"/>
  <date value="2024-05-15T17:51:55+00:00"/>
  <publisher value="World Health Organization (WHO) "/>
  <contact>
    <telecom>
      <system value="url"/>
      <value value="https://www.who.int"/>
    </telecom>
  </contact>
  <description value="Codes representing possible values for the ART regimen element"/>
  <jurisdiction>
    <coding>
      <system value="http://unstats.un.org/unsd/methods/m49/m49.htm"/>
      <code value="001"/>
    </coding>
  </jurisdiction>
  <immutable value="true"/>
  <compose>
    <include>
      <system value="http://fhir.org/guides/itech-uw/who-smart-hiv-dak/CodeSystem/concept-codes"/>
      <concept>
        <code value="HIV.D.DE91"/>
        <display value="ABC + 3TC + ATV/r"/>
      </concept>
      <concept>
        <code value="HIV.D.DE92"/>
        <display value="ABC + 3TC + DTG"/>
      </concept>
      <concept>
        <code value="HIV.D.DE93"/>
        <display value="ABC + 3TC + EFV"/>
      </concept>
      <concept>
        <code value="HIV.D.DE94"/>
        <display value="ABC + 3TC + LPV/r"/>
      </concept>
      <concept>
        <code value="HIV.D.DE95"/>
        <display value="ABC + 3TC + NVP"/>
      </concept>
      <concept>
        <code value="HIV.D.DE96"/>
        <display value="ABC + 3TC + RAL"/>
      </concept>
      <concept>
        <code value="HIV.D.DE97"/>
        <display value="AZT + 3TC + ATV/r"/>
      </concept>
      <concept>
        <code value="HIV.D.DE98"/>
        <display value="AZT + 3TC + DRV/r"/>
      </concept>
      <concept>
        <code value="HIV.D.DE99"/>
        <display value="AZT + 3TC + DTG"/>
      </concept>
      <concept>
        <code value="HIV.D.DE100"/>
        <display value="AZT + 3TC + EFV"/>
      </concept>
      <concept>
        <code value="HIV.D.DE101"/>
        <display value="AZT + 3TC + EFV 600 mg"/>
      </concept>
      <concept>
        <code value="HIV.D.DE102"/>
        <display value="AZT + 3TC + LPV/r"/>
      </concept>
      <concept>
        <code value="HIV.D.DE103"/>
        <display value="AZT + 3TC + NVP"/>
      </concept>
      <concept>
        <code value="HIV.D.DE104"/>
        <display value="AZT + 3TC + RAL"/>
      </concept>
      <concept>
        <code value="HIV.D.DE105"/>
        <display value="TAF + 3TC + DTG"/>
      </concept>
      <concept>
        <code value="HIV.D.DE106"/>
        <display value="TAF + FTC + DTG"/>
      </concept>
      <concept>
        <code value="HIV.D.DE107"/>
        <display value="TDF + 3TC + ATV/r"/>
      </concept>
      <concept>
        <code value="HIV.D.DE108"/>
        <display value="TDF + 3TC + DRV/r"/>
      </concept>
      <concept>
        <code value="HIV.D.DE109"/>
        <display value="TDF + 3TC + DTG"/>
      </concept>
      <concept>
        <code value="HIV.D.DE110"/>
        <display value="TDF + 3TC + EFV"/>
      </concept>
      <concept>
        <code value="HIV.D.DE111"/>
        <display value="TDF + 3TC + EFV 400 mg"/>
      </concept>
      <concept>
        <code value="HIV.D.DE112"/>
        <display value="TDF + 3TC + EFV 600 mg"/>
      </concept>
      <concept>
        <code value="HIV.D.DE113"/>
        <display value="TDF + 3TC + LPV/r"/>
      </concept>
      <concept>
        <code value="HIV.D.DE114"/>
        <display value="TDF + 3TC + NVP"/>
      </concept>
      <concept>
        <code value="HIV.D.DE115"/>
        <display value="TDF + 3TC + PI/r"/>
      </concept>
      <concept>
        <code value="HIV.D.DE116"/>
        <display value="TDF + 3TC + RAL"/>
      </concept>
      <concept>
        <code value="HIV.D.DE117"/>
        <display value="TDF + FTC + ATV/r"/>
      </concept>
      <concept>
        <code value="HIV.D.DE118"/>
        <display value="TDF + FTC + DRV/r"/>
      </concept>
      <concept>
        <code value="HIV.D.DE119"/>
        <display value="TDF + FTC + DTG"/>
      </concept>
      <concept>
        <code value="HIV.D.DE120"/>
        <display value="TDF + FTC + EFV"/>
      </concept>
      <concept>
        <code value="HIV.D.DE121"/>
        <display value="TDF + FTC + EFV 600 mg"/>
      </concept>
      <concept>
        <code value="HIV.D.DE122"/>
        <display value="TDF + FTC + LPV/r"/>
      </concept>
      <concept>
        <code value="HIV.D.DE123"/>
        <display value="TDF + FTC + NVP"/>
      </concept>
      <concept>
        <code value="HIV.D.DE124"/>
        <display value="TDF + FTC + PI/r"/>
      </concept>
      <concept>
        <code value="HIV.D.DE125"/>
        <display value="TDF + FTC + RAL"/>
      </concept>
      <concept>
        <code value="HIV.D.DE126"/>
        <display value="Other"/>
      </concept>
    </include>
  </compose>
</ValueSet>