<?xml version="1.0" encoding="UTF-8"?>

<ValueSet xmlns="http://hl7.org/fhir">
  <id value="hiv-d-de698"/>
  <text>
    <status value="extensions"/><div xmlns="http://www.w3.org/1999/xhtml"><ul><li>Include these codes as defined in <a href="CodeSystem-concept-codes.html"><code>http://fhir.org/guides/itech-uw/who-smart-hiv-dak/CodeSystem/concept-codes</code></a><table class="none"><tr><td style="white-space:nowrap"><b>Code</b></td><td><b>Display</b></td><td><b>Definition</b></td></tr><tr><td><a href="CodeSystem-concept-codes.html#concept-codes-HIV.46D.46DE698">HIV.D.DE698</a></td><td>Normal</td><td>Cervical cancer histopathology result - Normal</td></tr><tr><td><a href="CodeSystem-concept-codes.html#concept-codes-HIV.46D.46DE699">HIV.D.DE699</a></td><td>LSIL (inclusive of LSIL-CIN1)</td><td>Cervical cancer histopathology result - LSIL (inclusive of LSIL-CIN1)</td></tr><tr><td><a href="CodeSystem-concept-codes.html#concept-codes-HIV.46D.46DE700">HIV.D.DE700</a></td><td>HSIL (inclusive of HSIL-CIN2 or HSIL-CIN3)</td><td>Cervical cancer histopathology result - HSIL (inclusive of HSIL-CIN2 or HSIL-CIN3)</td></tr><tr><td><a href="CodeSystem-concept-codes.html#concept-codes-HIV.46D.46DE701">HIV.D.DE701</a></td><td>Invasive cervical cancer</td><td>Cervical cancer histopathology result - Invasive cervical cancer</td></tr></table></li></ul></div>
  </text>
  <url value="http://fhir.org/guides/itech-uw/ValueSet/hiv-d-de698"/>
  <version value="0.3.0"/>
  <name value="CervicalcancerhistopathologyresultCodes"/>
  <title value="Cervical cancer histopathology result Codes"/>
  <status value="draft"/>
  <experimental value="false"/>
  <date value="2024-04-30T19:24:27+00:00"/>
  <publisher value="World Health Organization (WHO) "/>
  <contact>
    <telecom>
      <system value="url"/>
      <value value="https://www.who.int"/>
    </telecom>
  </contact>
  <description value="Codes representing possible values for the Cervical cancer histopathology result element"/>
  <jurisdiction>
    <coding>
      <system value="http://unstats.un.org/unsd/methods/m49/m49.htm"/>
      <code value="001"/>
    </coding>
  </jurisdiction>
  <immutable value="true"/>
  <compose>
    <include>
      <system value="http://fhir.org/guides/itech-uw/who-smart-hiv-dak/CodeSystem/concept-codes"/>
      <concept>
        <code value="HIV.D.DE698"/>
        <display value="Normal"/>
      </concept>
      <concept>
        <code value="HIV.D.DE699"/>
        <display value="LSIL (inclusive of LSIL-CIN1)"/>
      </concept>
      <concept>
        <code value="HIV.D.DE700"/>
        <display value="HSIL (inclusive of HSIL-CIN2 or HSIL-CIN3)"/>
      </concept>
      <concept>
        <code value="HIV.D.DE701"/>
        <display value="Invasive cervical cancer"/>
      </concept>
    </include>
  </compose>
</ValueSet>