<?xml version="1.0" encoding="UTF-8"?>

<ValueSet xmlns="http://hl7.org/fhir">
  <id value="hiv-b-de95"/>
  <text>
    <status value="extensions"/><div xmlns="http://www.w3.org/1999/xhtml"><ul><li>Include these codes as defined in <a href="CodeSystem-concept-codes.html"><code>http://fhir.org/guides/itech-uw/who-smart-hiv-dak/CodeSystem/concept-codes</code></a><table class="none"><tr><td style="white-space:nowrap"><b>Code</b></td><td><b>Display</b></td><td><b>Definition</b></td></tr><tr><td><a href="CodeSystem-concept-codes.html#concept-codes-HIV.46B.46DE95">HIV.B.DE95</a></td><td>Reactive</td><td>Test result of HIV assay 1 - Reactive</td></tr><tr><td><a href="CodeSystem-concept-codes.html#concept-codes-HIV.46B.46DE96">HIV.B.DE96</a></td><td>Non-reactive</td><td>Test result of HIV assay 1 - Non-reactive</td></tr><tr><td><a href="CodeSystem-concept-codes.html#concept-codes-HIV.46B.46DE97">HIV.B.DE97</a></td><td>Invalid</td><td>Test result of HIV assay 1 - Invalid</td></tr><tr><td><a href="CodeSystem-concept-codes.html#concept-codes-HIV.46E.46DE201">HIV.E.DE201</a></td><td>Reactive</td><td>Test result of HIV assay 1 - Reactive</td></tr><tr><td><a href="CodeSystem-concept-codes.html#concept-codes-HIV.46E.46DE202">HIV.E.DE202</a></td><td>Non-reactive</td><td>Test result of HIV assay 1 - Non-reactive</td></tr><tr><td><a href="CodeSystem-concept-codes.html#concept-codes-HIV.46E.46DE203">HIV.E.DE203</a></td><td>Invalid</td><td>Test result of HIV assay 1 - Invalid</td></tr></table></li></ul></div>
  </text>
  <url value="http://fhir.org/guides/itech-uw/ValueSet/hiv-b-de95"/>
  <version value="0.3.0"/>
  <name value="TestresultofHIVassay1Codes"/>
  <title value="Test result of HIV assay 1 Codes"/>
  <status value="draft"/>
  <experimental value="false"/>
  <date value="2024-04-30T19:53:06+00:00"/>
  <publisher value="World Health Organization (WHO) "/>
  <contact>
    <telecom>
      <system value="url"/>
      <value value="https://www.who.int"/>
    </telecom>
  </contact>
  <description value="Codes representing possible values for the Test result of HIV assay 1 element"/>
  <jurisdiction>
    <coding>
      <system value="http://unstats.un.org/unsd/methods/m49/m49.htm"/>
      <code value="001"/>
    </coding>
  </jurisdiction>
  <immutable value="true"/>
  <compose>
    <include>
      <system value="http://fhir.org/guides/itech-uw/who-smart-hiv-dak/CodeSystem/concept-codes"/>
      <concept>
        <code value="HIV.B.DE95"/>
        <display value="Reactive"/>
      </concept>
      <concept>
        <code value="HIV.B.DE96"/>
        <display value="Non-reactive"/>
      </concept>
      <concept>
        <code value="HIV.B.DE97"/>
        <display value="Invalid"/>
      </concept>
      <concept>
        <code value="HIV.E.DE201"/>
        <display value="Reactive"/>
      </concept>
      <concept>
        <code value="HIV.E.DE202"/>
        <display value="Non-reactive"/>
      </concept>
      <concept>
        <code value="HIV.E.DE203"/>
        <display value="Invalid"/>
      </concept>
    </include>
  </compose>
</ValueSet>