<?xml version="1.0" encoding="UTF-8"?>

<ValueSet xmlns="http://hl7.org/fhir">
  <id value="hiv-c-de37"/>
  <text>
    <status value="extensions"/><div xmlns="http://www.w3.org/1999/xhtml"><ul><li>Include these codes as defined in <a href="CodeSystem-concept-codes.html"><code>http://fhir.org/guides/itech-uw/who-smart-hiv-dak/CodeSystem/concept-codes</code></a><table class="none"><tr><td style="white-space:nowrap"><b>Code</b></td><td><b>Display</b></td><td><b>Definition</b></td></tr><tr><td><a href="CodeSystem-concept-codes.html#concept-codes-HIV.46C.46DE37">HIV.C.DE37</a></td><td>No condom use during sex with more than one partner in the past 6 months</td><td>Signs of substantial risk of HIV infection - No condom use during sex with more than one partner in the past 6 months</td></tr><tr><td><a href="CodeSystem-concept-codes.html#concept-codes-HIV.46C.46DE38">HIV.C.DE38</a></td><td>STI in the past 6 months</td><td>Signs of substantial risk of HIV infection - STI in the past 6 months</td></tr><tr><td><a href="CodeSystem-concept-codes.html#concept-codes-HIV.46C.46DE39">HIV.C.DE39</a></td><td>A sexual partner in the past 6 months had one or more HIV risk factors</td><td>Signs of substantial risk of HIV infection - A sexual partner in the past 6 months had one or more HIV risk factors</td></tr><tr><td><a href="CodeSystem-concept-codes.html#concept-codes-HIV.46C.46DE40">HIV.C.DE40</a></td><td>PrEP requested by client</td><td>Signs of substantial risk of HIV infection - PrEP requested by client</td></tr><tr><td><a href="CodeSystem-concept-codes.html#concept-codes-HIV.46E.46DE156">HIV.E.DE156</a></td><td>No condom use during sex with more than one partner in the past 6 months</td><td>Signs of substantial risk of HIV infection - No condom use during sex with more than one partner in the past 6 months</td></tr><tr><td><a href="CodeSystem-concept-codes.html#concept-codes-HIV.46E.46DE157">HIV.E.DE157</a></td><td>STI in the past 6 months</td><td>Signs of substantial risk of HIV infection - STI in the past 6 months</td></tr><tr><td><a href="CodeSystem-concept-codes.html#concept-codes-HIV.46E.46DE158">HIV.E.DE158</a></td><td>A sexual partner in the past 6 months had one or more HIV risk factors</td><td>Signs of substantial risk of HIV infection - A sexual partner in the past 6 months had one or more HIV risk factors</td></tr><tr><td><a href="CodeSystem-concept-codes.html#concept-codes-HIV.46E.46DE159">HIV.E.DE159</a></td><td>PrEP requested by client</td><td>Signs of substantial risk of HIV infection - PrEP requested by client</td></tr></table></li></ul></div>
  </text>
  <url value="http://fhir.org/guides/itech-uw/ValueSet/hiv-c-de37"/>
  <version value="0.3.0"/>
  <name value="SignsofsubstantialriskofHIVinfectionCodes"/>
  <title value="Signs of substantial risk of HIV infection Codes"/>
  <status value="draft"/>
  <experimental value="false"/>
  <date value="2024-06-10T14:32:54+00:00"/>
  <publisher value="World Health Organization (WHO) "/>
  <contact>
    <telecom>
      <system value="url"/>
      <value value="https://www.who.int"/>
    </telecom>
  </contact>
  <description value="Codes representing possible values for the Signs of substantial risk of HIV infection element"/>
  <jurisdiction>
    <coding>
      <system value="http://unstats.un.org/unsd/methods/m49/m49.htm"/>
      <code value="001"/>
    </coding>
  </jurisdiction>
  <immutable value="true"/>
  <compose>
    <include>
      <system value="http://fhir.org/guides/itech-uw/who-smart-hiv-dak/CodeSystem/concept-codes"/>
      <concept>
        <code value="HIV.C.DE37"/>
        <display value="No condom use during sex with more than one partner in the past 6 months"/>
      </concept>
      <concept>
        <code value="HIV.C.DE38"/>
        <display value="STI in the past 6 months"/>
      </concept>
      <concept>
        <code value="HIV.C.DE39"/>
        <display value="A sexual partner in the past 6 months had one or more HIV risk factors"/>
      </concept>
      <concept>
        <code value="HIV.C.DE40"/>
        <display value="PrEP requested by client"/>
      </concept>
      <concept>
        <code value="HIV.E.DE156"/>
        <display value="No condom use during sex with more than one partner in the past 6 months"/>
      </concept>
      <concept>
        <code value="HIV.E.DE157"/>
        <display value="STI in the past 6 months"/>
      </concept>
      <concept>
        <code value="HIV.E.DE158"/>
        <display value="A sexual partner in the past 6 months had one or more HIV risk factors"/>
      </concept>
      <concept>
        <code value="HIV.E.DE159"/>
        <display value="PrEP requested by client"/>
      </concept>
    </include>
  </compose>
</ValueSet>