<?xml version="1.0" encoding="UTF-8"?>

<ValueSet xmlns="http://hl7.org/fhir">
  <id value="hiv-a-de26"/>
  <text>
    <status value="extensions"/><div xmlns="http://www.w3.org/1999/xhtml"><ul><li>Include these codes as defined in <a href="CodeSystem-concept-codes.html"><code>http://fhir.org/guides/itech-uw/who-smart-hiv-dak/CodeSystem/concept-codes</code></a><table class="none"><tr><td style="white-space:nowrap"><b>Code</b></td><td><b>Display</b></td><td><b>Definition</b></td></tr><tr><td><a href="CodeSystem-concept-codes.html#concept-codes-HIV.46A.46DE26">HIV.A.DE26</a></td><td>Female</td><td>Sex - Female</td></tr><tr><td><a href="CodeSystem-concept-codes.html#concept-codes-HIV.46A.46DE27">HIV.A.DE27</a></td><td>Male</td><td>Sex - Male</td></tr><tr><td><a href="CodeSystem-concept-codes.html#concept-codes-HIV.46A.46DE28">HIV.A.DE28</a></td><td>Other</td><td>Sex - Other</td></tr></table></li></ul></div>
  </text>
  <url value="http://fhir.org/guides/itech-uw/ValueSet/hiv-a-de26"/>
  <version value="0.3.0"/>
  <name value="SexCodes"/>
  <title value="Sex Codes"/>
  <status value="draft"/>
  <experimental value="false"/>
  <date value="2024-04-30T19:24:27+00:00"/>
  <publisher value="World Health Organization (WHO) "/>
  <contact>
    <telecom>
      <system value="url"/>
      <value value="https://www.who.int"/>
    </telecom>
  </contact>
  <description value="Codes representing possible values for the Sex element"/>
  <jurisdiction>
    <coding>
      <system value="http://unstats.un.org/unsd/methods/m49/m49.htm"/>
      <code value="001"/>
    </coding>
  </jurisdiction>
  <immutable value="true"/>
  <compose>
    <include>
      <system value="http://fhir.org/guides/itech-uw/who-smart-hiv-dak/CodeSystem/concept-codes"/>
      <concept>
        <code value="HIV.A.DE26"/>
        <display value="Female"/>
      </concept>
      <concept>
        <code value="HIV.A.DE27"/>
        <display value="Male"/>
      </concept>
      <concept>
        <code value="HIV.A.DE28"/>
        <display value="Other"/>
      </concept>
    </include>
  </compose>
</ValueSet>