<?xml version="1.0" encoding="UTF-8"?>

<ValueSet xmlns="http://hl7.org/fhir">
  <id value="hiv-e-de231"/>
  <text>
    <status value="extensions"/><div xmlns="http://www.w3.org/1999/xhtml"><ul><li>Include these codes as defined in <a href="CodeSystem-concept-codes.html"><code>http://fhir.org/guides/itech-uw/who-smart-hiv-dak/CodeSystem/concept-codes</code></a><table class="none"><tr><td style="white-space:nowrap"><b>Code</b></td><td><b>Display</b></td><td><b>Definition</b></td></tr><tr><td><a href="CodeSystem-concept-codes.html#concept-codes-HIV.46E.46DE231">HIV.E.DE231</a></td><td>HIV-positive</td><td>Final diagnosis of HIV-exposed infant - HIV-positive</td></tr><tr><td><a href="CodeSystem-concept-codes.html#concept-codes-HIV.46E.46DE232">HIV.E.DE232</a></td><td>HIV-negative and no longer breastfeeding</td><td>Final diagnosis of HIV-exposed infant - HIV-negative and no longer breastfeeding</td></tr><tr><td><a href="CodeSystem-concept-codes.html#concept-codes-HIV.46E.46DE233">HIV.E.DE233</a></td><td>HIV status unknown</td><td>Final diagnosis of HIV-exposed infant - HIV status unknown</td></tr></table></li></ul></div>
  </text>
  <url value="http://fhir.org/guides/itech-uw/ValueSet/hiv-e-de231"/>
  <version value="0.3.0"/>
  <name value="FinaldiagnosisofHIVexposedinfantCodes"/>
  <title value="Final diagnosis of HIV-exposed infant Codes"/>
  <status value="draft"/>
  <experimental value="false"/>
  <date value="2024-05-15T17:51:55+00:00"/>
  <publisher value="World Health Organization (WHO) "/>
  <contact>
    <telecom>
      <system value="url"/>
      <value value="https://www.who.int"/>
    </telecom>
  </contact>
  <description value="Codes representing possible values for the Final diagnosis of HIV-exposed infant element"/>
  <jurisdiction>
    <coding>
      <system value="http://unstats.un.org/unsd/methods/m49/m49.htm"/>
      <code value="001"/>
    </coding>
  </jurisdiction>
  <immutable value="true"/>
  <compose>
    <include>
      <system value="http://fhir.org/guides/itech-uw/who-smart-hiv-dak/CodeSystem/concept-codes"/>
      <concept>
        <code value="HIV.E.DE231"/>
        <display value="HIV-positive"/>
      </concept>
      <concept>
        <code value="HIV.E.DE232"/>
        <display value="HIV-negative and no longer breastfeeding"/>
      </concept>
      <concept>
        <code value="HIV.E.DE233"/>
        <display value="HIV status unknown"/>
      </concept>
    </include>
  </compose>
</ValueSet>