<?xml version="1.0" encoding="UTF-8"?>

<ValueSet xmlns="http://hl7.org/fhir">
  <id value="hiv-b-de262"/>
  <text>
    <status value="extensions"/><div xmlns="http://www.w3.org/1999/xhtml"><ul><li>Include these codes as defined in <a href="CodeSystem-concept-codes.html"><code>http://fhir.org/guides/itech-uw/who-smart-hiv-dak/CodeSystem/concept-codes</code></a><table class="none"><tr><td style="white-space:nowrap"><b>Code</b></td><td><b>Display</b></td><td><b>Definition</b></td></tr><tr><td><a href="CodeSystem-concept-codes.html#concept-codes-HIV.46B.46DE262">HIV.B.DE262</a></td><td>Blood</td><td>Type of specimen - Blood</td></tr><tr><td><a href="CodeSystem-concept-codes.html#concept-codes-HIV.46B.46DE263">HIV.B.DE263</a></td><td>Urine</td><td>Type of specimen - Urine</td></tr><tr><td><a href="CodeSystem-concept-codes.html#concept-codes-HIV.46B.46DE264">HIV.B.DE264</a></td><td>Cervical or vaginal swab</td><td>Type of specimen - Cervical or vaginal swab</td></tr><tr><td><a href="CodeSystem-concept-codes.html#concept-codes-HIV.46B.46DE265">HIV.B.DE265</a></td><td>Urethral or penile swab</td><td>Type of specimen - Urethral or penile swab</td></tr><tr><td><a href="CodeSystem-concept-codes.html#concept-codes-HIV.46B.46DE266">HIV.B.DE266</a></td><td>Rectal swab</td><td>Type of specimen - Rectal swab</td></tr><tr><td><a href="CodeSystem-concept-codes.html#concept-codes-HIV.46B.46DE267">HIV.B.DE267</a></td><td>Other</td><td>Type of specimen - Other</td></tr><tr><td><a href="CodeSystem-concept-codes.html#concept-codes-HIV.46D.46DE814">HIV.D.DE814</a></td><td>Blood</td><td>Type of specimen - Blood</td></tr><tr><td><a href="CodeSystem-concept-codes.html#concept-codes-HIV.46D.46DE815">HIV.D.DE815</a></td><td>Urine</td><td>Type of specimen - Urine</td></tr><tr><td><a href="CodeSystem-concept-codes.html#concept-codes-HIV.46D.46DE816">HIV.D.DE816</a></td><td>Cervical or vaginal swab</td><td>Type of specimen - Cervical or vaginal swab</td></tr><tr><td><a href="CodeSystem-concept-codes.html#concept-codes-HIV.46D.46DE817">HIV.D.DE817</a></td><td>Urethral or penile swab</td><td>Type of specimen - Urethral or penile swab</td></tr><tr><td><a href="CodeSystem-concept-codes.html#concept-codes-HIV.46D.46DE818">HIV.D.DE818</a></td><td>Rectal swab</td><td>Type of specimen - Rectal swab</td></tr><tr><td><a href="CodeSystem-concept-codes.html#concept-codes-HIV.46D.46DE819">HIV.D.DE819</a></td><td>Other</td><td>Type of specimen - Other</td></tr></table></li></ul></div>
  </text>
  <url value="http://fhir.org/guides/itech-uw/ValueSet/hiv-b-de262"/>
  <version value="0.3.0"/>
  <name value="TypeofspecimenCodes"/>
  <title value="Type of specimen Codes"/>
  <status value="draft"/>
  <experimental value="false"/>
  <date value="2024-06-06T18:10:14+00:00"/>
  <publisher value="World Health Organization (WHO) "/>
  <contact>
    <telecom>
      <system value="url"/>
      <value value="https://www.who.int"/>
    </telecom>
  </contact>
  <description value="Codes representing possible values for the Type of specimen element"/>
  <jurisdiction>
    <coding>
      <system value="http://unstats.un.org/unsd/methods/m49/m49.htm"/>
      <code value="001"/>
    </coding>
  </jurisdiction>
  <immutable value="true"/>
  <compose>
    <include>
      <system value="http://fhir.org/guides/itech-uw/who-smart-hiv-dak/CodeSystem/concept-codes"/>
      <concept>
        <code value="HIV.B.DE262"/>
        <display value="Blood"/>
      </concept>
      <concept>
        <code value="HIV.B.DE263"/>
        <display value="Urine"/>
      </concept>
      <concept>
        <code value="HIV.B.DE264"/>
        <display value="Cervical or vaginal swab"/>
      </concept>
      <concept>
        <code value="HIV.B.DE265"/>
        <display value="Urethral or penile swab"/>
      </concept>
      <concept>
        <code value="HIV.B.DE266"/>
        <display value="Rectal swab"/>
      </concept>
      <concept>
        <code value="HIV.B.DE267"/>
        <display value="Other"/>
      </concept>
      <concept>
        <code value="HIV.D.DE814"/>
        <display value="Blood"/>
      </concept>
      <concept>
        <code value="HIV.D.DE815"/>
        <display value="Urine"/>
      </concept>
      <concept>
        <code value="HIV.D.DE816"/>
        <display value="Cervical or vaginal swab"/>
      </concept>
      <concept>
        <code value="HIV.D.DE817"/>
        <display value="Urethral or penile swab"/>
      </concept>
      <concept>
        <code value="HIV.D.DE818"/>
        <display value="Rectal swab"/>
      </concept>
      <concept>
        <code value="HIV.D.DE819"/>
        <display value="Other"/>
      </concept>
    </include>
  </compose>
</ValueSet>