<?xml version="1.0" encoding="UTF-8"?>

<ValueSet xmlns="http://hl7.org/fhir">
  <id value="hiv-e-de265"/>
  <text>
    <status value="extensions"/><div xmlns="http://www.w3.org/1999/xhtml"><ul><li>Include these codes as defined in <a href="CodeSystem-concept-codes.html"><code>http://fhir.org/guides/itech-uw/who-smart-hiv-dak/CodeSystem/concept-codes</code></a><table class="none"><tr><td style="white-space:nowrap"><b>Code</b></td><td><b>Display</b></td><td><b>Definition</b></td></tr><tr><td><a href="CodeSystem-concept-codes.html#concept-codes-HIV.46E.46DE265">HIV.E.DE265</a></td><td>Chronic hypertension</td><td>Type of hypertensive disorder - Chronic hypertension</td></tr><tr><td><a href="CodeSystem-concept-codes.html#concept-codes-HIV.46E.46DE266">HIV.E.DE266</a></td><td>Essential</td><td>Type of hypertensive disorder - Essential</td></tr><tr><td><a href="CodeSystem-concept-codes.html#concept-codes-HIV.46E.46DE267">HIV.E.DE267</a></td><td>Secondary</td><td>Type of hypertensive disorder - Secondary</td></tr><tr><td><a href="CodeSystem-concept-codes.html#concept-codes-HIV.46E.46DE268">HIV.E.DE268</a></td><td>White-coat hypertension</td><td>Type of hypertensive disorder - White-coat hypertension</td></tr><tr><td><a href="CodeSystem-concept-codes.html#concept-codes-HIV.46E.46DE269">HIV.E.DE269</a></td><td>Masked hypertension</td><td>Type of hypertensive disorder - Masked hypertension</td></tr><tr><td><a href="CodeSystem-concept-codes.html#concept-codes-HIV.46E.46DE270">HIV.E.DE270</a></td><td>Gestational hypertension</td><td>Type of hypertensive disorder - Gestational hypertension</td></tr><tr><td><a href="CodeSystem-concept-codes.html#concept-codes-HIV.46E.46DE271">HIV.E.DE271</a></td><td>Transient gestational hypertension</td><td>Type of hypertensive disorder - Transient gestational hypertension</td></tr><tr><td><a href="CodeSystem-concept-codes.html#concept-codes-HIV.46E.46DE272">HIV.E.DE272</a></td><td>Pre-eclampsia</td><td>Type of hypertensive disorder - Pre-eclampsia</td></tr><tr><td><a href="CodeSystem-concept-codes.html#concept-codes-HIV.46E.46DE273">HIV.E.DE273</a></td><td>Superimposed on chronic hypertension</td><td>Type of hypertensive disorder - Superimposed on chronic hypertension</td></tr></table></li></ul></div>
  </text>
  <url value="http://fhir.org/guides/itech-uw/ValueSet/hiv-e-de265"/>
  <version value="0.3.0"/>
  <name value="TypeofhypertensivedisorderCodes"/>
  <title value="Type of hypertensive disorder Codes"/>
  <status value="draft"/>
  <experimental value="false"/>
  <date value="2024-04-30T19:50:03+00:00"/>
  <publisher value="World Health Organization (WHO) "/>
  <contact>
    <telecom>
      <system value="url"/>
      <value value="https://www.who.int"/>
    </telecom>
  </contact>
  <description value="Codes representing possible values for the Type of hypertensive disorder element"/>
  <jurisdiction>
    <coding>
      <system value="http://unstats.un.org/unsd/methods/m49/m49.htm"/>
      <code value="001"/>
    </coding>
  </jurisdiction>
  <immutable value="true"/>
  <compose>
    <include>
      <system value="http://fhir.org/guides/itech-uw/who-smart-hiv-dak/CodeSystem/concept-codes"/>
      <concept>
        <code value="HIV.E.DE265"/>
        <display value="Chronic hypertension"/>
      </concept>
      <concept>
        <code value="HIV.E.DE266"/>
        <display value="Essential"/>
      </concept>
      <concept>
        <code value="HIV.E.DE267"/>
        <display value="Secondary"/>
      </concept>
      <concept>
        <code value="HIV.E.DE268"/>
        <display value="White-coat hypertension"/>
      </concept>
      <concept>
        <code value="HIV.E.DE269"/>
        <display value="Masked hypertension"/>
      </concept>
      <concept>
        <code value="HIV.E.DE270"/>
        <display value="Gestational hypertension"/>
      </concept>
      <concept>
        <code value="HIV.E.DE271"/>
        <display value="Transient gestational hypertension"/>
      </concept>
      <concept>
        <code value="HIV.E.DE272"/>
        <display value="Pre-eclampsia"/>
      </concept>
      <concept>
        <code value="HIV.E.DE273"/>
        <display value="Superimposed on chronic hypertension"/>
      </concept>
    </include>
  </compose>
</ValueSet>