<?xml version="1.0" encoding="UTF-8"?>

<ValueSet xmlns="http://hl7.org/fhir">
  <id value="hiv-d-de57"/>
  <text>
    <status value="extensions"/><div xmlns="http://www.w3.org/1999/xhtml"><ul><li>Include these codes as defined in <a href="CodeSystem-concept-codes.html"><code>http://fhir.org/guides/itech-uw/who-smart-hiv-dak/CodeSystem/concept-codes</code></a><table class="none"><tr><td style="white-space:nowrap"><b>Code</b></td><td><b>Display</b></td><td><b>Definition</b></td></tr><tr><td><a href="CodeSystem-concept-codes.html#concept-codes-HIV.46D.46DE57">HIV.D.DE57</a></td><td>No prior ARVs</td><td>Antiretroviral (ARV) drugs received prior to enrolment - No prior ARVs</td></tr><tr><td><a href="CodeSystem-concept-codes.html#concept-codes-HIV.46D.46DE58">HIV.D.DE58</a></td><td>Received ARVs prior without records/documentation</td><td>Antiretroviral (ARV) drugs received prior to enrolment - Received ARVs prior without records/documentation</td></tr><tr><td><a href="CodeSystem-concept-codes.html#concept-codes-HIV.46D.46DE59">HIV.D.DE59</a></td><td>Received ARVs during pregnancy or breastfeeding</td><td>Antiretroviral (ARV) drugs received prior to enrolment - Received ARVs during pregnancy or breastfeeding</td></tr><tr><td><a href="CodeSystem-concept-codes.html#concept-codes-HIV.46D.46DE60">HIV.D.DE60</a></td><td>Received ARVs for PEP or PrEP</td><td>Antiretroviral (ARV) drugs received prior to enrolment - Received ARVs for PEP or PrEP</td></tr><tr><td><a href="CodeSystem-concept-codes.html#concept-codes-HIV.46D.46DE61">HIV.D.DE61</a></td><td>ARV prophylaxis for an HIV-exposed infant</td><td>Antiretroviral (ARV) drugs received prior to enrolment - ARV prophylaxis for an HIV-exposed infant</td></tr></table></li></ul></div>
  </text>
  <url value="http://fhir.org/guides/itech-uw/ValueSet/hiv-d-de57"/>
  <version value="0.3.0"/>
  <name value="AntiretroviralARVdrugsreceivedpriortoenrolmentCodes"/>
  <title value="Antiretroviral (ARV) drugs received prior to enrolment Codes"/>
  <status value="draft"/>
  <experimental value="false"/>
  <date value="2024-06-10T14:32:54+00:00"/>
  <publisher value="World Health Organization (WHO) "/>
  <contact>
    <telecom>
      <system value="url"/>
      <value value="https://www.who.int"/>
    </telecom>
  </contact>
  <description value="Codes representing possible values for the Antiretroviral (ARV) drugs received prior to enrolment element"/>
  <jurisdiction>
    <coding>
      <system value="http://unstats.un.org/unsd/methods/m49/m49.htm"/>
      <code value="001"/>
    </coding>
  </jurisdiction>
  <immutable value="true"/>
  <compose>
    <include>
      <system value="http://fhir.org/guides/itech-uw/who-smart-hiv-dak/CodeSystem/concept-codes"/>
      <concept>
        <code value="HIV.D.DE57"/>
        <display value="No prior ARVs"/>
      </concept>
      <concept>
        <code value="HIV.D.DE58"/>
        <display value="Received ARVs prior without records/documentation"/>
      </concept>
      <concept>
        <code value="HIV.D.DE59"/>
        <display value="Received ARVs during pregnancy or breastfeeding"/>
      </concept>
      <concept>
        <code value="HIV.D.DE60"/>
        <display value="Received ARVs for PEP or PrEP"/>
      </concept>
      <concept>
        <code value="HIV.D.DE61"/>
        <display value="ARV prophylaxis for an HIV-exposed infant"/>
      </concept>
    </include>
  </compose>
</ValueSet>