<?xml version="1.0" encoding="UTF-8"?>

<ValueSet xmlns="http://hl7.org/fhir">
  <id value="hiv-d-de594"/>
  <text>
    <status value="extensions"/><div xmlns="http://www.w3.org/1999/xhtml"><ul><li>Include these codes as defined in <a href="CodeSystem-concept-codes.html"><code>http://fhir.org/guides/itech-uw/who-smart-hiv-dak/CodeSystem/concept-codes</code></a><table class="none"><tr><td style="white-space:nowrap"><b>Code</b></td><td><b>Display</b></td><td><b>Definition</b></td></tr><tr><td><a href="CodeSystem-concept-codes.html#concept-codes-HIV.46D.46DE594">HIV.D.DE594</a></td><td>Currently taking</td><td>Medication status - Currently taking</td></tr><tr><td><a href="CodeSystem-concept-codes.html#concept-codes-HIV.46D.46DE595">HIV.D.DE595</a></td><td>Completed</td><td>Medication status - Completed</td></tr><tr><td><a href="CodeSystem-concept-codes.html#concept-codes-HIV.46D.46DE596">HIV.D.DE596</a></td><td>Entered in error</td><td>Medication status - Entered in error</td></tr><tr><td><a href="CodeSystem-concept-codes.html#concept-codes-HIV.46D.46DE597">HIV.D.DE597</a></td><td>Intended</td><td>Medication status - Intended</td></tr><tr><td><a href="CodeSystem-concept-codes.html#concept-codes-HIV.46D.46DE598">HIV.D.DE598</a></td><td>Stopped</td><td>Medication status - Stopped</td></tr><tr><td><a href="CodeSystem-concept-codes.html#concept-codes-HIV.46D.46DE599">HIV.D.DE599</a></td><td>On hold</td><td>Medication status - On hold</td></tr><tr><td><a href="CodeSystem-concept-codes.html#concept-codes-HIV.46D.46DE600">HIV.D.DE600</a></td><td>Unknown</td><td>Medication status - Unknown</td></tr><tr><td><a href="CodeSystem-concept-codes.html#concept-codes-HIV.46D.46DE601">HIV.D.DE601</a></td><td>Did not take</td><td>Medication status - Did not take</td></tr></table></li></ul></div>
  </text>
  <url value="http://fhir.org/guides/itech-uw/ValueSet/hiv-d-de594"/>
  <version value="0.3.0"/>
  <name value="MedicationstatusCodes"/>
  <title value="Medication status Codes"/>
  <status value="draft"/>
  <experimental value="false"/>
  <date value="2024-04-30T19:24:27+00:00"/>
  <publisher value="World Health Organization (WHO) "/>
  <contact>
    <telecom>
      <system value="url"/>
      <value value="https://www.who.int"/>
    </telecom>
  </contact>
  <description value="Codes representing possible values for the Medication status element"/>
  <jurisdiction>
    <coding>
      <system value="http://unstats.un.org/unsd/methods/m49/m49.htm"/>
      <code value="001"/>
    </coding>
  </jurisdiction>
  <immutable value="true"/>
  <compose>
    <include>
      <system value="http://fhir.org/guides/itech-uw/who-smart-hiv-dak/CodeSystem/concept-codes"/>
      <concept>
        <code value="HIV.D.DE594"/>
        <display value="Currently taking"/>
      </concept>
      <concept>
        <code value="HIV.D.DE595"/>
        <display value="Completed"/>
      </concept>
      <concept>
        <code value="HIV.D.DE596"/>
        <display value="Entered in error"/>
      </concept>
      <concept>
        <code value="HIV.D.DE597"/>
        <display value="Intended"/>
      </concept>
      <concept>
        <code value="HIV.D.DE598"/>
        <display value="Stopped"/>
      </concept>
      <concept>
        <code value="HIV.D.DE599"/>
        <display value="On hold"/>
      </concept>
      <concept>
        <code value="HIV.D.DE600"/>
        <display value="Unknown"/>
      </concept>
      <concept>
        <code value="HIV.D.DE601"/>
        <display value="Did not take"/>
      </concept>
    </include>
  </compose>
</ValueSet>