<?xml version="1.0" encoding="UTF-8"?>

<ValueSet xmlns="http://hl7.org/fhir">
  <id value="hiv-d-de682"/>
  <text>
    <status value="extensions"/><div xmlns="http://www.w3.org/1999/xhtml"><ul><li>Include these codes as defined in <a href="CodeSystem-concept-codes.html"><code>http://fhir.org/guides/itech-uw/who-smart-hiv-dak/CodeSystem/concept-codes</code></a><table class="none"><tr><td style="white-space:nowrap"><b>Code</b></td><td><b>Display</b></td><td><b>Definition</b></td></tr><tr><td><a href="CodeSystem-concept-codes.html#concept-codes-HIV.46D.46DE682">HIV.D.DE682</a></td><td>VIA</td><td>Cervical cancer triage test type - VIA</td></tr><tr><td><a href="CodeSystem-concept-codes.html#concept-codes-HIV.46D.46DE683">HIV.D.DE683</a></td><td>Colposcopy</td><td>Cervical cancer triage test type - Colposcopy</td></tr><tr><td><a href="CodeSystem-concept-codes.html#concept-codes-HIV.46D.46DE684">HIV.D.DE684</a></td><td>Cervical cytology</td><td>Cervical cancer triage test type - Cervical cytology</td></tr><tr><td><a href="CodeSystem-concept-codes.html#concept-codes-HIV.46D.46DE685">HIV.D.DE685</a></td><td>HPV16/18</td><td>Cervical cancer triage test type - HPV16/18</td></tr><tr><td><a href="CodeSystem-concept-codes.html#concept-codes-HIV.46D.46DE686">HIV.D.DE686</a></td><td>Other</td><td>Cervical cancer triage test type - Other</td></tr></table></li></ul></div>
  </text>
  <url value="http://fhir.org/guides/itech-uw/ValueSet/hiv-d-de682"/>
  <version value="0.3.0"/>
  <name value="CervicalcancertriagetesttypeCodes"/>
  <title value="Cervical cancer triage test type Codes"/>
  <status value="draft"/>
  <experimental value="false"/>
  <date value="2024-04-30T19:53:06+00:00"/>
  <publisher value="World Health Organization (WHO) "/>
  <contact>
    <telecom>
      <system value="url"/>
      <value value="https://www.who.int"/>
    </telecom>
  </contact>
  <description value="Codes representing possible values for the Cervical cancer triage test type element"/>
  <jurisdiction>
    <coding>
      <system value="http://unstats.un.org/unsd/methods/m49/m49.htm"/>
      <code value="001"/>
    </coding>
  </jurisdiction>
  <immutable value="true"/>
  <compose>
    <include>
      <system value="http://fhir.org/guides/itech-uw/who-smart-hiv-dak/CodeSystem/concept-codes"/>
      <concept>
        <code value="HIV.D.DE682"/>
        <display value="VIA"/>
      </concept>
      <concept>
        <code value="HIV.D.DE683"/>
        <display value="Colposcopy"/>
      </concept>
      <concept>
        <code value="HIV.D.DE684"/>
        <display value="Cervical cytology"/>
      </concept>
      <concept>
        <code value="HIV.D.DE685"/>
        <display value="HPV16/18"/>
      </concept>
      <concept>
        <code value="HIV.D.DE686"/>
        <display value="Other"/>
      </concept>
    </include>
  </compose>
</ValueSet>