<?xml version="1.0" encoding="UTF-8"?>

<ValueSet xmlns="http://hl7.org/fhir">
  <id value="hiv-d-de692"/>
  <text>
    <status value="extensions"/><div xmlns="http://www.w3.org/1999/xhtml"><ul><li>Include these codes as defined in <a href="CodeSystem-concept-codes.html"><code>http://fhir.org/guides/itech-uw/who-smart-hiv-dak/CodeSystem/concept-codes</code></a><table class="none"><tr><td style="white-space:nowrap"><b>Code</b></td><td><b>Display</b></td><td><b>Definition</b></td></tr><tr><td><a href="CodeSystem-concept-codes.html#concept-codes-HIV.46D.46DE692">HIV.D.DE692</a></td><td>Normal colposcopic findings</td><td>Cervical cancer colposcopy result - Normal colposcopic findings</td></tr><tr><td><a href="CodeSystem-concept-codes.html#concept-codes-HIV.46D.46DE693">HIV.D.DE693</a></td><td>Abnormal colposcopic findings</td><td>Cervical cancer colposcopy result - Abnormal colposcopic findings</td></tr><tr><td><a href="CodeSystem-concept-codes.html#concept-codes-HIV.46D.46DE694">HIV.D.DE694</a></td><td>Suspicious for invasive cervical cancer</td><td>Cervical cancer colposcopy result - Suspicious for invasive cervical cancer</td></tr><tr><td><a href="CodeSystem-concept-codes.html#concept-codes-HIV.46D.46DE695">HIV.D.DE695</a></td><td>Miscellaneous findings</td><td>Cervical cancer colposcopy result - Miscellaneous findings</td></tr><tr><td><a href="CodeSystem-concept-codes.html#concept-codes-HIV.46D.46DE696">HIV.D.DE696</a></td><td>Inadequate</td><td>Cervical cancer colposcopy result - Inadequate</td></tr></table></li></ul></div>
  </text>
  <url value="http://fhir.org/guides/itech-uw/ValueSet/hiv-d-de692"/>
  <version value="0.3.0"/>
  <name value="CervicalcancercolposcopyresultCodes"/>
  <title value="Cervical cancer colposcopy result Codes"/>
  <status value="draft"/>
  <experimental value="false"/>
  <date value="2024-04-30T19:53:06+00:00"/>
  <publisher value="World Health Organization (WHO) "/>
  <contact>
    <telecom>
      <system value="url"/>
      <value value="https://www.who.int"/>
    </telecom>
  </contact>
  <description value="Codes representing possible values for the Cervical cancer colposcopy result element"/>
  <jurisdiction>
    <coding>
      <system value="http://unstats.un.org/unsd/methods/m49/m49.htm"/>
      <code value="001"/>
    </coding>
  </jurisdiction>
  <immutable value="true"/>
  <compose>
    <include>
      <system value="http://fhir.org/guides/itech-uw/who-smart-hiv-dak/CodeSystem/concept-codes"/>
      <concept>
        <code value="HIV.D.DE692"/>
        <display value="Normal colposcopic findings"/>
      </concept>
      <concept>
        <code value="HIV.D.DE693"/>
        <display value="Abnormal colposcopic findings"/>
      </concept>
      <concept>
        <code value="HIV.D.DE694"/>
        <display value="Suspicious for invasive cervical cancer"/>
      </concept>
      <concept>
        <code value="HIV.D.DE695"/>
        <display value="Miscellaneous findings"/>
      </concept>
      <concept>
        <code value="HIV.D.DE696"/>
        <display value="Inadequate"/>
      </concept>
    </include>
  </compose>
</ValueSet>