<?xml version="1.0" encoding="UTF-8"?>

<ValueSet xmlns="http://hl7.org/fhir">
  <id value="hiv-d-de659"/>
  <text>
    <status value="extensions"/><div xmlns="http://www.w3.org/1999/xhtml"><ul><li>Include these codes as defined in <a href="CodeSystem-concept-codes.html"><code>http://fhir.org/guides/itech-uw/who-smart-hiv-dak/CodeSystem/concept-codes</code></a><table class="none"><tr><td style="white-space:nowrap"><b>Code</b></td><td><b>Display</b></td><td><b>Definition</b></td></tr><tr><td><a href="CodeSystem-concept-codes.html#concept-codes-HIV.46D.46DE659">HIV.D.DE659</a></td><td>HPV-DNA</td><td>Cervical cancer primary screening test type - HPV-DNA</td></tr><tr><td><a href="CodeSystem-concept-codes.html#concept-codes-HIV.46D.46DE660">HIV.D.DE660</a></td><td>VIA</td><td>Cervical cancer primary screening test type - VIA</td></tr><tr><td><a href="CodeSystem-concept-codes.html#concept-codes-HIV.46D.46DE661">HIV.D.DE661</a></td><td>Cervical cytology</td><td>Cervical cancer primary screening test type - Cervical cytology</td></tr><tr><td><a href="CodeSystem-concept-codes.html#concept-codes-HIV.46D.46DE662">HIV.D.DE662</a></td><td>Other</td><td>Cervical cancer primary screening test type - Other</td></tr></table></li></ul></div>
  </text>
  <url value="http://fhir.org/guides/itech-uw/ValueSet/hiv-d-de659"/>
  <version value="0.3.0"/>
  <name value="CervicalcancerprimaryscreeningtesttypeCodes"/>
  <title value="Cervical cancer primary screening test type Codes"/>
  <status value="draft"/>
  <experimental value="false"/>
  <date value="2024-04-30T19:50:03+00:00"/>
  <publisher value="World Health Organization (WHO) "/>
  <contact>
    <telecom>
      <system value="url"/>
      <value value="https://www.who.int"/>
    </telecom>
  </contact>
  <description value="Codes representing possible values for the Cervical cancer primary screening test type element"/>
  <jurisdiction>
    <coding>
      <system value="http://unstats.un.org/unsd/methods/m49/m49.htm"/>
      <code value="001"/>
    </coding>
  </jurisdiction>
  <immutable value="true"/>
  <compose>
    <include>
      <system value="http://fhir.org/guides/itech-uw/who-smart-hiv-dak/CodeSystem/concept-codes"/>
      <concept>
        <code value="HIV.D.DE659"/>
        <display value="HPV-DNA"/>
      </concept>
      <concept>
        <code value="HIV.D.DE660"/>
        <display value="VIA"/>
      </concept>
      <concept>
        <code value="HIV.D.DE661"/>
        <display value="Cervical cytology"/>
      </concept>
      <concept>
        <code value="HIV.D.DE662"/>
        <display value="Other"/>
      </concept>
    </include>
  </compose>
</ValueSet>