<?xml version="1.0" encoding="UTF-8"?>

<ValueSet xmlns="http://hl7.org/fhir">
  <id value="hiv-c-de47"/>
  <text>
    <status value="extensions"/><div xmlns="http://www.w3.org/1999/xhtml"><ul><li>Include these codes as defined in <a href="CodeSystem-concept-codes.html"><code>http://fhir.org/guides/itech-uw/who-smart-hiv-dak/CodeSystem/concept-codes</code></a><table class="none"><tr><td style="white-space:nowrap"><b>Code</b></td><td><b>Display</b></td><td><b>Definition</b></td></tr><tr><td><a href="CodeSystem-concept-codes.html#concept-codes-HIV.46C.46DE47">HIV.C.DE47</a></td><td>Fever</td><td>Acute HIV infection symptoms - Fever</td></tr><tr><td><a href="CodeSystem-concept-codes.html#concept-codes-HIV.46C.46DE48">HIV.C.DE48</a></td><td>Sore throat</td><td>Acute HIV infection symptoms - Sore throat</td></tr><tr><td><a href="CodeSystem-concept-codes.html#concept-codes-HIV.46C.46DE49">HIV.C.DE49</a></td><td>Aches</td><td>Acute HIV infection symptoms - Aches</td></tr><tr><td><a href="CodeSystem-concept-codes.html#concept-codes-HIV.46C.46DE50">HIV.C.DE50</a></td><td>Pains</td><td>Acute HIV infection symptoms - Pains</td></tr><tr><td><a href="CodeSystem-concept-codes.html#concept-codes-HIV.46C.46DE51">HIV.C.DE51</a></td><td>Swollen glands</td><td>Acute HIV infection symptoms - Swollen glands</td></tr><tr><td><a href="CodeSystem-concept-codes.html#concept-codes-HIV.46C.46DE52">HIV.C.DE52</a></td><td>Mouth sores</td><td>Acute HIV infection symptoms - Mouth sores</td></tr><tr><td><a href="CodeSystem-concept-codes.html#concept-codes-HIV.46C.46DE53">HIV.C.DE53</a></td><td>Headaches</td><td>Acute HIV infection symptoms - Headaches</td></tr><tr><td><a href="CodeSystem-concept-codes.html#concept-codes-HIV.46C.46DE54">HIV.C.DE54</a></td><td>Rash</td><td>Acute HIV infection symptoms - Rash</td></tr></table></li></ul></div>
  </text>
  <url value="http://fhir.org/guides/itech-uw/ValueSet/hiv-c-de47"/>
  <version value="0.3.0"/>
  <name value="AcuteHIVinfectionsymptomsCodes"/>
  <title value="Acute HIV infection symptoms Codes"/>
  <status value="draft"/>
  <experimental value="false"/>
  <date value="2024-04-30T19:53:06+00:00"/>
  <publisher value="World Health Organization (WHO) "/>
  <contact>
    <telecom>
      <system value="url"/>
      <value value="https://www.who.int"/>
    </telecom>
  </contact>
  <description value="Codes representing possible values for the Acute HIV infection symptoms element"/>
  <jurisdiction>
    <coding>
      <system value="http://unstats.un.org/unsd/methods/m49/m49.htm"/>
      <code value="001"/>
    </coding>
  </jurisdiction>
  <immutable value="true"/>
  <compose>
    <include>
      <system value="http://fhir.org/guides/itech-uw/who-smart-hiv-dak/CodeSystem/concept-codes"/>
      <concept>
        <code value="HIV.C.DE47"/>
        <display value="Fever"/>
      </concept>
      <concept>
        <code value="HIV.C.DE48"/>
        <display value="Sore throat"/>
      </concept>
      <concept>
        <code value="HIV.C.DE49"/>
        <display value="Aches"/>
      </concept>
      <concept>
        <code value="HIV.C.DE50"/>
        <display value="Pains"/>
      </concept>
      <concept>
        <code value="HIV.C.DE51"/>
        <display value="Swollen glands"/>
      </concept>
      <concept>
        <code value="HIV.C.DE52"/>
        <display value="Mouth sores"/>
      </concept>
      <concept>
        <code value="HIV.C.DE53"/>
        <display value="Headaches"/>
      </concept>
      <concept>
        <code value="HIV.C.DE54"/>
        <display value="Rash"/>
      </concept>
    </include>
  </compose>
</ValueSet>