<?xml version="1.0" encoding="UTF-8"?>

<ValueSet xmlns="http://hl7.org/fhir">
  <id value="hiv-d-de1020"/>
  <text>
    <status value="extensions"/><div xmlns="http://www.w3.org/1999/xhtml"><ul><li>Include these codes as defined in <a href="CodeSystem-concept-codes.html"><code>http://fhir.org/guides/itech-uw/who-smart-hiv-dak/CodeSystem/concept-codes</code></a><table class="none"><tr><td style="white-space:nowrap"><b>Code</b></td><td><b>Display</b></td><td><b>Definition</b></td></tr><tr><td><a href="CodeSystem-concept-codes.html#concept-codes-HIV.46D.46DE1020">HIV.D.DE1020</a></td><td>Symptomatic for TB</td><td>TB status at ART start - Symptomatic for TB</td></tr><tr><td><a href="CodeSystem-concept-codes.html#concept-codes-HIV.46D.46DE1021">HIV.D.DE1021</a></td><td>Diagnosed TB</td><td>TB status at ART start - Diagnosed TB</td></tr><tr><td><a href="CodeSystem-concept-codes.html#concept-codes-HIV.46D.46DE1022">HIV.D.DE1022</a></td><td>None</td><td>TB status at ART start - None</td></tr></table></li></ul></div>
  </text>
  <url value="http://fhir.org/guides/itech-uw/ValueSet/hiv-d-de1020"/>
  <version value="0.3.0"/>
  <name value="TBstatusatARTstartCodes"/>
  <title value="TB status at ART start Codes"/>
  <status value="draft"/>
  <experimental value="false"/>
  <date value="2024-06-06T18:10:14+00:00"/>
  <publisher value="World Health Organization (WHO) "/>
  <contact>
    <telecom>
      <system value="url"/>
      <value value="https://www.who.int"/>
    </telecom>
  </contact>
  <description value="Codes representing possible values for the TB status at ART start element"/>
  <jurisdiction>
    <coding>
      <system value="http://unstats.un.org/unsd/methods/m49/m49.htm"/>
      <code value="001"/>
    </coding>
  </jurisdiction>
  <immutable value="true"/>
  <compose>
    <include>
      <system value="http://fhir.org/guides/itech-uw/who-smart-hiv-dak/CodeSystem/concept-codes"/>
      <concept>
        <code value="HIV.D.DE1020"/>
        <display value="Symptomatic for TB"/>
      </concept>
      <concept>
        <code value="HIV.D.DE1021"/>
        <display value="Diagnosed TB"/>
      </concept>
      <concept>
        <code value="HIV.D.DE1022"/>
        <display value="None"/>
      </concept>
    </include>
  </compose>
</ValueSet>