<?xml version="1.0" encoding="UTF-8"?>

<ValueSet xmlns="http://hl7.org/fhir">
  <id value="hiv-d-de611"/>
  <text>
    <status value="extensions"/><div xmlns="http://www.w3.org/1999/xhtml"><ul><li>Include these codes as defined in <a href="CodeSystem-concept-codes.html"><code>http://fhir.org/guides/itech-uw/who-smart-hiv-dak/CodeSystem/concept-codes</code></a><table class="none"><tr><td style="white-space:nowrap"><b>Code</b></td><td><b>Display</b></td><td><b>Definition</b></td></tr><tr><td><a href="CodeSystem-concept-codes.html#concept-codes-HIV.46D.46DE611">HIV.D.DE611</a></td><td>Hepatitis A</td><td>Disease targeted - Hepatitis A</td></tr><tr><td><a href="CodeSystem-concept-codes.html#concept-codes-HIV.46D.46DE612">HIV.D.DE612</a></td><td>Hepatitis B</td><td>Disease targeted - Hepatitis B</td></tr><tr><td><a href="CodeSystem-concept-codes.html#concept-codes-HIV.46D.46DE613">HIV.D.DE613</a></td><td>Tetanus</td><td>Disease targeted - Tetanus</td></tr><tr><td><a href="CodeSystem-concept-codes.html#concept-codes-HIV.46D.46DE614">HIV.D.DE614</a></td><td>COVID-19</td><td>Disease targeted - COVID-19</td></tr><tr><td><a href="CodeSystem-concept-codes.html#concept-codes-HIV.46D.46DE615">HIV.D.DE615</a></td><td>Influenza due to influenza B virus</td><td>Disease targeted - Influenza due to influenza B virus</td></tr><tr><td><a href="CodeSystem-concept-codes.html#concept-codes-HIV.46D.46DE616">HIV.D.DE616</a></td><td>Tuberculosis</td><td>Disease targeted - Tuberculosis</td></tr><tr><td><a href="CodeSystem-concept-codes.html#concept-codes-HIV.46D.46DE617">HIV.D.DE617</a></td><td>Acute poliomyelitis</td><td>Disease targeted - Acute poliomyelitis</td></tr><tr><td><a href="CodeSystem-concept-codes.html#concept-codes-HIV.46D.46DE618">HIV.D.DE618</a></td><td>Measles</td><td>Disease targeted - Measles</td></tr><tr><td><a href="CodeSystem-concept-codes.html#concept-codes-HIV.46D.46DE619">HIV.D.DE619</a></td><td>Diptheria</td><td>Disease targeted - Diptheria</td></tr><tr><td><a href="CodeSystem-concept-codes.html#concept-codes-HIV.46D.46DE620">HIV.D.DE620</a></td><td>Rabies</td><td>Disease targeted - Rabies</td></tr><tr><td><a href="CodeSystem-concept-codes.html#concept-codes-HIV.46D.46DE621">HIV.D.DE621</a></td><td>Cholera</td><td>Disease targeted - Cholera</td></tr><tr><td><a href="CodeSystem-concept-codes.html#concept-codes-HIV.46D.46DE622">HIV.D.DE622</a></td><td>Mumps</td><td>Disease targeted - Mumps</td></tr><tr><td><a href="CodeSystem-concept-codes.html#concept-codes-HIV.46D.46DE623">HIV.D.DE623</a></td><td>HPV infection</td><td>Disease targeted - HPV infection</td></tr><tr><td><a href="CodeSystem-concept-codes.html#concept-codes-HIV.46D.46DE624">HIV.D.DE624</a></td><td>Haemophilus influenzae type B</td><td>Disease targeted - Haemophilus influenzae type B</td></tr><tr><td><a href="CodeSystem-concept-codes.html#concept-codes-HIV.46D.46DE625">HIV.D.DE625</a></td><td>Varicella</td><td>Disease targeted - Varicella</td></tr><tr><td><a href="CodeSystem-concept-codes.html#concept-codes-HIV.46D.46DE626">HIV.D.DE626</a></td><td>Dengue</td><td>Disease targeted - Dengue</td></tr><tr><td><a href="CodeSystem-concept-codes.html#concept-codes-HIV.46D.46DE627">HIV.D.DE627</a></td><td>Yellow fever</td><td>Disease targeted - Yellow fever</td></tr><tr><td><a href="CodeSystem-concept-codes.html#concept-codes-HIV.46D.46DE628">HIV.D.DE628</a></td><td>Japanese Encephalitis</td><td>Disease targeted - Japanese Encephalitis</td></tr><tr><td><a href="CodeSystem-concept-codes.html#concept-codes-HIV.46D.46DE629">HIV.D.DE629</a></td><td>Rubella</td><td>Disease targeted - Rubella</td></tr><tr><td><a href="CodeSystem-concept-codes.html#concept-codes-HIV.46D.46DE630">HIV.D.DE630</a></td><td>Pertussis</td><td>Disease targeted - Pertussis</td></tr><tr><td><a href="CodeSystem-concept-codes.html#concept-codes-HIV.46D.46DE631">HIV.D.DE631</a></td><td>Enteritis due to rotavirus</td><td>Disease targeted - Enteritis due to rotavirus</td></tr><tr><td><a href="CodeSystem-concept-codes.html#concept-codes-HIV.46D.46DE632">HIV.D.DE632</a></td><td>Pneumococcal disease</td><td>Disease targeted - Pneumococcal disease</td></tr><tr><td><a href="CodeSystem-concept-codes.html#concept-codes-HIV.46D.46DE633">HIV.D.DE633</a></td><td>Meningococcal disease</td><td>Disease targeted - Meningococcal disease</td></tr><tr><td><a href="CodeSystem-concept-codes.html#concept-codes-HIV.46D.46DE634">HIV.D.DE634</a></td><td>Tick-borne encephalitis</td><td>Disease targeted - Tick-borne encephalitis</td></tr><tr><td><a href="CodeSystem-concept-codes.html#concept-codes-HIV.46D.46DE635">HIV.D.DE635</a></td><td>Typhoid</td><td>Disease targeted - Typhoid</td></tr></table></li></ul></div>
  </text>
  <url value="http://fhir.org/guides/itech-uw/ValueSet/hiv-d-de611"/>
  <version value="0.3.0"/>
  <name value="DiseasetargetedCodes"/>
  <title value="Disease targeted Codes"/>
  <status value="draft"/>
  <experimental value="false"/>
  <date value="2024-06-06T18:10:14+00:00"/>
  <publisher value="World Health Organization (WHO) "/>
  <contact>
    <telecom>
      <system value="url"/>
      <value value="https://www.who.int"/>
    </telecom>
  </contact>
  <description value="Codes representing possible values for the Disease targeted element"/>
  <jurisdiction>
    <coding>
      <system value="http://unstats.un.org/unsd/methods/m49/m49.htm"/>
      <code value="001"/>
    </coding>
  </jurisdiction>
  <immutable value="true"/>
  <compose>
    <include>
      <system value="http://fhir.org/guides/itech-uw/who-smart-hiv-dak/CodeSystem/concept-codes"/>
      <concept>
        <code value="HIV.D.DE611"/>
        <display value="Hepatitis A"/>
      </concept>
      <concept>
        <code value="HIV.D.DE612"/>
        <display value="Hepatitis B"/>
      </concept>
      <concept>
        <code value="HIV.D.DE613"/>
        <display value="Tetanus"/>
      </concept>
      <concept>
        <code value="HIV.D.DE614"/>
        <display value="COVID-19"/>
      </concept>
      <concept>
        <code value="HIV.D.DE615"/>
        <display value="Influenza due to influenza B virus"/>
      </concept>
      <concept>
        <code value="HIV.D.DE616"/>
        <display value="Tuberculosis"/>
      </concept>
      <concept>
        <code value="HIV.D.DE617"/>
        <display value="Acute poliomyelitis"/>
      </concept>
      <concept>
        <code value="HIV.D.DE618"/>
        <display value="Measles"/>
      </concept>
      <concept>
        <code value="HIV.D.DE619"/>
        <display value="Diptheria"/>
      </concept>
      <concept>
        <code value="HIV.D.DE620"/>
        <display value="Rabies"/>
      </concept>
      <concept>
        <code value="HIV.D.DE621"/>
        <display value="Cholera"/>
      </concept>
      <concept>
        <code value="HIV.D.DE622"/>
        <display value="Mumps"/>
      </concept>
      <concept>
        <code value="HIV.D.DE623"/>
        <display value="HPV infection"/>
      </concept>
      <concept>
        <code value="HIV.D.DE624"/>
        <display value="Haemophilus influenzae type B"/>
      </concept>
      <concept>
        <code value="HIV.D.DE625"/>
        <display value="Varicella"/>
      </concept>
      <concept>
        <code value="HIV.D.DE626"/>
        <display value="Dengue"/>
      </concept>
      <concept>
        <code value="HIV.D.DE627"/>
        <display value="Yellow fever"/>
      </concept>
      <concept>
        <code value="HIV.D.DE628"/>
        <display value="Japanese Encephalitis"/>
      </concept>
      <concept>
        <code value="HIV.D.DE629"/>
        <display value="Rubella"/>
      </concept>
      <concept>
        <code value="HIV.D.DE630"/>
        <display value="Pertussis"/>
      </concept>
      <concept>
        <code value="HIV.D.DE631"/>
        <display value="Enteritis due to rotavirus"/>
      </concept>
      <concept>
        <code value="HIV.D.DE632"/>
        <display value="Pneumococcal disease"/>
      </concept>
      <concept>
        <code value="HIV.D.DE633"/>
        <display value="Meningococcal disease"/>
      </concept>
      <concept>
        <code value="HIV.D.DE634"/>
        <display value="Tick-borne encephalitis"/>
      </concept>
      <concept>
        <code value="HIV.D.DE635"/>
        <display value="Typhoid"/>
      </concept>
    </include>
  </compose>
</ValueSet>