<?xml version="1.0" encoding="UTF-8"?>

<ValueSet xmlns="http://hl7.org/fhir">
  <id value="hiv-d-de1029"/>
  <text>
    <status value="extensions"/><div xmlns="http://www.w3.org/1999/xhtml"><ul><li>Include these codes as defined in <a href="CodeSystem-concept-codes.html"><code>http://fhir.org/guides/itech-uw/who-smart-hiv-dak/CodeSystem/concept-codes</code></a><table class="none"><tr><td style="white-space:nowrap"><b>Code</b></td><td><b>Display</b></td><td><b>Definition</b></td></tr><tr><td><a href="CodeSystem-concept-codes.html#concept-codes-HIV.46D.46DE1029">HIV.D.DE1029</a></td><td>3HP</td><td>TPT regimen type - 3HP</td></tr><tr><td><a href="CodeSystem-concept-codes.html#concept-codes-HIV.46D.46DE1030">HIV.D.DE1030</a></td><td>1HP</td><td>TPT regimen type - 1HP</td></tr><tr><td><a href="CodeSystem-concept-codes.html#concept-codes-HIV.46D.46DE1031">HIV.D.DE1031</a></td><td>6H</td><td>TPT regimen type - 6H</td></tr><tr><td><a href="CodeSystem-concept-codes.html#concept-codes-HIV.46D.46DE1032">HIV.D.DE1032</a></td><td>Six months of levofloxacin daily</td><td>TPT regimen type - Six months of levofloxacin daily</td></tr><tr><td><a href="CodeSystem-concept-codes.html#concept-codes-HIV.46D.46DE1033">HIV.D.DE1033</a></td><td>Other TB preventive treatment (TPT) regimen</td><td>TPT regimen type - Other TB preventive treatment (TPT) regimen</td></tr></table></li></ul></div>
  </text>
  <url value="http://fhir.org/guides/itech-uw/ValueSet/hiv-d-de1029"/>
  <version value="0.3.0"/>
  <name value="TPTregimentypeCodes"/>
  <title value="TPT regimen type Codes"/>
  <status value="draft"/>
  <experimental value="false"/>
  <date value="2024-04-30T19:24:27+00:00"/>
  <publisher value="World Health Organization (WHO) "/>
  <contact>
    <telecom>
      <system value="url"/>
      <value value="https://www.who.int"/>
    </telecom>
  </contact>
  <description value="Codes representing possible values for the TPT regimen type element"/>
  <jurisdiction>
    <coding>
      <system value="http://unstats.un.org/unsd/methods/m49/m49.htm"/>
      <code value="001"/>
    </coding>
  </jurisdiction>
  <immutable value="true"/>
  <compose>
    <include>
      <system value="http://fhir.org/guides/itech-uw/who-smart-hiv-dak/CodeSystem/concept-codes"/>
      <concept>
        <code value="HIV.D.DE1029"/>
        <display value="3HP"/>
      </concept>
      <concept>
        <code value="HIV.D.DE1030"/>
        <display value="1HP"/>
      </concept>
      <concept>
        <code value="HIV.D.DE1031"/>
        <display value="6H"/>
      </concept>
      <concept>
        <code value="HIV.D.DE1032"/>
        <display value="Six months of levofloxacin daily"/>
      </concept>
      <concept>
        <code value="HIV.D.DE1033"/>
        <display value="Other TB preventive treatment (TPT) regimen"/>
      </concept>
    </include>
  </compose>
</ValueSet>