<?xml version="1.0" encoding="UTF-8"?>

<ValueSet xmlns="http://hl7.org/fhir">
  <id value="hiv-d-de450"/>
  <text>
    <status value="extensions"/><div xmlns="http://www.w3.org/1999/xhtml"><ul><li>Include these codes as defined in <a href="CodeSystem-concept-codes.html"><code>http://fhir.org/guides/itech-uw/who-smart-hiv-dak/CodeSystem/concept-codes</code></a><table class="none"><tr><td style="white-space:nowrap"><b>Code</b></td><td><b>Display</b></td><td><b>Definition</b></td></tr><tr><td><a href="CodeSystem-concept-codes.html#concept-codes-HIV.46D.46DE450">HIV.D.DE450</a></td><td>Pregnant at ART start</td><td>Pregnant and breastfeeding status at ART start - Pregnant at ART start</td></tr><tr><td><a href="CodeSystem-concept-codes.html#concept-codes-HIV.46D.46DE451">HIV.D.DE451</a></td><td>Postpartum at ART start</td><td>Pregnant and breastfeeding status at ART start - Postpartum at ART start</td></tr><tr><td><a href="CodeSystem-concept-codes.html#concept-codes-HIV.46D.46DE452">HIV.D.DE452</a></td><td>ART start at labour and delivery</td><td>Pregnant and breastfeeding status at ART start - ART start at labour and delivery</td></tr><tr><td><a href="CodeSystem-concept-codes.html#concept-codes-HIV.46D.46DE453">HIV.D.DE453</a></td><td>Breastfeeding at ART start</td><td>Pregnant and breastfeeding status at ART start - Breastfeeding at ART start</td></tr></table></li></ul></div>
  </text>
  <url value="http://fhir.org/guides/itech-uw/ValueSet/hiv-d-de450"/>
  <version value="0.3.0"/>
  <name value="PregnantandbreastfeedingstatusatARTstartCodes"/>
  <title value="Pregnant and breastfeeding status at ART start Codes"/>
  <status value="draft"/>
  <experimental value="false"/>
  <date value="2024-06-06T18:10:14+00:00"/>
  <publisher value="World Health Organization (WHO) "/>
  <contact>
    <telecom>
      <system value="url"/>
      <value value="https://www.who.int"/>
    </telecom>
  </contact>
  <description value="Codes representing possible values for the Pregnant and breastfeeding status at ART start element"/>
  <jurisdiction>
    <coding>
      <system value="http://unstats.un.org/unsd/methods/m49/m49.htm"/>
      <code value="001"/>
    </coding>
  </jurisdiction>
  <immutable value="true"/>
  <compose>
    <include>
      <system value="http://fhir.org/guides/itech-uw/who-smart-hiv-dak/CodeSystem/concept-codes"/>
      <concept>
        <code value="HIV.D.DE450"/>
        <display value="Pregnant at ART start"/>
      </concept>
      <concept>
        <code value="HIV.D.DE451"/>
        <display value="Postpartum at ART start"/>
      </concept>
      <concept>
        <code value="HIV.D.DE452"/>
        <display value="ART start at labour and delivery"/>
      </concept>
      <concept>
        <code value="HIV.D.DE453"/>
        <display value="Breastfeeding at ART start"/>
      </concept>
    </include>
  </compose>
</ValueSet>