<?xml version="1.0" encoding="UTF-8"?>

<ValueSet xmlns="http://hl7.org/fhir">
  <id value="hiv-d-de974"/>
  <text>
    <status value="extensions"/><div xmlns="http://www.w3.org/1999/xhtml"><ul><li>Include these codes as defined in <a href="CodeSystem-concept-codes.html"><code>http://fhir.org/guides/itech-uw/who-smart-hiv-dak/CodeSystem/concept-codes</code></a><table class="none"><tr><td style="white-space:nowrap"><b>Code</b></td><td><b>Display</b></td><td><b>Definition</b></td></tr><tr><td><a href="CodeSystem-concept-codes.html#concept-codes-HIV.46D.46DE974">HIV.D.DE974</a></td><td>Current cough</td><td>Symptoms of TB - Current cough</td></tr><tr><td><a href="CodeSystem-concept-codes.html#concept-codes-HIV.46D.46DE975">HIV.D.DE975</a></td><td>Prolonged cough (&gt;=2w)</td><td>Symptoms of TB - Prolonged cough (&gt;=2w)</td></tr><tr><td><a href="CodeSystem-concept-codes.html#concept-codes-HIV.46D.46DE976">HIV.D.DE976</a></td><td>Fever of 39 °C or greater</td><td>Symptoms of TB - Fever of 39 °C or greater</td></tr><tr><td><a href="CodeSystem-concept-codes.html#concept-codes-HIV.46D.46DE977">HIV.D.DE977</a></td><td>Weight loss (reported)</td><td>Symptoms of TB - Weight loss (reported)</td></tr><tr><td><a href="CodeSystem-concept-codes.html#concept-codes-HIV.46D.46DE978">HIV.D.DE978</a></td><td>Night sweats</td><td>Symptoms of TB - Night sweats</td></tr><tr><td><a href="CodeSystem-concept-codes.html#concept-codes-HIV.46D.46DE979">HIV.D.DE979</a></td><td>Poor weight gain</td><td>Symptoms of TB - Poor weight gain</td></tr><tr><td><a href="CodeSystem-concept-codes.html#concept-codes-HIV.46D.46DE980">HIV.D.DE980</a></td><td>Reduced playfulness</td><td>Symptoms of TB - Reduced playfulness</td></tr><tr><td><a href="CodeSystem-concept-codes.html#concept-codes-HIV.46D.46DE981">HIV.D.DE981</a></td><td>Chest pain</td><td>Symptoms of TB - Chest pain</td></tr><tr><td><a href="CodeSystem-concept-codes.html#concept-codes-HIV.46D.46DE982">HIV.D.DE982</a></td><td>Haemoptysis</td><td>Symptoms of TB - Haemoptysis</td></tr><tr><td><a href="CodeSystem-concept-codes.html#concept-codes-HIV.46D.46DE983">HIV.D.DE983</a></td><td>Lethargy</td><td>Symptoms of TB - Lethargy</td></tr><tr><td><a href="CodeSystem-concept-codes.html#concept-codes-HIV.46D.46DE984">HIV.D.DE984</a></td><td>None</td><td>Symptoms of TB - None</td></tr></table></li></ul></div>
  </text>
  <url value="http://fhir.org/guides/itech-uw/ValueSet/hiv-d-de974"/>
  <version value="0.3.0"/>
  <name value="SymptomsofTBCodes"/>
  <title value="Symptoms of TB Codes"/>
  <status value="draft"/>
  <experimental value="false"/>
  <date value="2024-05-15T17:51:55+00:00"/>
  <publisher value="World Health Organization (WHO) "/>
  <contact>
    <telecom>
      <system value="url"/>
      <value value="https://www.who.int"/>
    </telecom>
  </contact>
  <description value="Codes representing possible values for the Symptoms of TB element"/>
  <jurisdiction>
    <coding>
      <system value="http://unstats.un.org/unsd/methods/m49/m49.htm"/>
      <code value="001"/>
    </coding>
  </jurisdiction>
  <immutable value="true"/>
  <compose>
    <include>
      <system value="http://fhir.org/guides/itech-uw/who-smart-hiv-dak/CodeSystem/concept-codes"/>
      <concept>
        <code value="HIV.D.DE974"/>
        <display value="Current cough"/>
      </concept>
      <concept>
        <code value="HIV.D.DE975"/>
        <display value="Prolonged cough (&gt;=2w)"/>
      </concept>
      <concept>
        <code value="HIV.D.DE976"/>
        <display value="Fever of 39 °C or greater"/>
      </concept>
      <concept>
        <code value="HIV.D.DE977"/>
        <display value="Weight loss (reported)"/>
      </concept>
      <concept>
        <code value="HIV.D.DE978"/>
        <display value="Night sweats"/>
      </concept>
      <concept>
        <code value="HIV.D.DE979"/>
        <display value="Poor weight gain"/>
      </concept>
      <concept>
        <code value="HIV.D.DE980"/>
        <display value="Reduced playfulness"/>
      </concept>
      <concept>
        <code value="HIV.D.DE981"/>
        <display value="Chest pain"/>
      </concept>
      <concept>
        <code value="HIV.D.DE982"/>
        <display value="Haemoptysis"/>
      </concept>
      <concept>
        <code value="HIV.D.DE983"/>
        <display value="Lethargy"/>
      </concept>
      <concept>
        <code value="HIV.D.DE984"/>
        <display value="None"/>
      </concept>
    </include>
  </compose>
</ValueSet>