<?xml version="1.0" encoding="UTF-8"?>

<ValueSet xmlns="http://hl7.org/fhir">
  <id value="hiv-b-de173"/>
  <text>
    <status value="extensions"/><div xmlns="http://www.w3.org/1999/xhtml"><ul><li>Include these codes as defined in <a href="CodeSystem-concept-codes.html"><code>http://fhir.org/guides/itech-uw/who-smart-hiv-dak/CodeSystem/concept-codes</code></a><table class="none"><tr><td style="white-space:nowrap"><b>Code</b></td><td><b>Display</b></td><td><b>Definition</b></td></tr><tr><td><a href="CodeSystem-concept-codes.html#concept-codes-HIV.46B.46DE173">HIV.B.DE173</a></td><td>Mental health services</td><td>Other support services - Mental health services</td></tr><tr><td><a href="CodeSystem-concept-codes.html#concept-codes-HIV.46B.46DE174">HIV.B.DE174</a></td><td>Psychosocial counselling, support and treatment adherence counselling</td><td>Other support services - Psychosocial counselling, support and treatment adherence counselling</td></tr><tr><td><a href="CodeSystem-concept-codes.html#concept-codes-HIV.46B.46DE175">HIV.B.DE175</a></td><td>Support for disclosure and partner services</td><td>Other support services - Support for disclosure and partner services</td></tr><tr><td><a href="CodeSystem-concept-codes.html#concept-codes-HIV.46B.46DE176">HIV.B.DE176</a></td><td>Legal and social services</td><td>Other support services - Legal and social services</td></tr><tr><td><a href="CodeSystem-concept-codes.html#concept-codes-HIV.46B.46DE177">HIV.B.DE177</a></td><td>Services for responding to violence against women</td><td>Other support services - Services for responding to violence against women</td></tr><tr><td><a href="CodeSystem-concept-codes.html#concept-codes-HIV.46C.46DE165">HIV.C.DE165</a></td><td>Mental health services</td><td>Other support services - Mental health services</td></tr><tr><td><a href="CodeSystem-concept-codes.html#concept-codes-HIV.46C.46DE166">HIV.C.DE166</a></td><td>Psychosocial counselling, support and treatment adherence counselling</td><td>Other support services - Psychosocial counselling, support and treatment adherence counselling</td></tr><tr><td><a href="CodeSystem-concept-codes.html#concept-codes-HIV.46C.46DE167">HIV.C.DE167</a></td><td>Support for disclosure and partner services</td><td>Other support services - Support for disclosure and partner services</td></tr><tr><td><a href="CodeSystem-concept-codes.html#concept-codes-HIV.46C.46DE168">HIV.C.DE168</a></td><td>Legal and social services</td><td>Other support services - Legal and social services</td></tr><tr><td><a href="CodeSystem-concept-codes.html#concept-codes-HIV.46C.46DE169">HIV.C.DE169</a></td><td>Services for responding to violence against women</td><td>Other support services - Services for responding to violence against women</td></tr><tr><td><a href="CodeSystem-concept-codes.html#concept-codes-HIV.46D.46DE520">HIV.D.DE520</a></td><td>Mental health services</td><td>Other support services - Mental health services</td></tr><tr><td><a href="CodeSystem-concept-codes.html#concept-codes-HIV.46D.46DE521">HIV.D.DE521</a></td><td>Psychosocial counselling, support and treatment adherence counselling</td><td>Other support services - Psychosocial counselling, support and treatment adherence counselling</td></tr><tr><td><a href="CodeSystem-concept-codes.html#concept-codes-HIV.46D.46DE522">HIV.D.DE522</a></td><td>Legal and social services</td><td>Other support services - Legal and social services</td></tr><tr><td><a href="CodeSystem-concept-codes.html#concept-codes-HIV.46D.46DE523">HIV.D.DE523</a></td><td>Services for responding to violence against women</td><td>Other support services - Services for responding to violence against women</td></tr></table></li></ul></div>
  </text>
  <url value="http://fhir.org/guides/itech-uw/ValueSet/hiv-b-de173"/>
  <version value="0.3.0"/>
  <name value="OthersupportservicesCodes"/>
  <title value="Other support services Codes"/>
  <status value="draft"/>
  <experimental value="false"/>
  <date value="2024-05-15T17:51:55+00:00"/>
  <publisher value="World Health Organization (WHO) "/>
  <contact>
    <telecom>
      <system value="url"/>
      <value value="https://www.who.int"/>
    </telecom>
  </contact>
  <description value="Codes representing possible values for the Other support services element"/>
  <jurisdiction>
    <coding>
      <system value="http://unstats.un.org/unsd/methods/m49/m49.htm"/>
      <code value="001"/>
    </coding>
  </jurisdiction>
  <immutable value="true"/>
  <compose>
    <include>
      <system value="http://fhir.org/guides/itech-uw/who-smart-hiv-dak/CodeSystem/concept-codes"/>
      <concept>
        <code value="HIV.B.DE173"/>
        <display value="Mental health services"/>
      </concept>
      <concept>
        <code value="HIV.B.DE174"/>
        <display value="Psychosocial counselling, support and treatment adherence counselling"/>
      </concept>
      <concept>
        <code value="HIV.B.DE175"/>
        <display value="Support for disclosure and partner services"/>
      </concept>
      <concept>
        <code value="HIV.B.DE176"/>
        <display value="Legal and social services"/>
      </concept>
      <concept>
        <code value="HIV.B.DE177"/>
        <display value="Services for responding to violence against women"/>
      </concept>
      <concept>
        <code value="HIV.C.DE165"/>
        <display value="Mental health services"/>
      </concept>
      <concept>
        <code value="HIV.C.DE166"/>
        <display value="Psychosocial counselling, support and treatment adherence counselling"/>
      </concept>
      <concept>
        <code value="HIV.C.DE167"/>
        <display value="Support for disclosure and partner services"/>
      </concept>
      <concept>
        <code value="HIV.C.DE168"/>
        <display value="Legal and social services"/>
      </concept>
      <concept>
        <code value="HIV.C.DE169"/>
        <display value="Services for responding to violence against women"/>
      </concept>
      <concept>
        <code value="HIV.D.DE520"/>
        <display value="Mental health services"/>
      </concept>
      <concept>
        <code value="HIV.D.DE521"/>
        <display value="Psychosocial counselling, support and treatment adherence counselling"/>
      </concept>
      <concept>
        <code value="HIV.D.DE522"/>
        <display value="Legal and social services"/>
      </concept>
      <concept>
        <code value="HIV.D.DE523"/>
        <display value="Services for responding to violence against women"/>
      </concept>
    </include>
  </compose>
</ValueSet>