<?xml version="1.0" encoding="UTF-8"?>

<ValueSet xmlns="http://hl7.org/fhir">
  <id value="hiv-c-de81"/>
  <text>
    <status value="extensions"/><div xmlns="http://www.w3.org/1999/xhtml"><ul><li>Include these codes as defined in <a href="CodeSystem-concept-codes.html"><code>http://fhir.org/guides/itech-uw/who-smart-hiv-dak/CodeSystem/concept-codes</code></a><table class="none"><tr><td style="white-space:nowrap"><b>Code</b></td><td><b>Display</b></td><td><b>Definition</b></td></tr><tr><td><a href="CodeSystem-concept-codes.html#concept-codes-HIV.46C.46DE81">HIV.C.DE81</a></td><td>Oral PrEP</td><td>PrEP product prescribed - Oral PrEP</td></tr><tr><td><a href="CodeSystem-concept-codes.html#concept-codes-HIV.46C.46DE82">HIV.C.DE82</a></td><td>Dapivirine vaginal ring (DVR)</td><td>PrEP product prescribed - Dapivirine vaginal ring (DVR)</td></tr><tr><td><a href="CodeSystem-concept-codes.html#concept-codes-HIV.46C.46DE83">HIV.C.DE83</a></td><td>CAB-LA</td><td>PrEP product prescribed - CAB-LA</td></tr><tr><td><a href="CodeSystem-concept-codes.html#concept-codes-HIV.46C.46DE84">HIV.C.DE84</a></td><td>Other</td><td>PrEP product prescribed - Other</td></tr></table></li></ul></div>
  </text>
  <url value="http://fhir.org/guides/itech-uw/ValueSet/hiv-c-de81"/>
  <version value="0.3.0"/>
  <name value="PrEPproductprescribedCodes"/>
  <title value="PrEP product prescribed Codes"/>
  <status value="draft"/>
  <experimental value="false"/>
  <date value="2024-06-06T18:10:14+00:00"/>
  <publisher value="World Health Organization (WHO) "/>
  <contact>
    <telecom>
      <system value="url"/>
      <value value="https://www.who.int"/>
    </telecom>
  </contact>
  <description value="Codes representing possible values for the PrEP product prescribed element"/>
  <jurisdiction>
    <coding>
      <system value="http://unstats.un.org/unsd/methods/m49/m49.htm"/>
      <code value="001"/>
    </coding>
  </jurisdiction>
  <immutable value="true"/>
  <compose>
    <include>
      <system value="http://fhir.org/guides/itech-uw/who-smart-hiv-dak/CodeSystem/concept-codes"/>
      <concept>
        <code value="HIV.C.DE81"/>
        <display value="Oral PrEP"/>
      </concept>
      <concept>
        <code value="HIV.C.DE82"/>
        <display value="Dapivirine vaginal ring (DVR)"/>
      </concept>
      <concept>
        <code value="HIV.C.DE83"/>
        <display value="CAB-LA"/>
      </concept>
      <concept>
        <code value="HIV.C.DE84"/>
        <display value="Other"/>
      </concept>
    </include>
  </compose>
</ValueSet>