<?xml version="1.0" encoding="UTF-8"?>

<ValueSet xmlns="http://hl7.org/fhir">
  <id value="hiv-d-de647"/>
  <text>
    <status value="extensions"/><div xmlns="http://www.w3.org/1999/xhtml"><ul><li>Include these codes as defined in <a href="CodeSystem-concept-codes.html"><code>http://fhir.org/guides/itech-uw/who-smart-hiv-dak/CodeSystem/concept-codes</code></a><table class="none"><tr><td style="white-space:nowrap"><b>Code</b></td><td><b>Display</b></td><td><b>Definition</b></td></tr><tr><td><a href="CodeSystem-concept-codes.html#concept-codes-HIV.46D.46DE647">HIV.D.DE647</a></td><td>Client was referred</td><td>Reason malaria prophylaxis not provided - Client was referred</td></tr><tr><td><a href="CodeSystem-concept-codes.html#concept-codes-HIV.46D.46DE648">HIV.D.DE648</a></td><td>Stock out</td><td>Reason malaria prophylaxis not provided - Stock out</td></tr><tr><td><a href="CodeSystem-concept-codes.html#concept-codes-HIV.46D.46DE649">HIV.D.DE649</a></td><td>Expired</td><td>Reason malaria prophylaxis not provided - Expired</td></tr><tr><td><a href="CodeSystem-concept-codes.html#concept-codes-HIV.46D.46DE650">HIV.D.DE650</a></td><td>Other reason not provided</td><td>Reason malaria prophylaxis not provided - Other reason not provided</td></tr></table></li></ul></div>
  </text>
  <url value="http://fhir.org/guides/itech-uw/ValueSet/hiv-d-de647"/>
  <version value="0.3.0"/>
  <name value="ReasonmalariaprophylaxisnotprovidedCodes"/>
  <title value="Reason malaria prophylaxis not provided Codes"/>
  <status value="draft"/>
  <experimental value="false"/>
  <date value="2024-06-06T18:10:14+00:00"/>
  <publisher value="World Health Organization (WHO) "/>
  <contact>
    <telecom>
      <system value="url"/>
      <value value="https://www.who.int"/>
    </telecom>
  </contact>
  <description value="Codes representing possible values for the Reason malaria prophylaxis not provided element"/>
  <jurisdiction>
    <coding>
      <system value="http://unstats.un.org/unsd/methods/m49/m49.htm"/>
      <code value="001"/>
    </coding>
  </jurisdiction>
  <immutable value="true"/>
  <compose>
    <include>
      <system value="http://fhir.org/guides/itech-uw/who-smart-hiv-dak/CodeSystem/concept-codes"/>
      <concept>
        <code value="HIV.D.DE647"/>
        <display value="Client was referred"/>
      </concept>
      <concept>
        <code value="HIV.D.DE648"/>
        <display value="Stock out"/>
      </concept>
      <concept>
        <code value="HIV.D.DE649"/>
        <display value="Expired"/>
      </concept>
      <concept>
        <code value="HIV.D.DE650"/>
        <display value="Other reason not provided"/>
      </concept>
    </include>
  </compose>
</ValueSet>