<?xml version="1.0" encoding="UTF-8"?>

<ValueSet xmlns="http://hl7.org/fhir">
  <id value="hiv-d-de669"/>
  <text>
    <status value="extensions"/><div xmlns="http://www.w3.org/1999/xhtml"><ul><li>Include these codes as defined in <a href="CodeSystem-concept-codes.html"><code>http://fhir.org/guides/itech-uw/who-smart-hiv-dak/CodeSystem/concept-codes</code></a><table class="none"><tr><td style="white-space:nowrap"><b>Code</b></td><td><b>Display</b></td><td><b>Definition</b></td></tr><tr><td><a href="CodeSystem-concept-codes.html#concept-codes-HIV.46D.46DE669">HIV.D.DE669</a></td><td>Negative</td><td>VIA cervical cancer screening test result - Negative</td></tr><tr><td><a href="CodeSystem-concept-codes.html#concept-codes-HIV.46D.46DE670">HIV.D.DE670</a></td><td>Positive</td><td>VIA cervical cancer screening test result - Positive</td></tr><tr><td><a href="CodeSystem-concept-codes.html#concept-codes-HIV.46D.46DE671">HIV.D.DE671</a></td><td>Suspected cancer</td><td>VIA cervical cancer screening test result - Suspected cancer</td></tr><tr><td><a href="CodeSystem-concept-codes.html#concept-codes-HIV.46D.46DE672">HIV.D.DE672</a></td><td>Invalid</td><td>VIA cervical cancer screening test result - Invalid</td></tr></table></li></ul></div>
  </text>
  <url value="http://fhir.org/guides/itech-uw/ValueSet/hiv-d-de669"/>
  <version value="0.3.0"/>
  <name value="VIAcervicalcancerscreeningtestresultCodes"/>
  <title value="VIA cervical cancer screening test result Codes"/>
  <status value="draft"/>
  <experimental value="false"/>
  <date value="2024-06-06T18:10:14+00:00"/>
  <publisher value="World Health Organization (WHO) "/>
  <contact>
    <telecom>
      <system value="url"/>
      <value value="https://www.who.int"/>
    </telecom>
  </contact>
  <description value="Codes representing possible values for the VIA cervical cancer screening test result element"/>
  <jurisdiction>
    <coding>
      <system value="http://unstats.un.org/unsd/methods/m49/m49.htm"/>
      <code value="001"/>
    </coding>
  </jurisdiction>
  <immutable value="true"/>
  <compose>
    <include>
      <system value="http://fhir.org/guides/itech-uw/who-smart-hiv-dak/CodeSystem/concept-codes"/>
      <concept>
        <code value="HIV.D.DE669"/>
        <display value="Negative"/>
      </concept>
      <concept>
        <code value="HIV.D.DE670"/>
        <display value="Positive"/>
      </concept>
      <concept>
        <code value="HIV.D.DE671"/>
        <display value="Suspected cancer"/>
      </concept>
      <concept>
        <code value="HIV.D.DE672"/>
        <display value="Invalid"/>
      </concept>
    </include>
  </compose>
</ValueSet>