<?xml version="1.0" encoding="UTF-8"?>

<ValueSet xmlns="http://hl7.org/fhir">
  <id value="hiv-b-de150"/>
  <text>
    <status value="extensions"/><div xmlns="http://www.w3.org/1999/xhtml"><ul><li>Include these codes as defined in <a href="CodeSystem-concept-codes.html"><code>http://fhir.org/guides/itech-uw/who-smart-hiv-dak/CodeSystem/concept-codes</code></a><table class="none"><tr><td style="white-space:nowrap"><b>Code</b></td><td><b>Display</b></td><td><b>Definition</b></td></tr><tr><td><a href="CodeSystem-concept-codes.html#concept-codes-HIV.46B.46DE150">HIV.B.DE150</a></td><td>Offer male and female condoms and condom-compatible lubricants</td><td>Prevention services offered and referrals - Offer male and female condoms and condom-compatible lubricants</td></tr><tr><td><a href="CodeSystem-concept-codes.html#concept-codes-HIV.46B.46DE151">HIV.B.DE151</a></td><td>Offer pre-exposure prophylaxis (PrEP) for people at elevated risk for HIV acquisition</td><td>Prevention services offered and referrals - Offer pre-exposure prophylaxis (PrEP) for people at elevated risk for HIV acquisition</td></tr><tr><td><a href="CodeSystem-concept-codes.html#concept-codes-HIV.46B.46DE152">HIV.B.DE152</a></td><td>Offer post-exposure prophylaxis (PEP) following suspected exposure</td><td>Prevention services offered and referrals - Offer post-exposure prophylaxis (PEP) following suspected exposure</td></tr><tr><td><a href="CodeSystem-concept-codes.html#concept-codes-HIV.46B.46DE153">HIV.B.DE153</a></td><td>Voluntary medical male circumcision (VMMC)</td><td>Prevention services offered and referrals - Voluntary medical male circumcision (VMMC)</td></tr><tr><td><a href="CodeSystem-concept-codes.html#concept-codes-HIV.46B.46DE154">HIV.B.DE154</a></td><td>Harm reduction for people who inject drugs</td><td>Prevention services offered and referrals - Harm reduction for people who inject drugs</td></tr><tr><td><a href="CodeSystem-concept-codes.html#concept-codes-HIV.46B.46DE155">HIV.B.DE155</a></td><td>Behavioural interventions to support risk reduction, particularly for people with HIV and members of key populations</td><td>Prevention services offered and referrals - Behavioural interventions to support risk reduction, particularly for people with HIV and members of key populations</td></tr><tr><td><a href="CodeSystem-concept-codes.html#concept-codes-HIV.46B.46DE156">HIV.B.DE156</a></td><td>HIV testing for partners and biological children</td><td>Prevention services offered and referrals - HIV testing for partners and biological children</td></tr><tr><td><a href="CodeSystem-concept-codes.html#concept-codes-HIV.46B.46DE157">HIV.B.DE157</a></td><td>HIV testing for partners and social contacts of people from key populations, where appropriate</td><td>Prevention services offered and referrals - HIV testing for partners and social contacts of people from key populations, where appropriate</td></tr><tr><td><a href="CodeSystem-concept-codes.html#concept-codes-HIV.46C.46DE132">HIV.C.DE132</a></td><td>Male and female condoms and condom-compatible lubricants offered</td><td>Prevention services offered and referrals - Male and female condoms and condom-compatible lubricants offered</td></tr><tr><td><a href="CodeSystem-concept-codes.html#concept-codes-HIV.46C.46DE133">HIV.C.DE133</a></td><td>Voluntary medical male circumcision (VMMC) referral</td><td>Prevention services offered and referrals - Voluntary medical male circumcision (VMMC) referral</td></tr><tr><td><a href="CodeSystem-concept-codes.html#concept-codes-HIV.46C.46DE134">HIV.C.DE134</a></td><td>Harm reduction for people who inject drugs</td><td>Prevention services offered and referrals - Harm reduction for people who inject drugs</td></tr><tr><td><a href="CodeSystem-concept-codes.html#concept-codes-HIV.46C.46DE135">HIV.C.DE135</a></td><td>Behavioural interventions to support risk reduction</td><td>Prevention services offered and referrals - Behavioural interventions to support risk reduction</td></tr><tr><td><a href="CodeSystem-concept-codes.html#concept-codes-HIV.46D.46DE153">HIV.D.DE153</a></td><td>Offer male and female condoms and condom-compatible lubricants</td><td>Prevention services offered and referrals - Offer male and female condoms and condom-compatible lubricants</td></tr><tr><td><a href="CodeSystem-concept-codes.html#concept-codes-HIV.46D.46DE154">HIV.D.DE154</a></td><td>Harm reduction for people who inject drugs</td><td>Prevention services offered and referrals - Harm reduction for people who inject drugs</td></tr><tr><td><a href="CodeSystem-concept-codes.html#concept-codes-HIV.46D.46DE155">HIV.D.DE155</a></td><td>Behavioural interventions to support risk reduction</td><td>Prevention services offered and referrals - Behavioural interventions to support risk reduction</td></tr></table></li></ul></div>
  </text>
  <url value="http://fhir.org/guides/itech-uw/ValueSet/hiv-b-de150"/>
  <version value="0.3.0"/>
  <name value="PreventionservicesofferedandreferralsCodes"/>
  <title value="Prevention services offered and referrals Codes"/>
  <status value="draft"/>
  <experimental value="false"/>
  <date value="2024-06-10T14:32:54+00:00"/>
  <publisher value="World Health Organization (WHO) "/>
  <contact>
    <telecom>
      <system value="url"/>
      <value value="https://www.who.int"/>
    </telecom>
  </contact>
  <description value="Codes representing possible values for the Prevention services offered and referrals element"/>
  <jurisdiction>
    <coding>
      <system value="http://unstats.un.org/unsd/methods/m49/m49.htm"/>
      <code value="001"/>
    </coding>
  </jurisdiction>
  <immutable value="true"/>
  <compose>
    <include>
      <system value="http://fhir.org/guides/itech-uw/who-smart-hiv-dak/CodeSystem/concept-codes"/>
      <concept>
        <code value="HIV.B.DE150"/>
        <display value="Offer male and female condoms and condom-compatible lubricants"/>
      </concept>
      <concept>
        <code value="HIV.B.DE151"/>
        <display value="Offer pre-exposure prophylaxis (PrEP) for people at elevated risk for HIV acquisition"/>
      </concept>
      <concept>
        <code value="HIV.B.DE152"/>
        <display value="Offer post-exposure prophylaxis (PEP) following suspected exposure"/>
      </concept>
      <concept>
        <code value="HIV.B.DE153"/>
        <display value="Voluntary medical male circumcision (VMMC)"/>
      </concept>
      <concept>
        <code value="HIV.B.DE154"/>
        <display value="Harm reduction for people who inject drugs"/>
      </concept>
      <concept>
        <code value="HIV.B.DE155"/>
        <display value="Behavioural interventions to support risk reduction, particularly for people with HIV and members of key populations"/>
      </concept>
      <concept>
        <code value="HIV.B.DE156"/>
        <display value="HIV testing for partners and biological children"/>
      </concept>
      <concept>
        <code value="HIV.B.DE157"/>
        <display value="HIV testing for partners and social contacts of people from key populations, where appropriate"/>
      </concept>
      <concept>
        <code value="HIV.C.DE132"/>
        <display value="Male and female condoms and condom-compatible lubricants offered"/>
      </concept>
      <concept>
        <code value="HIV.C.DE133"/>
        <display value="Voluntary medical male circumcision (VMMC) referral"/>
      </concept>
      <concept>
        <code value="HIV.C.DE134"/>
        <display value="Harm reduction for people who inject drugs"/>
      </concept>
      <concept>
        <code value="HIV.C.DE135"/>
        <display value="Behavioural interventions to support risk reduction"/>
      </concept>
      <concept>
        <code value="HIV.D.DE153"/>
        <display value="Offer male and female condoms and condom-compatible lubricants"/>
      </concept>
      <concept>
        <code value="HIV.D.DE154"/>
        <display value="Harm reduction for people who inject drugs"/>
      </concept>
      <concept>
        <code value="HIV.D.DE155"/>
        <display value="Behavioural interventions to support risk reduction"/>
      </concept>
    </include>
  </compose>
</ValueSet>