<?xml version="1.0" encoding="UTF-8"?>

<ValueSet xmlns="http://hl7.org/fhir">
  <id value="hiv-h-de35"/>
  <text>
    <status value="extensions"/><div xmlns="http://www.w3.org/1999/xhtml"><ul><li>Include these codes as defined in <a href="CodeSystem-concept-codes.html"><code>http://fhir.org/guides/itech-uw/who-smart-hiv-dak/CodeSystem/concept-codes</code></a><table class="none"><tr><td style="white-space:nowrap"><b>Code</b></td><td><b>Display</b></td><td><b>Definition</b></td></tr><tr><td><a href="CodeSystem-concept-codes.html#concept-codes-HIV.46H.46DE35">HIV.H.DE35</a></td><td>Already knew positive</td><td>HIV status of partner or contact - Already knew positive</td></tr><tr><td><a href="CodeSystem-concept-codes.html#concept-codes-HIV.46H.46DE36">HIV.H.DE36</a></td><td>Newly diagnosed</td><td>HIV status of partner or contact - Newly diagnosed</td></tr><tr><td><a href="CodeSystem-concept-codes.html#concept-codes-HIV.46H.46DE37">HIV.H.DE37</a></td><td>Negative</td><td>HIV status of partner or contact - Negative</td></tr></table></li></ul></div>
  </text>
  <url value="http://fhir.org/guides/itech-uw/ValueSet/hiv-h-de35"/>
  <version value="0.3.0"/>
  <name value="HIVstatusofpartnerorcontactCodes"/>
  <title value="HIV status of partner or contact Codes"/>
  <status value="draft"/>
  <experimental value="false"/>
  <date value="2024-04-30T19:50:03+00:00"/>
  <publisher value="World Health Organization (WHO) "/>
  <contact>
    <telecom>
      <system value="url"/>
      <value value="https://www.who.int"/>
    </telecom>
  </contact>
  <description value="Codes representing possible values for the HIV status of partner or contact element"/>
  <jurisdiction>
    <coding>
      <system value="http://unstats.un.org/unsd/methods/m49/m49.htm"/>
      <code value="001"/>
    </coding>
  </jurisdiction>
  <immutable value="true"/>
  <compose>
    <include>
      <system value="http://fhir.org/guides/itech-uw/who-smart-hiv-dak/CodeSystem/concept-codes"/>
      <concept>
        <code value="HIV.H.DE35"/>
        <display value="Already knew positive"/>
      </concept>
      <concept>
        <code value="HIV.H.DE36"/>
        <display value="Newly diagnosed"/>
      </concept>
      <concept>
        <code value="HIV.H.DE37"/>
        <display value="Negative"/>
      </concept>
    </include>
  </compose>
</ValueSet>