<?xml version="1.0" encoding="UTF-8"?>

<ValueSet xmlns="http://hl7.org/fhir">
  <id value="hiv-b-de19"/>
  <text>
    <status value="extensions"/><div xmlns="http://www.w3.org/1999/xhtml"><ul><li>Include these codes as defined in <a href="CodeSystem-concept-codes.html"><code>http://fhir.org/guides/itech-uw/who-smart-hiv-dak/CodeSystem/concept-codes</code></a><table class="none"><tr><td style="white-space:nowrap"><b>Code</b></td><td><b>Display</b></td><td><b>Definition</b></td></tr><tr><td><a href="CodeSystem-concept-codes.html#concept-codes-HIV.46B.46DE19">HIV.B.DE19</a></td><td>Mobile testing (e.g. through vans or temporary testing facilities)</td><td>Entry point for community-level testing - Mobile testing (e.g. through vans or temporary testing facilities)</td></tr><tr><td><a href="CodeSystem-concept-codes.html#concept-codes-HIV.46B.46DE20">HIV.B.DE20</a></td><td>Voluntary counselling and testing centres (not within a health facility setting)</td><td>Entry point for community-level testing - Voluntary counselling and testing centres (not within a health facility setting)</td></tr><tr><td><a href="CodeSystem-concept-codes.html#concept-codes-HIV.46B.46DE21">HIV.B.DE21</a></td><td>Other community-based testing</td><td>Entry point for community-level testing - Other community-based testing</td></tr></table></li></ul></div>
  </text>
  <url value="http://fhir.org/guides/itech-uw/ValueSet/hiv-b-de19"/>
  <version value="0.3.0"/>
  <name value="EntrypointforcommunityleveltestingCodes"/>
  <title value="Entry point for community-level testing Codes"/>
  <status value="draft"/>
  <experimental value="false"/>
  <date value="2024-06-10T14:32:54+00:00"/>
  <publisher value="World Health Organization (WHO) "/>
  <contact>
    <telecom>
      <system value="url"/>
      <value value="https://www.who.int"/>
    </telecom>
  </contact>
  <description value="Codes representing possible values for the Entry point for community-level testing element"/>
  <jurisdiction>
    <coding>
      <system value="http://unstats.un.org/unsd/methods/m49/m49.htm"/>
      <code value="001"/>
    </coding>
  </jurisdiction>
  <immutable value="true"/>
  <compose>
    <include>
      <system value="http://fhir.org/guides/itech-uw/who-smart-hiv-dak/CodeSystem/concept-codes"/>
      <concept>
        <code value="HIV.B.DE19"/>
        <display value="Mobile testing (e.g. through vans or temporary testing facilities)"/>
      </concept>
      <concept>
        <code value="HIV.B.DE20"/>
        <display value="Voluntary counselling and testing centres (not within a health facility setting)"/>
      </concept>
      <concept>
        <code value="HIV.B.DE21"/>
        <display value="Other community-based testing"/>
      </concept>
    </include>
  </compose>
</ValueSet>