<?xml version="1.0" encoding="UTF-8"?>

<ValueSet xmlns="http://hl7.org/fhir">
  <id value="hiv-c-de18"/>
  <text>
    <status value="extensions"/><div xmlns="http://www.w3.org/1999/xhtml"><ul><li>Include these codes as defined in <a href="CodeSystem-concept-codes.html"><code>http://fhir.org/guides/itech-uw/who-smart-hiv-dak/CodeSystem/concept-codes</code></a><table class="none"><tr><td style="white-space:nowrap"><b>Code</b></td><td><b>Display</b></td><td><b>Definition</b></td></tr><tr><td><a href="CodeSystem-concept-codes.html#concept-codes-HIV.46C.46DE18">HIV.C.DE18</a></td><td>TDF + FTC</td><td>Current PrEP regimen - TDF + FTC</td></tr><tr><td><a href="CodeSystem-concept-codes.html#concept-codes-HIV.46C.46DE19">HIV.C.DE19</a></td><td>TDF</td><td>Current PrEP regimen - TDF</td></tr><tr><td><a href="CodeSystem-concept-codes.html#concept-codes-HIV.46C.46DE20">HIV.C.DE20</a></td><td>TDF + 3TC</td><td>Current PrEP regimen - TDF + 3TC</td></tr><tr><td><a href="CodeSystem-concept-codes.html#concept-codes-HIV.46C.46DE21">HIV.C.DE21</a></td><td>Other TDF-based regimen</td><td>Current PrEP regimen - Other TDF-based regimen</td></tr><tr><td><a href="CodeSystem-concept-codes.html#concept-codes-HIV.46C.46DE22">HIV.C.DE22</a></td><td>Dapivirine vaginal ring (DVR)</td><td>Current PrEP regimen - Dapivirine vaginal ring (DVR)</td></tr><tr><td><a href="CodeSystem-concept-codes.html#concept-codes-HIV.46C.46DE23">HIV.C.DE23</a></td><td>CAB-LA</td><td>Current PrEP regimen - CAB-LA</td></tr></table></li></ul></div>
  </text>
  <url value="http://fhir.org/guides/itech-uw/ValueSet/hiv-c-de18"/>
  <version value="0.3.0"/>
  <name value="CurrentPrEPregimenCodes"/>
  <title value="Current PrEP regimen Codes"/>
  <status value="draft"/>
  <experimental value="false"/>
  <date value="2024-05-15T17:51:55+00:00"/>
  <publisher value="World Health Organization (WHO) "/>
  <contact>
    <telecom>
      <system value="url"/>
      <value value="https://www.who.int"/>
    </telecom>
  </contact>
  <description value="Codes representing possible values for the Current PrEP regimen element"/>
  <jurisdiction>
    <coding>
      <system value="http://unstats.un.org/unsd/methods/m49/m49.htm"/>
      <code value="001"/>
    </coding>
  </jurisdiction>
  <immutable value="true"/>
  <compose>
    <include>
      <system value="http://fhir.org/guides/itech-uw/who-smart-hiv-dak/CodeSystem/concept-codes"/>
      <concept>
        <code value="HIV.C.DE18"/>
        <display value="TDF + FTC"/>
      </concept>
      <concept>
        <code value="HIV.C.DE19"/>
        <display value="TDF"/>
      </concept>
      <concept>
        <code value="HIV.C.DE20"/>
        <display value="TDF + 3TC"/>
      </concept>
      <concept>
        <code value="HIV.C.DE21"/>
        <display value="Other TDF-based regimen"/>
      </concept>
      <concept>
        <code value="HIV.C.DE22"/>
        <display value="Dapivirine vaginal ring (DVR)"/>
      </concept>
      <concept>
        <code value="HIV.C.DE23"/>
        <display value="CAB-LA"/>
      </concept>
    </include>
  </compose>
</ValueSet>