<?xml version="1.0" encoding="UTF-8"?>

<ValueSet xmlns="http://hl7.org/fhir">
  <id value="hiv-e-de256"/>
  <text>
    <status value="extensions"/><div xmlns="http://www.w3.org/1999/xhtml"><ul><li>Include these codes as defined in <a href="CodeSystem-concept-codes.html"><code>http://fhir.org/guides/itech-uw/who-smart-hiv-dak/CodeSystem/concept-codes</code></a><table class="none"><tr><td style="white-space:nowrap"><b>Code</b></td><td><b>Display</b></td><td><b>Definition</b></td></tr><tr><td><a href="CodeSystem-concept-codes.html#concept-codes-HIV.46E.46DE256">HIV.E.DE256</a></td><td>Positive</td><td>Asymptomatic bacteriuria (ASB) test result - Positive</td></tr><tr><td><a href="CodeSystem-concept-codes.html#concept-codes-HIV.46E.46DE257">HIV.E.DE257</a></td><td>Negative</td><td>Asymptomatic bacteriuria (ASB) test result - Negative</td></tr><tr><td><a href="CodeSystem-concept-codes.html#concept-codes-HIV.46E.46DE258">HIV.E.DE258</a></td><td>Unknown</td><td>Asymptomatic bacteriuria (ASB) test result - Unknown</td></tr></table></li></ul></div>
  </text>
  <url value="http://fhir.org/guides/itech-uw/ValueSet/hiv-e-de256"/>
  <version value="0.3.0"/>
  <name value="AsymptomaticbacteriuriaASBtestresultCodes"/>
  <title value="Asymptomatic bacteriuria (ASB) test result Codes"/>
  <status value="draft"/>
  <experimental value="false"/>
  <date value="2024-06-10T14:32:54+00:00"/>
  <publisher value="World Health Organization (WHO) "/>
  <contact>
    <telecom>
      <system value="url"/>
      <value value="https://www.who.int"/>
    </telecom>
  </contact>
  <description value="Codes representing possible values for the Asymptomatic bacteriuria (ASB) test result element"/>
  <jurisdiction>
    <coding>
      <system value="http://unstats.un.org/unsd/methods/m49/m49.htm"/>
      <code value="001"/>
    </coding>
  </jurisdiction>
  <immutable value="true"/>
  <compose>
    <include>
      <system value="http://fhir.org/guides/itech-uw/who-smart-hiv-dak/CodeSystem/concept-codes"/>
      <concept>
        <code value="HIV.E.DE256"/>
        <display value="Positive"/>
      </concept>
      <concept>
        <code value="HIV.E.DE257"/>
        <display value="Negative"/>
      </concept>
      <concept>
        <code value="HIV.E.DE258"/>
        <display value="Unknown"/>
      </concept>
    </include>
  </compose>
</ValueSet>