<?xml version="1.0" encoding="UTF-8"?><PlanDefinition xmlns="http://hl7.org/fhir"><id value="HIVD4DT"/><url value="http://fhir.org/guides/who/anc-cds/PlanDefinition/HIVD4DT"/><identifier><use value="official"/><value value="HIV.D4.DT"/></identifier><version value="0.3.0"/><name value="HIVD4DT"/><title value="HIV.D4.DT"/><type><coding><system value="http://terminology.hl7.org/CodeSystem/plan-definition-type"/><code value="eca-rule"/></coding></type><status value="active"/><experimental value="false"/><date value="2024-03-26T13:56:58+03:00"/><publisher value="World Health Organization (WHO) "/><contact><telecom><system value="url"/><value value="https://www.who.int"/></telecom></contact><description value="Screening for TB symptoms for children living with HIV"/><useContext><code><system value="http://terminology.hl7.org/CodeSystem/usage-context-type"/><code value="task"/><display value="Workflow Task"/></code><valueCodeableConcept><coding><system value="http://fhir.org/guides/who/anc-cds/CodeSystem/activity-codes"/><code value="HIV.D4"/><display value="Screen for TB"/></coding></valueCodeableConcept></useContext><jurisdiction><coding><system value="http://unstats.un.org/unsd/methods/m49/m49.htm"/><code value="001"/></coding></jurisdiction><library value="http://fhir.org/guides/who/anc-cds/Library/HIVD4DT"/><action><title value="HIV.D4.DT"/><trigger><type value="named-event"/><name value="HIV.D4 Screen for TB"/></trigger><action id="1"><title value="Screen positive for TB.  Refer for diagnostic evaluation including mWRD &amp; clinical evaluation as indicated.  Set &quot;TB screening result&quot;='Screen positive for TB'"/><description value="Screen positive for TB.  Refer for diagnostic evaluation including mWRD &amp; clinical evaluation as indicated.  Set &quot;TB screening result&quot;='Screen positive for TB' 3"/><documentation><type value="citation"/><label value="WHO operational handbook on tuberculosis: Module 2: screening. Systematic screening for tuberculosis disease (2021) Section 6.3: Screening children living with HIV; Figure A.5.6 - Screening with symptoms (for children living with HIV &lt; 10 years)&#xA;&#xA;WHO consolidated guidelines on tuberculosis, Module 3: Diagnosis - Rapid diagnostics for tuberculosis detection"/></documentation><condition><kind value="applicability"/><expression><description value="(HIV.D4.DT.07)&#xA;  AND (&quot;TB screening algorithm&quot;='Screening with any TB symptom')&#xA;  AND (&quot;Estimated age&quot; &lt; 15 years)&#xA;  AND (&quot;Symptoms of TB&quot; IN 'Current cough', 'Fever of 39 °C or greater', 'Poor weight gain', 'Reduced playfulness', 'Lethargy')&#xA;  AND (-)&#xA;  AND (&quot;History of contact with a person with TB&quot;=True)"/><language value="text/cql-identifier"/><expression value="Should Screen positive for TB.  Refer for diagnostic evaluation including mWRD &amp; clinical evaluation as indicated.  Set \&quot;TB screening result\&quot;='Screen positive for TB' 3"/></expression></condition><action><title value="Screen positive for TB.  Refer for diagnostic evaluation including mWRD &amp; clinical evaluation as indicated.  Set &quot;TB screening result&quot;='Screen positive for TB'"/></action><action><title value="Screen positive for TB.  Refer for diagnostic evaluation including mWRD &amp; clinical evaluation as indicated.  Any child &lt; 15 years who has had close contact with someone with TB disease should be screened for TB with a symptom screen and/or CXR as part of active contact-tracing (see Algorithm A.5.1 in Annex 5). Symptoms that should be used to screen for TB are cough, fever and poor weight gain (or weight loss). In young children, reduced playfulness or lethargy should also be included in symptom screening; cough may be absent."/></action></action><action id="2"><title value="Screen negative for TB.  Refer for TPT.  If TB prevention services accepted, set &quot;TB prevention services accepted&quot;=True."/><description value="Screen negative for TB.  Refer for TPT.  If TB prevention services accepted, set &quot;TB prevention services accepted&quot;=True."/><documentation><type value="citation"/><label value="WHO operational handbook on tuberculosis: Module 2: screening. Systematic screening for tuberculosis disease (2021) Section 6.3: Screening children living with HIV; Figure A.5.6 - Screening with symptoms (for children living with HIV &lt; 10 years)&#xA;&#xA;WHO consolidated guidelines on tuberculosis, Module 3: Diagnosis - Rapid diagnostics for tuberculosis detection"/></documentation><condition><kind value="applicability"/><expression><description value="(HIV.D4.DT.08)&#xA;  AND (&quot;TB screening algorithm&quot;='Screening with any TB symptom')&#xA;  AND (&quot;Estimated age&quot; &lt; 15 years)&#xA;  AND (&quot;Symptoms of TB&quot;='None')&#xA;  AND (-)&#xA;  AND (&quot;History of contact with a person with TB&quot;=True)"/><language value="text/cql-identifier"/><expression value="Should Screen negative for TB.  Refer for TPT.  If TB prevention services accepted, set \&quot;TB prevention services accepted\&quot;=True."/></expression></condition><action><title value="Screen negative for TB.  Refer for TPT.  If TB prevention services accepted, set &quot;TB prevention services accepted&quot;=True."/></action><action><title value="Screen negative for TB.  Refer for TPT."/></action></action></action></PlanDefinition>