<?xml version="1.0" encoding="UTF-8"?><PlanDefinition xmlns="http://hl7.org/fhir"><id value="HIVD12DT"/><url value="http://fhir.org/guides/who/anc-cds/PlanDefinition/HIVD12DT"/><identifier><use value="official"/><value value="HIV.D12.DT"/></identifier><version value="0.3.0"/><name value="HIVD12DT"/><title value="HIV.D12.DT"/><type><coding><system value="http://terminology.hl7.org/CodeSystem/plan-definition-type"/><code value="eca-rule"/></coding></type><status value="active"/><experimental value="false"/><date value="2024-03-26T13:56:58+03:00"/><publisher value="World Health Organization (WHO) "/><contact><telecom><system value="url"/><value value="https://www.who.int"/></telecom></contact><description value="Determine recommended screenings and tests"/><useContext><code><system value="http://terminology.hl7.org/CodeSystem/usage-context-type"/><code value="task"/><display value="Workflow Task"/></code><valueCodeableConcept><coding><system value="http://fhir.org/guides/who/anc-cds/CodeSystem/activity-codes"/><code value="HIV.D12.Determine"/><display value="recommended screenings and tests"/></coding></valueCodeableConcept></useContext><jurisdiction><coding><system value="http://unstats.un.org/unsd/methods/m49/m49.htm"/><code value="001"/></coding></jurisdiction><library value="http://fhir.org/guides/who/anc-cds/Library/HIVD12DT"/><action><title value="HIV.D12.DT"/><trigger><type value="named-event"/><name value="HIV.D12.Determine recommended screenings and tests"/></trigger><action id="1"><title value="Recommended actions:CD4 cell countTB symptom screeningDesirable actions:HBV (HBsAg) serologyHCV serologyScreen for sexually transmitted infections   Assess for major noncommunicable chronic diseases and comorbiditiesGeneral care activities recommended: Determine WHO clinical stage based on past and current HIV-related conditionsPrepare for ARTPrepare, assess and support adherenceProvide family planning and contraceptionSupport disclosure and partner notificationCounsel on risk reduction and combination HIV prevention approachesAssess, prevent and manage noncommunicable diseasesScreen for and manage mental health problemsScreen for and manage and substance use issuesProvide psychosocial counselling and supportManage pain and symptomsConduct a nutritional assessment and counsel on nutritionPreventing and treating coinfections: Provide co-trimoxazole preventive therapyConduct intensified TB case-findingProvide isoniazid preventive therapyScreen for cryptococcal infection and fungal prophylaxisPrevent malaria (insecticide- treated  bed-nets and prophylaxis)Screen for sexually transmitted infectionsAssess for vaccine-preventable diseases"/><description value="Recommended actions:CD4 cell countTB symptom screeningDesirable actions:HBV (HBsAg) serologyHCV serologyScreen for sexually transmitted infections   Assess for major noncommunicable chronic diseases and comorbiditiesGeneral care activities recommended: Determine WHO clinical stage based on past and current HIV-related conditionsPrepare for ARTPrepare, assess and support adherenceProvide family planning and contraceptionSupport disclosure and partner notificationCounsel on risk reduction and combination HIV prevention approachesAssess, prevent and manage noncommunicable diseasesScreen for and manage mental health problemsScreen for and manage and substance use issuesProvide psychosocial counselling and supportManage pain and symptomsConduct a nutritional assessment and counsel on nutritionPreventing and treating coinfections: Provide co-trimoxazole preventive therapyConduct intensified TB case-findingProvide isoniazid preventive therapyScreen for cryptococcal infection and fungal prophylaxisPrevent malaria (insecticide- treated  bed-nets and prophylaxis)Screen for sexually transmitted infectionsAssess for vaccine-preventable diseases"/><textEquivalent value="If feasible, HBsAg testing should be performed at baseline to identify people with HIV and HBV coinfection and who should, therefore, initiate TDF-containing ART."/><documentation><type value="citation"/><label value="Consolidated guidelines on HIV prevention, testing, treatment, service delivery and monitoring: recommendations for a public health approach (2021)&#xA;Table 4.10. Recommended tests for HIV screening and monitoring and approaches to screening for coinfections and noncommunicable diseases.&#xA;Table 6.1: Overview of key elements of general care over the continuum of HIV care for people living with HIV.&#xA;Chapter 6: General care and managing common coinfections and comorbidities."/></documentation><condition><kind value="applicability"/><expression><description value="(HIV.D12.DT.01)&#xA;  AND (&quot;Reason for visit&quot;='HIV testing services visit')&#xA;  AND (&quot;Age&quot;≥ 20 years)&#xA;  AND (&quot;HIV test result&quot;='HIV-positive')&#xA;  AND (&quot;On ART&quot;=False)&#xA;  AND (-)&#xA;  AND (-)&#xA;  AND (-)&#xA;  AND (-)"/><language value="text/cql-identifier"/><expression value="Should Recommended actions:CD4 cell countTB symptom screeningDesirable actions:HBV (HBsAg) serologyHCV serologyScreen for sexually transmitted infections   Assess for major noncommunicable chronic diseases and comorbiditiesGeneral care activities recommended: Determine WHO clinical stage based on past and current HIV-related conditionsPrepare for ARTPrepare, assess and support adherenceProvide family planning and contraceptionSupport disclosure and partner notificationCounsel on risk reduction and combination HIV prevention approachesAssess, prevent and manage noncommunicable diseasesScreen for and manage mental health problemsScreen for and manage and substance use issuesProvide psychosocial counselling and supportManage pain and symptomsConduct a nutritional assessment and counsel on nutritionPreventing and treating coinfections: Provide co-trimoxazole preventive therapyConduct intensified TB case-findingProvide isoniazid preventive therapyScreen for cryptococcal infection and fungal prophylaxisPrevent malaria (insecticide- treated  bed-nets and prophylaxis)Screen for sexually transmitted infectionsAssess for vaccine-preventable diseases"/></expression></condition><action><title value="Recommended actions:CD4 cell countTB symptom screeningDesirable actions:HBV (HBsAg) serologyHCV serologyScreen for sexually transmitted infections   Assess for major noncommunicable chronic diseases and comorbiditiesGeneral care activities recommended: Determine WHO clinical stage based on past and current HIV-related conditionsPrepare for ARTPrepare, assess and support adherenceProvide family planning and contraceptionSupport disclosure and partner notificationCounsel on risk reduction and combination HIV prevention approachesAssess, prevent and manage noncommunicable diseasesScreen for and manage mental health problemsScreen for and manage and substance use issuesProvide psychosocial counselling and supportManage pain and symptomsConduct a nutritional assessment and counsel on nutritionPreventing and treating coinfections: Provide co-trimoxazole preventive therapyConduct intensified TB case-findingProvide isoniazid preventive therapyScreen for cryptococcal infection and fungal prophylaxisPrevent malaria (insecticide- treated  bed-nets and prophylaxis)Screen for sexually transmitted infectionsAssess for vaccine-preventable diseases"/></action><action><title value="Recommended actions:CD4 cell countTB symptom screeningDesirable actions:HBV (HBsAg) serologyHCV serologyScreen for sexually transmitted infections   Assess for major noncommunicable chronic diseases and comorbiditiesGeneral care activities recommended: Determine WHO clinical stage based on past and current HIV-related conditionsPrepare for ARTPrepare, assess and support adherenceProvide family planning and contraceptionSupport disclosure and partner notificationCounsel on risk reduction and combination HIV prevention approachesAssess, prevent and manage noncommunicable diseasesScreen for and manage mental health problemsScreen for and manage and substance use issuesProvide psychosocial counselling and supportManage pain and symptomsConduct a nutritional assessment and counsel on nutritionPreventing and treating coinfections: Provide co-trimoxazole preventive therapyConduct intensified TB case-findingProvide isoniazid preventive therapyScreen for cryptococcal infection and fungal prophylaxisPrevent malaria (insecticide- treated  bed-nets and prophylaxis)Screen for sexually transmitted infectionsAssess for vaccine-preventable diseases"/></action></action><action id="2"><title value="Recommended:CD4 cell countTB symptom screeningDesirable: HBV (HBsAg) serologyHCV serologyScreen for sexually transmitted infections   Assess for major noncommunicable chronic diseases and comorbiditiesGeneral care activities recommended: Determine WHO clinical stage based on past and current HIV-related conditionsPrepare for ARTPrepare, assess and support adherenceProvide family planning and contraceptionSupport disclosure and partner notificationCounsel on risk reduction and combination HIV prevention approachesAssess, prevent and manage noncommunicable diseasesScreen for and manage mental health problemsScreen for and manage and substance use issuesProvide psychosocial counselling and supportManage pain and symptomsConduct a nutritional, growth and development assessmentPreventing and treating coinfections: Provide co-trimoxazole preventive therapyConduct intensified TB case-findingProvide isoniazid preventive therapyScreen for cryptococcal infection and fungal prophylaxisPrevent malaria (insecticide- treated  bed-nets and prophylaxis)Screen for sexually transmitted infectionsAssess for vaccine-preventable diseases"/><description value="Recommended:CD4 cell countTB symptom screeningDesirable: HBV (HBsAg) serologyHCV serologyScreen for sexually transmitted infections   Assess for major noncommunicable chronic diseases and comorbiditiesGeneral care activities recommended: Determine WHO clinical stage based on past and current HIV-related conditionsPrepare for ARTPrepare, assess and support adherenceProvide family planning and contraceptionSupport disclosure and partner notificationCounsel on risk reduction and combination HIV prevention approachesAssess, prevent and manage noncommunicable diseasesScreen for and manage mental health problemsScreen for and manage and substance use issuesProvide psychosocial counselling and supportManage pain and symptomsConduct a nutritional, growth and development assessmentPreventing and treating coinfections: Provide co-trimoxazole preventive therapyConduct intensified TB case-findingProvide isoniazid preventive therapyScreen for cryptococcal infection and fungal prophylaxisPrevent malaria (insecticide- treated  bed-nets and prophylaxis)Screen for sexually transmitted infectionsAssess for vaccine-preventable diseases"/><textEquivalent value="If feasible, HBsAg testing should be performed at baseline to identify people with HIV and HBV coinfection and who should, therefore, initiate TDF-containing ART."/><documentation><type value="citation"/><label value="Consolidated guidelines on HIV prevention, testing, treatment, service delivery and monitoring: recommendations for a public health approach (2021)&#xA;Table 4.10. Recommended tests for HIV screening and monitoring and approaches to screening for coinfections and noncommunicable diseases.&#xA;Table 6.1: Overview of key elements of general care over the continuum of HIV care for people living with HIV.&#xA;Chapter 6: General care and managing common coinfections and comorbidities."/></documentation><condition><kind value="applicability"/><expression><description value="(HIV.D12.DT.02)&#xA;  AND (&quot;Reason for visit&quot;='HIV testing services visit')&#xA;  AND (&quot;Age&quot;&lt;20 years)&#xA;  AND (&quot;HIV test result&quot;='HIV-positive')&#xA;  AND (&quot;On ART&quot;=False)"/><language value="text/cql-identifier"/><expression value="Should Recommended:CD4 cell countTB symptom screeningDesirable: HBV (HBsAg) serologyHCV serologyScreen for sexually transmitted infections   Assess for major noncommunicable chronic diseases and comorbiditiesGeneral care activities recommended: Determine WHO clinical stage based on past and current HIV-related conditionsPrepare for ARTPrepare, assess and support adherenceProvide family planning and contraceptionSupport disclosure and partner notificationCounsel on risk reduction and combination HIV prevention approachesAssess, prevent and manage noncommunicable diseasesScreen for and manage mental health problemsScreen for and manage and substance use issuesProvide psychosocial counselling and supportManage pain and symptomsConduct a nutritional, growth and development assessmentPreventing and treating coinfections: Provide co-trimoxazole preventive therapyConduct intensified TB case-findingProvide isoniazid preventive therapyScreen for cryptococcal infection and fungal prophylaxisPrevent malaria (insecticide- treated  bed-nets and prophylaxis)Screen for sexually transmitted infectionsAssess for vaccine-preventable diseases"/></expression></condition><action><title value="Recommended:CD4 cell countTB symptom screeningDesirable: HBV (HBsAg) serologyHCV serologyScreen for sexually transmitted infections   Assess for major noncommunicable chronic diseases and comorbiditiesGeneral care activities recommended: Determine WHO clinical stage based on past and current HIV-related conditionsPrepare for ARTPrepare, assess and support adherenceProvide family planning and contraceptionSupport disclosure and partner notificationCounsel on risk reduction and combination HIV prevention approachesAssess, prevent and manage noncommunicable diseasesScreen for and manage mental health problemsScreen for and manage and substance use issuesProvide psychosocial counselling and supportManage pain and symptomsConduct a nutritional, growth and development assessmentPreventing and treating coinfections: Provide co-trimoxazole preventive therapyConduct intensified TB case-findingProvide isoniazid preventive therapyScreen for cryptococcal infection and fungal prophylaxisPrevent malaria (insecticide- treated  bed-nets and prophylaxis)Screen for sexually transmitted infectionsAssess for vaccine-preventable diseases"/></action><action><title value="Recommended:CD4 cell countTB symptom screeningDesirable: HBV (HBsAg) serologyHCV serologyScreen for sexually transmitted infections   Assess for major noncommunicable chronic diseases and comorbiditiesGeneral care activities recommended: Determine WHO clinical stage based on past and current HIV-related conditionsPrepare for ARTPrepare, assess and support adherenceProvide family planning and contraceptionSupport disclosure and partner notificationCounsel on risk reduction and combination HIV prevention approachesAssess, prevent and manage noncommunicable diseasesScreen for and manage mental health problemsScreen for and manage and substance use issuesProvide psychosocial counselling and supportManage pain and symptomsConduct a nutritional, growth and development assessmentPreventing and treating coinfections: Provide co-trimoxazole preventive therapyConduct intensified TB case-findingProvide isoniazid preventive therapyScreen for cryptococcal infection and fungal prophylaxisPrevent malaria (insecticide- treated  bed-nets and prophylaxis)Screen for sexually transmitted infectionsAssess for vaccine-preventable diseases"/></action></action><action id="3"><title value="Desirable actions:Cryptococcus antigen test"/><description value="Desirable actions:Cryptococcus antigen test"/><textEquivalent value="Country setting: In settings with a high prevalence of cryptococcal antigenaemia (&gt;3%) and with a low CD4 count, a cryptococcus antigen test can be considered."/><documentation><type value="citation"/><label value="Consolidated guidelines on HIV prevention, testing, treatment, service delivery and monitoring: recommendations for a public health approach (2021)&#xA;Table 4.10. Recommended tests for HIV screening and monitoring and approaches to screening for coinfections and noncommunicable diseases.&#xA;Table 6.1: Overview of key elements of general care over the continuum of HIV care for people living with HIV.&#xA;Chapter 6: General care and managing common coinfections and comorbidities."/></documentation><condition><kind value="applicability"/><expression><description value="(HIV.D12.DT.03)&#xA;  AND (&quot;Reason for visit&quot;='HIV testing services visit')&#xA;  AND (-)&#xA;  AND (&quot;HIV test result&quot;='HIV-positive')&#xA;  AND (&quot;On ART&quot;=False)&#xA;  AND (&quot;CD4 count&quot; ≤ 100 cells/mm3)"/><language value="text/cql-identifier"/><expression value="Should Desirable actions:Cryptococcus antigen test"/></expression></condition><action><title value="Desirable actions:Cryptococcus antigen test"/></action><action><title value="Consider a cryptococcus antigen test if appropriate"/></action></action><action id="4"><title value="Desirable actions: Pregnancy test "/><description value="Desirable actions: Pregnancy test "/><textEquivalent value="Country setting: In settings with a high prevalence of cryptococcal antigenaemia (&gt;3%) and with a low CD4 count, a cryptococcus antigen test can be considered."/><documentation><type value="citation"/><label value="Consolidated guidelines on HIV prevention, testing, treatment, service delivery and monitoring: recommendations for a public health approach (2021)&#xA;Table 4.10. Recommended tests for HIV screening and monitoring and approaches to screening for coinfections and noncommunicable diseases.&#xA;Table 6.1: Overview of key elements of general care over the continuum of HIV care for people living with HIV.&#xA;Chapter 6: General care and managing common coinfections and comorbidities."/></documentation><condition><kind value="applicability"/><expression><description value="(HIV.D12.DT.04)&#xA;  AND (&quot;Reason for visit&quot;='HIV testing services visit')&#xA;  AND (-)&#xA;  AND (&quot;HIV test result&quot;='HIV-positive')&#xA;  AND (&quot;On ART&quot;=False)&#xA;  AND (&quot;Gender&quot;='Female')"/><language value="text/cql-identifier"/><expression value="Should Desirable actions: Pregnancy test "/></expression></condition><action><title value="Desirable actions: Pregnancy test "/></action><action><title value="Conduct a pregnancy test to assess whether ART initiation should be prioritized to prevent HIV transmission to the child."/></action></action><action id="5"><title value="Recommended: Baseline CD4 cell count for identifying advanced HIV diseaseAge-appropriate TB symptom screeningDesirable: Blood pressure measurement General care activities recommended:Preparing people for ARTWHO clinical staging, past and current HIV- related conditionsPreparing, assessing and supporting adherencePregnancy status, family planning and contraceptionSupport for disclosure and partner notificationRisk-reduction counselling and combination and HIV prevention approachesScreening for, preventing and managing noncommunicable diseasesScreening for and managing mental health problems and substance usePsychosocial counselling and supportManaging pain and symptomsNutritional assessment and counsellingInfant and child feedingNutritional, growth and development assessment for children and adolescentsPreventing and treating coinfections: Co-trimoxazole preventive therapyIntensified TB case- findingIsoniazid preventive therapyScreening for cryptococcal infection and fungal prophylaxis when appropriateScreening for hepatitis B and CMalaria prevention (insecticide-treated bed nets and prophylaxis)Screening for sexually transmitted infectionsPreventing and screening for cervical cancerAssessing for vaccine- preventable diseases other than HBV and HCV infection"/><description value="Recommended: Baseline CD4 cell count for identifying advanced HIV diseaseAge-appropriate TB symptom screeningDesirable: Blood pressure measurement General care activities recommended:Preparing people for ARTWHO clinical staging, past and current HIV- related conditionsPreparing, assessing and supporting adherencePregnancy status, family planning and contraceptionSupport for disclosure and partner notificationRisk-reduction counselling and combination and HIV prevention approachesScreening for, preventing and managing noncommunicable diseasesScreening for and managing mental health problems and substance usePsychosocial counselling and supportManaging pain and symptomsNutritional assessment and counsellingInfant and child feedingNutritional, growth and development assessment for children and adolescentsPreventing and treating coinfections: Co-trimoxazole preventive therapyIntensified TB case- findingIsoniazid preventive therapyScreening for cryptococcal infection and fungal prophylaxis when appropriateScreening for hepatitis B and CMalaria prevention (insecticide-treated bed nets and prophylaxis)Screening for sexually transmitted infectionsPreventing and screening for cervical cancerAssessing for vaccine- preventable diseases other than HBV and HCV infection"/><textEquivalent value="Country setting: In settings with a high prevalence of cryptococcal antigenaemia (&gt;3%) and with a low CD4 count, a cryptococcus antigen test can be considered."/><documentation><type value="citation"/><label value="Consolidated guidelines on HIV prevention, testing, treatment, service delivery and monitoring: recommendations for a public health approach (2021)&#xA;Table 4.10. Recommended tests for HIV screening and monitoring and approaches to screening for coinfections and noncommunicable diseases.&#xA;Table 6.1: Overview of key elements of general care over the continuum of HIV care for people living with HIV.&#xA;Chapter 6: General care and managing common coinfections and comorbidities."/></documentation><condition><kind value="applicability"/><expression><description value="(HIV.D12.DT.05)&#xA;  AND (&quot;Reason for visit&quot;='ART initiation')&#xA;  AND (-)&#xA;  AND (-)&#xA;  AND (&quot;On ART&quot;=False)"/><language value="text/cql-identifier"/><expression value="Should Recommended: Baseline CD4 cell count for identifying advanced HIV diseaseAge-appropriate TB symptom screeningDesirable: Blood pressure measurement General care activities recommended:Preparing people for ARTWHO clinical staging, past and current HIV- related conditionsPreparing, assessing and supporting adherencePregnancy status, family planning and contraceptionSupport for disclosure and partner notificationRisk-reduction counselling and combination and HIV prevention approachesScreening for, preventing and managing noncommunicable diseasesScreening for and managing mental health problems and substance usePsychosocial counselling and supportManaging pain and symptomsNutritional assessment and counsellingInfant and child feedingNutritional, growth and development assessment for children and adolescentsPreventing and treating coinfections: Co-trimoxazole preventive therapyIntensified TB case- findingIsoniazid preventive therapyScreening for cryptococcal infection and fungal prophylaxis when appropriateScreening for hepatitis B and CMalaria prevention (insecticide-treated bed nets and prophylaxis)Screening for sexually transmitted infectionsPreventing and screening for cervical cancerAssessing for vaccine- preventable diseases other than HBV and HCV infection"/></expression></condition><action><title value="Recommended: Baseline CD4 cell count for identifying advanced HIV diseaseAge-appropriate TB symptom screeningDesirable: Blood pressure measurement General care activities recommended:Preparing people for ARTWHO clinical staging, past and current HIV- related conditionsPreparing, assessing and supporting adherencePregnancy status, family planning and contraceptionSupport for disclosure and partner notificationRisk-reduction counselling and combination and HIV prevention approachesScreening for, preventing and managing noncommunicable diseasesScreening for and managing mental health problems and substance usePsychosocial counselling and supportManaging pain and symptomsNutritional assessment and counsellingInfant and child feedingNutritional, growth and development assessment for children and adolescentsPreventing and treating coinfections: Co-trimoxazole preventive therapyIntensified TB case- findingIsoniazid preventive therapyScreening for cryptococcal infection and fungal prophylaxis when appropriateScreening for hepatitis B and CMalaria prevention (insecticide-treated bed nets and prophylaxis)Screening for sexually transmitted infectionsPreventing and screening for cervical cancerAssessing for vaccine- preventable diseases other than HBV and HCV infection"/></action><action><title value="Recommended: Baseline CD4 cell count for identifying advanced HIV diseaseAge-appropriate TB symptom screeningDesirable: Blood pressure measurement General care activities recommended:Preparing people for ARTWHO clinical staging, past and current HIV- related conditionsPreparing, assessing and supporting adherencePregnancy status, family planning and contraceptionSupport for disclosure and partner notificationRisk-reduction counselling and combination and HIV prevention approachesScreening for, preventing and managing noncommunicable diseasesScreening for and managing mental health problems and substance usePsychosocial counselling and supportManaging pain and symptomsNutritional assessment and counsellingInfant and child feedingNutritional, growth and development assessment for children and adolescentsPreventing and treating coinfections: Co-trimoxazole preventive therapyIntensified TB case- findingIsoniazid preventive therapyScreening for cryptococcal infection and fungal prophylaxis when appropriateScreening for hepatitis B and CMalaria prevention (insecticide-treated bed nets and prophylaxis)Screening for sexually transmitted infectionsPreventing and screening for cervical cancerAssessing for vaccine- preventable diseases other than HBV and HCV infection"/></action></action><action id="6"><title value="Perform a cryptococcal antigen for adults and adolescents"/><description value="Perform a cryptococcal antigen for adults and adolescents"/><textEquivalent value="Country setting: In settings with a high prevalence of cryptococcal antigenaemia (&gt;3%) and with a low CD4 count, a cryptococcus antigen test can be considered."/><documentation><type value="citation"/><label value="Consolidated guidelines on HIV prevention, testing, treatment, service delivery and monitoring: recommendations for a public health approach (2021)&#xA;Table 4.10. Recommended tests for HIV screening and monitoring and approaches to screening for coinfections and noncommunicable diseases.&#xA;Table 6.1: Overview of key elements of general care over the continuum of HIV care for people living with HIV.&#xA;Chapter 6: General care and managing common coinfections and comorbidities."/></documentation><condition><kind value="applicability"/><expression><description value="(HIV.D12.DT.06)&#xA;  AND (&quot;Reason for visit&quot;='ART initiation')&#xA;  AND (&quot;Age&quot; &gt; 10 years)&#xA;  AND (&quot;On ART&quot;=False)&#xA;  AND ( CD4 count = ≤ 200 cells/mm3)"/><language value="text/cql-identifier"/><expression value="Should Perform a cryptococcal antigen for adults and adolescents"/></expression></condition><action><title value="Perform a cryptococcal antigen for adults and adolescents"/></action><action><title value="Perform a cryptococcal antigen for adults and adolescents if CD4 cell count ≤200 cells/mm3"/></action></action><action id="7"><title value="Desirable actions: Haemoglobin test"/><description value="Desirable actions: Haemoglobin test"/><textEquivalent value="Country setting: In settings with a high prevalence of cryptococcal antigenaemia (&gt;3%) and with a low CD4 count, a cryptococcus antigen test can be considered."/><documentation><type value="citation"/><label value="Consolidated guidelines on HIV prevention, testing, treatment, service delivery and monitoring: recommendations for a public health approach (2021)&#xA;Table 4.10. Recommended tests for HIV screening and monitoring and approaches to screening for coinfections and noncommunicable diseases.&#xA;Table 6.1: Overview of key elements of general care over the continuum of HIV care for people living with HIV.&#xA;Chapter 6: General care and managing common coinfections and comorbidities."/></documentation><condition><kind value="applicability"/><expression><description value="(HIV.D12.DT.07)&#xA;  AND (&quot;Reason for visit&quot;='ART initiation')&#xA;  AND (&quot;On ART&quot;=False)&#xA;  AND (&quot;Current medications&quot;='AZT')"/><language value="text/cql-identifier"/><expression value="Should Desirable actions: Haemoglobin test"/></expression></condition><action><title value="Desirable actions: Haemoglobin test"/></action><action><title value="Desirable to perform a haemoglobin test if starting AZT."/></action></action><action id="8"><title value="Desirable actions: Serum creatinine testEstimated glomerular filtration rate (eGFR) "/><description value="Desirable actions: Serum creatinine testEstimated glomerular filtration rate (eGFR) "/><textEquivalent value="Country setting: In settings with a high prevalence of cryptococcal antigenaemia (&gt;3%) and with a low CD4 count, a cryptococcus antigen test can be considered."/><documentation><type value="citation"/><label value="Consolidated guidelines on HIV prevention, testing, treatment, service delivery and monitoring: recommendations for a public health approach (2021)&#xA;Table 4.10. Recommended tests for HIV screening and monitoring and approaches to screening for coinfections and noncommunicable diseases.&#xA;Table 6.1: Overview of key elements of general care over the continuum of HIV care for people living with HIV.&#xA;Chapter 6: General care and managing common coinfections and comorbidities."/></documentation><condition><kind value="applicability"/><expression><description value="(HIV.D12.DT.08)&#xA;  AND (&quot;Reason for visit&quot;='ART initiation')&#xA;  AND (&quot;On ART&quot;=False)&#xA;  AND (&quot;Current medications&quot;='TDF')"/><language value="text/cql-identifier"/><expression value="Should Desirable actions: Serum creatinine testEstimated glomerular filtration rate (eGFR) "/></expression></condition><action><title value="Desirable actions: Serum creatinine testEstimated glomerular filtration rate (eGFR) "/></action><action><title value="Perform serum creatinine and estimated glomerular filtration rate among people with a high risk of adverse events associated with TDF: underlying renal disease, older age group, low BMI, diabetes, hypertension and concomitant use of a boosted PI or potential nephrotoxic drugs"/></action></action><action id="9"><title value="Desirable actions: Pregnancy test"/><description value="Desirable actions: Pregnancy test"/><textEquivalent value="Country setting: In settings with a high prevalence of cryptococcal antigenaemia (&gt;3%) and with a low CD4 count, a cryptococcus antigen test can be considered."/><documentation><type value="citation"/><label value="Consolidated guidelines on HIV prevention, testing, treatment, service delivery and monitoring: recommendations for a public health approach (2021)&#xA;Table 4.10. Recommended tests for HIV screening and monitoring and approaches to screening for coinfections and noncommunicable diseases.&#xA;Table 6.1: Overview of key elements of general care over the continuum of HIV care for people living with HIV.&#xA;Chapter 6: General care and managing common coinfections and comorbidities."/></documentation><condition><kind value="applicability"/><expression><description value="(HIV.D12.DT.09)&#xA;  AND (&quot;Reason for visit&quot;='ART initiation')&#xA;  AND (&quot;On ART&quot;=False)&#xA;  AND (&quot;Gender&quot;='Female')"/><language value="text/cql-identifier"/><expression value="Should Desirable actions: Pregnancy test"/></expression></condition><action><title value="Desirable actions: Pregnancy test"/></action><action><title value="Consider offering a pregnancy test on women of childbearing age, especially if not receiving family planning and on treatment with DTG or low-dose EFV."/></action></action><action id="10"><title value="Recommended actions:Schedule the following viral load tests: HIV viral load test ≤ (ART start date + 6 months)HIV viral load test ≤ (ART start date + 12 months)HIV viral load test every 12 months thereafterPerform a CD4 cell count every 6 months until &quot;Established on ART&quot; = TRUEDesirable actions:Serum creatinine and estimated glomerular filtration rate for TDFRecommended general care activities: Adherence support interventions should be provided to people on ART (p xxxix of source).Manage current medications.Provide family planning and contraception.Support disclosure and partner notification.Counsel on risk reduction and combination HIV prevention approaches.Assess, prevent and manage noncommunicable diseases.Screen for and manage mental health problems.Screen for and manage and substance use issues.Provide psychosocial counselling and support.Manage pain and symptoms.Conduct a nutritional assessment and counsel on nutrition.Preventing and treating coinfections:Provide co-trimoxazole preventive therapyPrevent malaria (insecticide- treated  bed-nets and prophylaxis)Screen for sexually transmitted infectionsAssess for vaccine-preventable diseases"/><description value="Recommended actions:Schedule the following viral load tests: HIV viral load test ≤ (ART start date + 6 months)HIV viral load test ≤ (ART start date + 12 months)HIV viral load test every 12 months thereafterPerform a CD4 cell count every 6 months until &quot;Established on ART&quot; = TRUEDesirable actions:Serum creatinine and estimated glomerular filtration rate for TDFRecommended general care activities: Adherence support interventions should be provided to people on ART (p xxxix of source).Manage current medications.Provide family planning and contraception.Support disclosure and partner notification.Counsel on risk reduction and combination HIV prevention approaches.Assess, prevent and manage noncommunicable diseases.Screen for and manage mental health problems.Screen for and manage and substance use issues.Provide psychosocial counselling and support.Manage pain and symptoms.Conduct a nutritional assessment and counsel on nutrition.Preventing and treating coinfections:Provide co-trimoxazole preventive therapyPrevent malaria (insecticide- treated  bed-nets and prophylaxis)Screen for sexually transmitted infectionsAssess for vaccine-preventable diseases"/><textEquivalent value="Consider assessing for the presence of noncommunicable diseases that can influence ART management, such as hypertension and other cardiovascular diseases, diabetes and TB according to the WHO Package of Essential Noncommunicable Disease Interventions (PEN), Mental Health Gap Action Programme (mhGAP) or national standard protocols (see Chapter 6 of source). Monitoring may include a range of tests, including serum creatinine and estimated glomerular filtration rate, serum phosphate and urine dipsticks for proteinuria and glycosuria."/><documentation><type value="citation"/><label value="Consolidated guidelines on HIV prevention, testing, treatment, service delivery and monitoring: recommendations for a public health approach (2021)&#xA;Table 4.10. Recommended tests for HIV screening and monitoring and approaches to screening for coinfections and noncommunicable diseases.&#xA;Table 6.1: Overview of key elements of general care over the continuum of HIV care for people living with HIV.&#xA;Chapter 6: General care and managing common coinfections and comorbidities."/></documentation><condition><kind value="applicability"/><expression><description value="(HIV.D12.DT.10)&#xA;  AND (&quot;Reason for visit&quot;='Clinical visit)&#xA;  AND (&quot;Age&quot; ≥ 20 years)&#xA;  AND (&quot;On ART&quot;=True)"/><language value="text/cql-identifier"/><expression value="Should Recommended actions:Schedule the following viral load tests: HIV viral load test ≤ (ART start date + 6 months)HIV viral load test ≤ (ART start date + 12 months)HIV viral load test every 12 months thereafterPerform a CD4 cell count every 6 months until \&quot;Established on ART\&quot; = TRUEDesirable actions:Serum creatinine and estimated glomerular filtration rate for TDFRecommended general care activities: Adherence support interventions should be provided to people on ART (p xxxix of source).Manage current medications.Provide family planning and contraception.Support disclosure and partner notification.Counsel on risk reduction and combination HIV prevention approaches.Assess, prevent and manage noncommunicable diseases.Screen for and manage mental health problems.Screen for and manage and substance use issues.Provide psychosocial counselling and support.Manage pain and symptoms.Conduct a nutritional assessment and counsel on nutrition.Preventing and treating coinfections:Provide co-trimoxazole preventive therapyPrevent malaria (insecticide- treated  bed-nets and prophylaxis)Screen for sexually transmitted infectionsAssess for vaccine-preventable diseases"/></expression></condition><action><title value="Recommended actions:Schedule the following viral load tests: HIV viral load test ≤ (ART start date + 6 months)HIV viral load test ≤ (ART start date + 12 months)HIV viral load test every 12 months thereafterPerform a CD4 cell count every 6 months until &quot;Established on ART&quot; = TRUEDesirable actions:Serum creatinine and estimated glomerular filtration rate for TDFRecommended general care activities: Adherence support interventions should be provided to people on ART (p xxxix of source).Manage current medications.Provide family planning and contraception.Support disclosure and partner notification.Counsel on risk reduction and combination HIV prevention approaches.Assess, prevent and manage noncommunicable diseases.Screen for and manage mental health problems.Screen for and manage and substance use issues.Provide psychosocial counselling and support.Manage pain and symptoms.Conduct a nutritional assessment and counsel on nutrition.Preventing and treating coinfections:Provide co-trimoxazole preventive therapyPrevent malaria (insecticide- treated  bed-nets and prophylaxis)Screen for sexually transmitted infectionsAssess for vaccine-preventable diseases"/></action><action><title value="Recommended actions:Schedule the following viral load tests: HIV viral load test ≤ (ART start date + 6 months)HIV viral load test ≤ (ART start date + 12 months)HIV viral load test every 12 months thereafterPerform a CD4 cell count every 6 months until &quot;Established on ART&quot; = TRUEDesirable actions:Serum creatinine and estimated glomerular filtration rate for TDFRecommended general care activities: Adherence support interventions should be provided to people on ART (p xxxix of source).Manage current medications.Provide family planning and contraception.Support disclosure and partner notification.Counsel on risk reduction and combination HIV prevention approaches.Assess, prevent and manage noncommunicable diseases.Screen for and manage mental health problems.Screen for and manage and substance use issues.Provide psychosocial counselling and support.Manage pain and symptoms.Conduct a nutritional assessment and counsel on nutrition.Preventing and treating coinfections:Provide co-trimoxazole preventive therapyPrevent malaria (insecticide- treated  bed-nets and prophylaxis)Screen for sexually transmitted infectionsAssess for vaccine-preventable diseases"/></action></action><action id="11"><title value="Recommended actions: Schedule viral load tests on the following dates: HIV viral load test ≤ (ART start date + 6 months)HIV viral load test ≤ (ART start date + 12 months)HIV viral load test every 12 months thereafterCD4 cell count every 6 months until &quot;Established on ART&quot; = TRUERecommended general care activities: Prepare, assess and support adherence.Manage current medications.Provide family planning and contraception.Support disclosure and partner notification.Counsel on risk reduction and combination HIV prevention approaches.Assess, prevent and manage noncommunicable diseases.Screen for and manage mental health problems.Screen for and manage and substance use issues.Provide psychosocial counselling and support.Manage pain and symptoms.Conduct a nutritional, growth and development assessment.Preventing and treating coinfections:Provide co-trimoxazole preventive therapyPrevent malaria (insecticide- treated  bed-nets and prophylaxis)Screen for sexually transmitted infectionsAssess for vaccine-preventable diseases"/><description value="Recommended actions: Schedule viral load tests on the following dates: HIV viral load test ≤ (ART start date + 6 months)HIV viral load test ≤ (ART start date + 12 months)HIV viral load test every 12 months thereafterCD4 cell count every 6 months until &quot;Established on ART&quot; = TRUERecommended general care activities: Prepare, assess and support adherence.Manage current medications.Provide family planning and contraception.Support disclosure and partner notification.Counsel on risk reduction and combination HIV prevention approaches.Assess, prevent and manage noncommunicable diseases.Screen for and manage mental health problems.Screen for and manage and substance use issues.Provide psychosocial counselling and support.Manage pain and symptoms.Conduct a nutritional, growth and development assessment.Preventing and treating coinfections:Provide co-trimoxazole preventive therapyPrevent malaria (insecticide- treated  bed-nets and prophylaxis)Screen for sexually transmitted infectionsAssess for vaccine-preventable diseases"/><textEquivalent value="Consider assessing for the presence of noncommunicable diseases that can influence ART management, such as hypertension and other cardiovascular diseases, diabetes and TB according to the WHO Package of Essential Noncommunicable Disease Interventions (PEN), Mental Health Gap Action Programme (mhGAP) or national standard protocols (see Chapter 6 of source). Monitoring may include a range of tests, including serum creatinine and estimated glomerular filtration rate, serum phosphate and urine dipsticks for proteinuria and glycosuria."/><documentation><type value="citation"/><label value="Consolidated guidelines on HIV prevention, testing, treatment, service delivery and monitoring: recommendations for a public health approach (2021)&#xA;Table 4.10. Recommended tests for HIV screening and monitoring and approaches to screening for coinfections and noncommunicable diseases.&#xA;Table 6.1: Overview of key elements of general care over the continuum of HIV care for people living with HIV.&#xA;Chapter 6: General care and managing common coinfections and comorbidities."/></documentation><condition><kind value="applicability"/><expression><description value="(HIV.D12.DT.11)&#xA;  AND (&quot;Reason for visit&quot;='Clinical visit)&#xA;  AND (&quot;Age&quot; &lt;20 years)&#xA;  AND (&quot;On ART&quot;=True)"/><language value="text/cql-identifier"/><expression value="Should Recommended actions: Schedule viral load tests on the following dates: HIV viral load test ≤ (ART start date + 6 months)HIV viral load test ≤ (ART start date + 12 months)HIV viral load test every 12 months thereafterCD4 cell count every 6 months until \&quot;Established on ART\&quot; = TRUERecommended general care activities: Prepare, assess and support adherence.Manage current medications.Provide family planning and contraception.Support disclosure and partner notification.Counsel on risk reduction and combination HIV prevention approaches.Assess, prevent and manage noncommunicable diseases.Screen for and manage mental health problems.Screen for and manage and substance use issues.Provide psychosocial counselling and support.Manage pain and symptoms.Conduct a nutritional, growth and development assessment.Preventing and treating coinfections:Provide co-trimoxazole preventive therapyPrevent malaria (insecticide- treated  bed-nets and prophylaxis)Screen for sexually transmitted infectionsAssess for vaccine-preventable diseases"/></expression></condition><action><title value="Recommended actions: Schedule viral load tests on the following dates: HIV viral load test ≤ (ART start date + 6 months)HIV viral load test ≤ (ART start date + 12 months)HIV viral load test every 12 months thereafterCD4 cell count every 6 months until &quot;Established on ART&quot; = TRUERecommended general care activities: Prepare, assess and support adherence.Manage current medications.Provide family planning and contraception.Support disclosure and partner notification.Counsel on risk reduction and combination HIV prevention approaches.Assess, prevent and manage noncommunicable diseases.Screen for and manage mental health problems.Screen for and manage and substance use issues.Provide psychosocial counselling and support.Manage pain and symptoms.Conduct a nutritional, growth and development assessment.Preventing and treating coinfections:Provide co-trimoxazole preventive therapyPrevent malaria (insecticide- treated  bed-nets and prophylaxis)Screen for sexually transmitted infectionsAssess for vaccine-preventable diseases"/></action><action><title value="Recommended actions: Schedule viral load tests on the following dates: HIV viral load test ≤ (ART start date + 6 months)HIV viral load test ≤ (ART start date + 12 months)HIV viral load test every 12 months thereafterCD4 cell count every 6 months until &quot;Established on ART&quot; = TRUERecommended general care activities: Prepare, assess and support adherence.Manage current medications.Provide family planning and contraception.Support disclosure and partner notification.Counsel on risk reduction and combination HIV prevention approaches.Assess, prevent and manage noncommunicable diseases.Screen for and manage mental health problems.Screen for and manage and substance use issues.Provide psychosocial counselling and support.Manage pain and symptoms.Conduct a nutritional, growth and development assessment.Preventing and treating coinfections:Provide co-trimoxazole preventive therapyPrevent malaria (insecticide- treated  bed-nets and prophylaxis)Screen for sexually transmitted infectionsAssess for vaccine-preventable diseases"/></action></action><action id="12"><title value="Pregnancy test"/><description value="Pregnancy test"/><textEquivalent value="Consider assessing for the presence of noncommunicable diseases that can influence ART management, such as hypertension and other cardiovascular diseases, diabetes and TB according to the WHO Package of Essential Noncommunicable Disease Interventions (PEN), Mental Health Gap Action Programme (mhGAP) or national standard protocols (see Chapter 6 of source). Monitoring may include a range of tests, including serum creatinine and estimated glomerular filtration rate, serum phosphate and urine dipsticks for proteinuria and glycosuria."/><documentation><type value="citation"/><label value="Consolidated guidelines on HIV prevention, testing, treatment, service delivery and monitoring: recommendations for a public health approach (2021)&#xA;Table 4.10. Recommended tests for HIV screening and monitoring and approaches to screening for coinfections and noncommunicable diseases.&#xA;Table 6.1: Overview of key elements of general care over the continuum of HIV care for people living with HIV.&#xA;Chapter 6: General care and managing common coinfections and comorbidities."/></documentation><condition><kind value="applicability"/><expression><description value="(HIV.D12.DT.12)&#xA;  AND (&quot;Reason for visit&quot;='Clinical visit)&#xA;  AND (&quot;On ART&quot;=True)&#xA;  AND (&quot;Gender&quot;='Female')"/><language value="text/cql-identifier"/><expression value="Should Pregnancy test"/></expression></condition><action><title value="Pregnancy test"/></action><action><title value="Consider offering a pregnancy test for women with childbearing potential not receiving family planning and receiving DTG or EFV 400 mg"/></action></action><action id="13"><title value="Desirable actions: Serum creatinineEstimated glomerular filtration rate for TDF"/><description value="Desirable actions: Serum creatinineEstimated glomerular filtration rate for TDF"/><textEquivalent value="Consider assessing for the presence of noncommunicable diseases that can influence ART management, such as hypertension and other cardiovascular diseases, diabetes and TB according to the WHO Package of Essential Noncommunicable Disease Interventions (PEN), Mental Health Gap Action Programme (mhGAP) or national standard protocols (see Chapter 6 of source). Monitoring may include a range of tests, including serum creatinine and estimated glomerular filtration rate, serum phosphate and urine dipsticks for proteinuria and glycosuria."/><documentation><type value="citation"/><label value="Consolidated guidelines on HIV prevention, testing, treatment, service delivery and monitoring: recommendations for a public health approach (2021)&#xA;Table 4.10. Recommended tests for HIV screening and monitoring and approaches to screening for coinfections and noncommunicable diseases.&#xA;Table 6.1: Overview of key elements of general care over the continuum of HIV care for people living with HIV.&#xA;Chapter 6: General care and managing common coinfections and comorbidities."/></documentation><condition><kind value="applicability"/><expression><description value="(HIV.D12.DT.13)&#xA;  AND (&quot;Reason for visit&quot;='Clinical visit)&#xA;  AND (&quot;On ART&quot;=True)&#xA;  AND (&quot;Current medications&quot;='TDF')"/><language value="text/cql-identifier"/><expression value="Should Desirable actions: Serum creatinineEstimated glomerular filtration rate for TDF"/></expression></condition><action><title value="Desirable actions: Serum creatinineEstimated glomerular filtration rate for TDF"/></action><action><title value="Consider assessing for the presence of chronic conditions that can influence ART management, such as hypertension and other cardiovascular diseases, diabetes and TB according to the WHO Package of Essential NCD interventions (PEN), mental health Gap Action Programme (mhGAP) or national standard protocols (see section 5.3 Prevention, screening and management of other comorbidities and chronic care for people living with HIV). Monitoring may include a range of tests, including serum creatinine and estimated glomerular filtration rate (eGFR), serum phosphate and urine dipsticks for proteinuria and glycosuria. See formula for eGFR in the footnote to section 4.6.3 of source."/></action></action><action id="14"><title value="Desirable actions: HBV (HBsAg) serology (before switching ART regimen if this testing was not done or if the result was negative at baseline and the patient was not vaccinated thereafter) Recommended general care activities: Prepare, assess and support adherence.Manage current medications.Provide family planning and contraception.Support disclosure and partner notification.Counsel on risk reduction and combination HIV prevention approaches.Assess, prevent and manage noncommunicable diseases.Screen for and manage mental health problems.Screen for and manage and substance use issues.Provide psychosocial counselling and support.Manage pain and symptoms.Conduct a nutritional assessment and counsel on nutrition.Preventing and treating coinfections: Provide co-trimoxazole preventive therapyConduct intensified TB case-findingPrevent malaria (insecticide- treated  bed-nets and prophylaxis)Screen for sexually transmitted infectionsAssess for vaccine-preventable diseases"/><description value="Desirable actions: HBV (HBsAg) serology (before switching ART regimen if this testing was not done or if the result was negative at baseline and the patient was not vaccinated thereafter) Recommended general care activities: Prepare, assess and support adherence.Manage current medications.Provide family planning and contraception.Support disclosure and partner notification.Counsel on risk reduction and combination HIV prevention approaches.Assess, prevent and manage noncommunicable diseases.Screen for and manage mental health problems.Screen for and manage and substance use issues.Provide psychosocial counselling and support.Manage pain and symptoms.Conduct a nutritional assessment and counsel on nutrition.Preventing and treating coinfections: Provide co-trimoxazole preventive therapyConduct intensified TB case-findingPrevent malaria (insecticide- treated  bed-nets and prophylaxis)Screen for sexually transmitted infectionsAssess for vaccine-preventable diseases"/><textEquivalent value="Consider assessing for the presence of noncommunicable diseases that can influence ART management, such as hypertension and other cardiovascular diseases, diabetes and TB according to the WHO Package of Essential Noncommunicable Disease Interventions (PEN), Mental Health Gap Action Programme (mhGAP) or national standard protocols (see Chapter 6 of source). Monitoring may include a range of tests, including serum creatinine and estimated glomerular filtration rate, serum phosphate and urine dipsticks for proteinuria and glycosuria."/><documentation><type value="citation"/><label value="Consolidated guidelines on HIV prevention, testing, treatment, service delivery and monitoring: recommendations for a public health approach (2021)&#xA;Table 4.10. Recommended tests for HIV screening and monitoring and approaches to screening for coinfections and noncommunicable diseases.&#xA;Table 6.1: Overview of key elements of general care over the continuum of HIV care for people living with HIV.&#xA;Chapter 6: General care and managing common coinfections and comorbidities."/></documentation><condition><kind value="applicability"/><expression><description value="(HIV.D12.DT.14)&#xA;  AND (&quot;Reason for visit&quot;='Clinical visit)&#xA;  AND (&quot;Age&quot; ≥ 20 years)&#xA;  AND (&quot;Suspicion of treatment failure or interruption&quot;=True)"/><language value="text/cql-identifier"/><expression value="Should Desirable actions: HBV (HBsAg) serology (before switching ART regimen if this testing was not done or if the result was negative at baseline and the patient was not vaccinated thereafter) Recommended general care activities: Prepare, assess and support adherence.Manage current medications.Provide family planning and contraception.Support disclosure and partner notification.Counsel on risk reduction and combination HIV prevention approaches.Assess, prevent and manage noncommunicable diseases.Screen for and manage mental health problems.Screen for and manage and substance use issues.Provide psychosocial counselling and support.Manage pain and symptoms.Conduct a nutritional assessment and counsel on nutrition.Preventing and treating coinfections: Provide co-trimoxazole preventive therapyConduct intensified TB case-findingPrevent malaria (insecticide- treated  bed-nets and prophylaxis)Screen for sexually transmitted infectionsAssess for vaccine-preventable diseases"/></expression></condition><action><title value="Desirable actions: HBV (HBsAg) serology (before switching ART regimen if this testing was not done or if the result was negative at baseline and the patient was not vaccinated thereafter) Recommended general care activities: Prepare, assess and support adherence.Manage current medications.Provide family planning and contraception.Support disclosure and partner notification.Counsel on risk reduction and combination HIV prevention approaches.Assess, prevent and manage noncommunicable diseases.Screen for and manage mental health problems.Screen for and manage and substance use issues.Provide psychosocial counselling and support.Manage pain and symptoms.Conduct a nutritional assessment and counsel on nutrition.Preventing and treating coinfections: Provide co-trimoxazole preventive therapyConduct intensified TB case-findingPrevent malaria (insecticide- treated  bed-nets and prophylaxis)Screen for sexually transmitted infectionsAssess for vaccine-preventable diseases"/></action><action><title value="Desirable actions: HBV (HBsAg) serology (before switching ART regimen if this testing was not done or if the result was negative at baseline and the patient was not vaccinated thereafter) Recommended general care activities: Prepare, assess and support adherence.Manage current medications.Provide family planning and contraception.Support disclosure and partner notification.Counsel on risk reduction and combination HIV prevention approaches.Assess, prevent and manage noncommunicable diseases.Screen for and manage mental health problems.Screen for and manage and substance use issues.Provide psychosocial counselling and support.Manage pain and symptoms.Conduct a nutritional assessment and counsel on nutrition.Preventing and treating coinfections: Provide co-trimoxazole preventive therapyConduct intensified TB case-findingPrevent malaria (insecticide- treated  bed-nets and prophylaxis)Screen for sexually transmitted infectionsAssess for vaccine-preventable diseases"/></action></action><action id="15"><title value="Desirable actions: HBV (HBsAg) serology (before switching ART regimen if this testing was not done or if the result was negative at baseline and the patient was not vaccinated thereafter)Recommended general care activities:Prepare, assess and support adherence.Manage current medications.Provide family planning and contraception.Support disclosure and partner notification.Counsel on risk reduction and combination HIV prevention approaches.Assess, prevent and manage noncommunicable diseases.Screen for and manage mental health problems.Screen for and manage and substance use issues.Provide psychosocial counselling and support.Manage pain and symptoms.Conduct a nutritional, growth and development assessment.Preventing and treating coinfections:Provide co-trimoxazole preventive therapyConduct intensified TB case-findingPrevent malaria (insecticide- treated  bed-nets and prophylaxis)Screen for sexually transmitted infectionsAssess for vaccine-preventable diseases"/><description value="Desirable actions: HBV (HBsAg) serology (before switching ART regimen if this testing was not done or if the result was negative at baseline and the patient was not vaccinated thereafter)Recommended general care activities:Prepare, assess and support adherence.Manage current medications.Provide family planning and contraception.Support disclosure and partner notification.Counsel on risk reduction and combination HIV prevention approaches.Assess, prevent and manage noncommunicable diseases.Screen for and manage mental health problems.Screen for and manage and substance use issues.Provide psychosocial counselling and support.Manage pain and symptoms.Conduct a nutritional, growth and development assessment.Preventing and treating coinfections:Provide co-trimoxazole preventive therapyConduct intensified TB case-findingPrevent malaria (insecticide- treated  bed-nets and prophylaxis)Screen for sexually transmitted infectionsAssess for vaccine-preventable diseases"/><textEquivalent value="Consider assessing for the presence of noncommunicable diseases that can influence ART management, such as hypertension and other cardiovascular diseases, diabetes and TB according to the WHO Package of Essential Noncommunicable Disease Interventions (PEN), Mental Health Gap Action Programme (mhGAP) or national standard protocols (see Chapter 6 of source). Monitoring may include a range of tests, including serum creatinine and estimated glomerular filtration rate, serum phosphate and urine dipsticks for proteinuria and glycosuria."/><documentation><type value="citation"/><label value="Consolidated guidelines on HIV prevention, testing, treatment, service delivery and monitoring: recommendations for a public health approach (2021)&#xA;Table 4.10. Recommended tests for HIV screening and monitoring and approaches to screening for coinfections and noncommunicable diseases.&#xA;Table 6.1: Overview of key elements of general care over the continuum of HIV care for people living with HIV.&#xA;Chapter 6: General care and managing common coinfections and comorbidities."/></documentation><condition><kind value="applicability"/><expression><description value="(HIV.D12.DT.15)&#xA;  AND (&quot;Reason for visit&quot;='Clinical visit)&#xA;  AND (&quot;Age&quot; &lt;20 years)&#xA;  AND (&quot;Suspicion of treatment failure or interruption&quot;=True)"/><language value="text/cql-identifier"/><expression value="Should Desirable actions: HBV (HBsAg) serology (before switching ART regimen if this testing was not done or if the result was negative at baseline and the patient was not vaccinated thereafter)Recommended general care activities:Prepare, assess and support adherence.Manage current medications.Provide family planning and contraception.Support disclosure and partner notification.Counsel on risk reduction and combination HIV prevention approaches.Assess, prevent and manage noncommunicable diseases.Screen for and manage mental health problems.Screen for and manage and substance use issues.Provide psychosocial counselling and support.Manage pain and symptoms.Conduct a nutritional, growth and development assessment.Preventing and treating coinfections:Provide co-trimoxazole preventive therapyConduct intensified TB case-findingPrevent malaria (insecticide- treated  bed-nets and prophylaxis)Screen for sexually transmitted infectionsAssess for vaccine-preventable diseases"/></expression></condition><action><title value="Desirable actions: HBV (HBsAg) serology (before switching ART regimen if this testing was not done or if the result was negative at baseline and the patient was not vaccinated thereafter)Recommended general care activities:Prepare, assess and support adherence.Manage current medications.Provide family planning and contraception.Support disclosure and partner notification.Counsel on risk reduction and combination HIV prevention approaches.Assess, prevent and manage noncommunicable diseases.Screen for and manage mental health problems.Screen for and manage and substance use issues.Provide psychosocial counselling and support.Manage pain and symptoms.Conduct a nutritional, growth and development assessment.Preventing and treating coinfections:Provide co-trimoxazole preventive therapyConduct intensified TB case-findingPrevent malaria (insecticide- treated  bed-nets and prophylaxis)Screen for sexually transmitted infectionsAssess for vaccine-preventable diseases"/></action><action><title value="Desirable actions: HBV (HBsAg) serology (before switching ART regimen if this testing was not done or if the result was negative at baseline and the patient was not vaccinated thereafter)Recommended general care activities:Prepare, assess and support adherence.Manage current medications.Provide family planning and contraception.Support disclosure and partner notification.Counsel on risk reduction and combination HIV prevention approaches.Assess, prevent and manage noncommunicable diseases.Screen for and manage mental health problems.Screen for and manage and substance use issues.Provide psychosocial counselling and support.Manage pain and symptoms.Conduct a nutritional, growth and development assessment.Preventing and treating coinfections:Provide co-trimoxazole preventive therapyConduct intensified TB case-findingPrevent malaria (insecticide- treated  bed-nets and prophylaxis)Screen for sexually transmitted infectionsAssess for vaccine-preventable diseases"/></action></action></action></PlanDefinition>