<?xml version="1.0" encoding="UTF-8"?><ValueSet xmlns="http://hl7.org/fhir"><id value="hiv-d-de894"/><text><status value="extensions"/><div xmlns="http://www.w3.org/1999/xhtml"><ul><li>Include these codes as defined in <a href="CodeSystem-concept-codes.html"><code>http://fhir.org/guides/itech-uw/who-smart-hiv-dak/CodeSystem/concept-codes</code></a><table class="none"><tr><td style="white-space:nowrap"><b>Code</b></td><td><b>Display</b></td><td><b>Definition</b></td></tr><tr><td><a href="CodeSystem-concept-codes.html#concept-codes-HIV.46D.46DE894">HIV.D.DE894</a></td><td>F0-4, fibrosis staging</td><td>Staging of liver disease - F0-4, fibrosis staging</td></tr><tr><td><a href="CodeSystem-concept-codes.html#concept-codes-HIV.46D.46DE895">HIV.D.DE895</a></td><td>F4 or cirrhosis, presence of cirrhosis</td><td>Staging of liver disease - F4 or cirrhosis, presence of cirrhosis</td></tr></table></li></ul></div></text><url value="http://fhir.org/guides/itech-uw/ValueSet/hiv-d-de894"/><version value="0.3.0"/><name value="StagingofliverdiseaseCodes"/><title value="Staging of liver disease Codes"/><status value="draft"/><experimental value="false"/><date value="2024-06-06T18:10:14+00:00"/><publisher value="World Health Organization (WHO) "/><contact><telecom><system value="url"/><value value="https://www.who.int"/></telecom></contact><description value="Codes representing possible values for the Staging of liver disease element"/><jurisdiction><coding><system value="http://unstats.un.org/unsd/methods/m49/m49.htm"/><code value="001"/></coding></jurisdiction><immutable value="true"/><compose><include><system value="http://fhir.org/guides/itech-uw/who-smart-hiv-dak/CodeSystem/concept-codes"/><concept><code value="HIV.D.DE894"/><display value="F0-4, fibrosis staging"/></concept><concept><code value="HIV.D.DE895"/><display value="F4 or cirrhosis, presence of cirrhosis"/></concept></include></compose></ValueSet>