<?xml version="1.0" encoding="UTF-8"?><ValueSet xmlns="http://hl7.org/fhir"><id value="hiv-b-de326"/><text><status value="extensions"/><div xmlns="http://www.w3.org/1999/xhtml"><ul><li>Include these codes as defined in <a href="CodeSystem-concept-codes.html"><code>http://fhir.org/guides/itech-uw/who-smart-hiv-dak/CodeSystem/concept-codes</code></a><table class="none"><tr><td style="white-space:nowrap"><b>Code</b></td><td><b>Display</b></td><td><b>Definition</b></td></tr><tr><td><a href="CodeSystem-concept-codes.html#concept-codes-HIV.46B.46DE326">HIV.B.DE326</a></td><td>Positive</td><td>Confirmatory STI test result - Positive</td></tr><tr><td><a href="CodeSystem-concept-codes.html#concept-codes-HIV.46B.46DE327">HIV.B.DE327</a></td><td>Negative</td><td>Confirmatory STI test result - Negative</td></tr><tr><td><a href="CodeSystem-concept-codes.html#concept-codes-HIV.46B.46DE328">HIV.B.DE328</a></td><td>Inconclusive</td><td>Confirmatory STI test result - Inconclusive</td></tr><tr><td><a href="CodeSystem-concept-codes.html#concept-codes-HIV.46D.46DE878">HIV.D.DE878</a></td><td>Positive</td><td>Confirmatory STI test result - Positive</td></tr><tr><td><a href="CodeSystem-concept-codes.html#concept-codes-HIV.46D.46DE879">HIV.D.DE879</a></td><td>Negative</td><td>Confirmatory STI test result - Negative</td></tr><tr><td><a href="CodeSystem-concept-codes.html#concept-codes-HIV.46D.46DE880">HIV.D.DE880</a></td><td>Inconclusive</td><td>Confirmatory STI test result - Inconclusive</td></tr></table></li></ul></div></text><url value="http://fhir.org/guides/itech-uw/ValueSet/hiv-b-de326"/><version value="0.3.0"/><name value="ConfirmatorySTItestresultCodes"/><title value="Confirmatory STI test result Codes"/><status value="draft"/><experimental value="false"/><date value="2024-04-30T19:24:27+00:00"/><publisher value="World Health Organization (WHO) "/><contact><telecom><system value="url"/><value value="https://www.who.int"/></telecom></contact><description value="Codes representing possible values for the Confirmatory STI test result element"/><jurisdiction><coding><system value="http://unstats.un.org/unsd/methods/m49/m49.htm"/><code value="001"/></coding></jurisdiction><immutable value="true"/><compose><include><system value="http://fhir.org/guides/itech-uw/who-smart-hiv-dak/CodeSystem/concept-codes"/><concept><code value="HIV.B.DE326"/><display value="Positive"/></concept><concept><code value="HIV.B.DE327"/><display value="Negative"/></concept><concept><code value="HIV.B.DE328"/><display value="Inconclusive"/></concept><concept><code value="HIV.D.DE878"/><display value="Positive"/></concept><concept><code value="HIV.D.DE879"/><display value="Negative"/></concept><concept><code value="HIV.D.DE880"/><display value="Inconclusive"/></concept></include></compose></ValueSet>