<?xml version="1.0" encoding="UTF-8"?><ValueSet xmlns="http://hl7.org/fhir"><id value="hiv-prv-de12"/><text><status value="extensions"/><div xmlns="http://www.w3.org/1999/xhtml"><ul><li>Include these codes as defined in <a href="CodeSystem-concept-codes.html"><code>http://fhir.org/guides/itech-uw/who-smart-hiv-dak/CodeSystem/concept-codes</code></a><table class="none"><tr><td style="white-space:nowrap"><b>Code</b></td><td><b>Display</b></td><td><b>Definition</b></td></tr><tr><td><a href="CodeSystem-concept-codes.html#concept-codes-HIV.46PRV.46DE12">HIV.PRV.DE12</a></td><td>HIV-positive</td><td>HIV status of contact - HIV-positive</td></tr><tr><td><a href="CodeSystem-concept-codes.html#concept-codes-HIV.46PRV.46DE13">HIV.PRV.DE13</a></td><td>HIV-negative</td><td>HIV status of contact - HIV-negative</td></tr><tr><td><a href="CodeSystem-concept-codes.html#concept-codes-HIV.46PRV.46DE14">HIV.PRV.DE14</a></td><td>Unknown</td><td>HIV status of contact - Unknown</td></tr></table></li></ul></div></text><url value="http://fhir.org/guides/itech-uw/ValueSet/hiv-prv-de12"/><version value="0.3.0"/><name value="HIVstatusofcontactCodes"/><title value="HIV status of contact Codes"/><status value="draft"/><experimental value="false"/><date value="2024-05-15T17:51:55+00:00"/><publisher value="World Health Organization (WHO) "/><contact><telecom><system value="url"/><value value="https://www.who.int"/></telecom></contact><description value="Codes representing possible values for the HIV status of contact element"/><jurisdiction><coding><system value="http://unstats.un.org/unsd/methods/m49/m49.htm"/><code value="001"/></coding></jurisdiction><immutable value="true"/><compose><include><system value="http://fhir.org/guides/itech-uw/who-smart-hiv-dak/CodeSystem/concept-codes"/><concept><code value="HIV.PRV.DE12"/><display value="HIV-positive"/></concept><concept><code value="HIV.PRV.DE13"/><display value="HIV-negative"/></concept><concept><code value="HIV.PRV.DE14"/><display value="Unknown"/></concept></include></compose></ValueSet>