<?xml version="1.0" encoding="UTF-8"?><ValueSet xmlns="http://hl7.org/fhir"><id value="hiv-d-de674"/><text><status value="extensions"/><div xmlns="http://www.w3.org/1999/xhtml"><ul><li>Include these codes as defined in <a href="CodeSystem-concept-codes.html"><code>http://fhir.org/guides/itech-uw/who-smart-hiv-dak/CodeSystem/concept-codes</code></a><table class="none"><tr><td style="white-space:nowrap"><b>Code</b></td><td><b>Display</b></td><td><b>Definition</b></td></tr><tr><td><a href="CodeSystem-concept-codes.html#concept-codes-HIV.46D.46DE674">HIV.D.DE674</a></td><td>NILM</td><td>Cervical cytology screening test result - NILM</td></tr><tr><td><a href="CodeSystem-concept-codes.html#concept-codes-HIV.46D.46DE675">HIV.D.DE675</a></td><td>ASCUS</td><td>Cervical cytology screening test result - ASCUS</td></tr><tr><td><a href="CodeSystem-concept-codes.html#concept-codes-HIV.46D.46DE676">HIV.D.DE676</a></td><td>LSIL</td><td>Cervical cytology screening test result - LSIL</td></tr><tr><td><a href="CodeSystem-concept-codes.html#concept-codes-HIV.46D.46DE677">HIV.D.DE677</a></td><td>HSIL</td><td>Cervical cytology screening test result - HSIL</td></tr><tr><td><a href="CodeSystem-concept-codes.html#concept-codes-HIV.46D.46DE678">HIV.D.DE678</a></td><td>Cancer</td><td>Cervical cytology screening test result - Cancer</td></tr><tr><td><a href="CodeSystem-concept-codes.html#concept-codes-HIV.46D.46DE679">HIV.D.DE679</a></td><td>Invalid/inadequate</td><td>Cervical cytology screening test result - Invalid/inadequate</td></tr></table></li></ul></div></text><url value="http://fhir.org/guides/itech-uw/ValueSet/hiv-d-de674"/><version value="0.3.0"/><name value="CervicalcytologyscreeningtestresultCodes"/><title value="Cervical cytology screening test result Codes"/><status value="draft"/><experimental value="false"/><date value="2024-05-15T17:51:55+00:00"/><publisher value="World Health Organization (WHO) "/><contact><telecom><system value="url"/><value value="https://www.who.int"/></telecom></contact><description value="Codes representing possible values for the Cervical cytology screening test result element"/><jurisdiction><coding><system value="http://unstats.un.org/unsd/methods/m49/m49.htm"/><code value="001"/></coding></jurisdiction><immutable value="true"/><compose><include><system value="http://fhir.org/guides/itech-uw/who-smart-hiv-dak/CodeSystem/concept-codes"/><concept><code value="HIV.D.DE674"/><display value="NILM"/></concept><concept><code value="HIV.D.DE675"/><display value="ASCUS"/></concept><concept><code value="HIV.D.DE676"/><display value="LSIL"/></concept><concept><code value="HIV.D.DE677"/><display value="HSIL"/></concept><concept><code value="HIV.D.DE678"/><display value="Cancer"/></concept><concept><code value="HIV.D.DE679"/><display value="Invalid/inadequate"/></concept></include></compose></ValueSet>