<?xml version="1.0" encoding="UTF-8"?><ValueSet xmlns="http://hl7.org/fhir"><id value="hiv-c-de64"/><text><status value="extensions"/><div xmlns="http://www.w3.org/1999/xhtml"><ul><li>Include these codes as defined in <a href="CodeSystem-concept-codes.html"><code>http://fhir.org/guides/itech-uw/who-smart-hiv-dak/CodeSystem/concept-codes</code></a><table class="none"><tr><td style="white-space:nowrap"><b>Code</b></td><td><b>Display</b></td><td><b>Definition</b></td></tr><tr><td><a href="CodeSystem-concept-codes.html#concept-codes-HIV.46C.46DE64">HIV.C.DE64</a></td><td>Serum creatinine test</td><td>Screenings and diagnostics for PrEP users - Serum creatinine test</td></tr><tr><td><a href="CodeSystem-concept-codes.html#concept-codes-HIV.46C.46DE65">HIV.C.DE65</a></td><td>Hepatitis B test</td><td>Screenings and diagnostics for PrEP users - Hepatitis B test</td></tr><tr><td><a href="CodeSystem-concept-codes.html#concept-codes-HIV.46C.46DE66">HIV.C.DE66</a></td><td>Hepatitis C test</td><td>Screenings and diagnostics for PrEP users - Hepatitis C test</td></tr><tr><td><a href="CodeSystem-concept-codes.html#concept-codes-HIV.46C.46DE67">HIV.C.DE67</a></td><td>Syphilis test</td><td>Screenings and diagnostics for PrEP users - Syphilis test</td></tr><tr><td><a href="CodeSystem-concept-codes.html#concept-codes-HIV.46C.46DE68">HIV.C.DE68</a></td><td>Other screening for STIs</td><td>Screenings and diagnostics for PrEP users - Other screening for STIs</td></tr><tr><td><a href="CodeSystem-concept-codes.html#concept-codes-HIV.46C.46DE69">HIV.C.DE69</a></td><td>Pregnancy testing</td><td>Screenings and diagnostics for PrEP users - Pregnancy testing</td></tr><tr><td><a href="CodeSystem-concept-codes.html#concept-codes-HIV.46C.46DE70">HIV.C.DE70</a></td><td>Review vaccination history</td><td>Screenings and diagnostics for PrEP users - Review vaccination history</td></tr></table></li></ul></div></text><url value="http://fhir.org/guides/itech-uw/ValueSet/hiv-c-de64"/><version value="0.3.0"/><name value="ScreeningsanddiagnosticsforPrEPusersCodes"/><title value="Screenings and diagnostics for PrEP users Codes"/><status value="draft"/><experimental value="false"/><date value="2024-06-06T18:10:14+00:00"/><publisher value="World Health Organization (WHO) "/><contact><telecom><system value="url"/><value value="https://www.who.int"/></telecom></contact><description value="Codes representing possible values for the Screenings and diagnostics for PrEP users element"/><jurisdiction><coding><system value="http://unstats.un.org/unsd/methods/m49/m49.htm"/><code value="001"/></coding></jurisdiction><immutable value="true"/><compose><include><system value="http://fhir.org/guides/itech-uw/who-smart-hiv-dak/CodeSystem/concept-codes"/><concept><code value="HIV.C.DE64"/><display value="Serum creatinine test"/></concept><concept><code value="HIV.C.DE65"/><display value="Hepatitis B test"/></concept><concept><code value="HIV.C.DE66"/><display value="Hepatitis C test"/></concept><concept><code value="HIV.C.DE67"/><display value="Syphilis test"/></concept><concept><code value="HIV.C.DE68"/><display value="Other screening for STIs"/></concept><concept><code value="HIV.C.DE69"/><display value="Pregnancy testing"/></concept><concept><code value="HIV.C.DE70"/><display value="Review vaccination history"/></concept></include></compose></ValueSet>