<?xml version="1.0" encoding="UTF-8"?><ValueSet xmlns="http://hl7.org/fhir"><id value="hiv-b-de159"/><text><status value="extensions"/><div xmlns="http://www.w3.org/1999/xhtml"><ul><li>Include these codes as defined in <a href="CodeSystem-concept-codes.html"><code>http://fhir.org/guides/itech-uw/who-smart-hiv-dak/CodeSystem/concept-codes</code></a><table class="none"><tr><td style="white-space:nowrap"><b>Code</b></td><td><b>Display</b></td><td><b>Definition</b></td></tr><tr><td><a href="CodeSystem-concept-codes.html#concept-codes-HIV.46B.46DE159">HIV.B.DE159</a></td><td>Contraception and family planning</td><td>Sexual and reproductive health integrated services - Contraception and family planning</td></tr><tr><td><a href="CodeSystem-concept-codes.html#concept-codes-HIV.46B.46DE160">HIV.B.DE160</a></td><td>Check pregnancy status</td><td>Sexual and reproductive health integrated services - Check pregnancy status</td></tr><tr><td><a href="CodeSystem-concept-codes.html#concept-codes-HIV.46B.46DE161">HIV.B.DE161</a></td><td>Prevention of mother-to-child transmission counselling</td><td>Sexual and reproductive health integrated services - Prevention of mother-to-child transmission counselling</td></tr><tr><td><a href="CodeSystem-concept-codes.html#concept-codes-HIV.46B.46DE162">HIV.B.DE162</a></td><td>Cervical cancer screening and treatment counselling</td><td>Sexual and reproductive health integrated services - Cervical cancer screening and treatment counselling</td></tr><tr><td><a href="CodeSystem-concept-codes.html#concept-codes-HIV.46B.46DE163">HIV.B.DE163</a></td><td>Anal cancer screening (for men who have sex with men)</td><td>Sexual and reproductive health integrated services - Anal cancer screening (for men who have sex with men)</td></tr><tr><td><a href="CodeSystem-concept-codes.html#concept-codes-HIV.46B.46DE164">HIV.B.DE164</a></td><td>STI testing and treatment services</td><td>Sexual and reproductive health integrated services - STI testing and treatment services</td></tr><tr><td><a href="CodeSystem-concept-codes.html#concept-codes-HIV.46C.46DE150">HIV.C.DE150</a></td><td>Contraception and family planning</td><td>Sexual and reproductive health integrated services - Contraception and family planning</td></tr><tr><td><a href="CodeSystem-concept-codes.html#concept-codes-HIV.46C.46DE151">HIV.C.DE151</a></td><td>Check pregnancy status</td><td>Sexual and reproductive health integrated services - Check pregnancy status</td></tr><tr><td><a href="CodeSystem-concept-codes.html#concept-codes-HIV.46C.46DE152">HIV.C.DE152</a></td><td>Prevent mother-to-child transmission</td><td>Sexual and reproductive health integrated services - Prevent mother-to-child transmission</td></tr><tr><td><a href="CodeSystem-concept-codes.html#concept-codes-HIV.46C.46DE153">HIV.C.DE153</a></td><td>Cervical cancer screening and treatment</td><td>Sexual and reproductive health integrated services - Cervical cancer screening and treatment</td></tr><tr><td><a href="CodeSystem-concept-codes.html#concept-codes-HIV.46C.46DE154">HIV.C.DE154</a></td><td>Anal cancer screening (for men who have sex with men)</td><td>Sexual and reproductive health integrated services - Anal cancer screening (for men who have sex with men)</td></tr><tr><td><a href="CodeSystem-concept-codes.html#concept-codes-HIV.46C.46DE155">HIV.C.DE155</a></td><td>STI testing and treatment</td><td>Sexual and reproductive health integrated services - STI testing and treatment</td></tr><tr><td><a href="CodeSystem-concept-codes.html#concept-codes-HIV.46D.46DE157">HIV.D.DE157</a></td><td>Contraception and family planning</td><td>Sexual and reproductive health integrated services - Contraception and family planning</td></tr><tr><td><a href="CodeSystem-concept-codes.html#concept-codes-HIV.46D.46DE158">HIV.D.DE158</a></td><td>Check pregnancy status</td><td>Sexual and reproductive health integrated services - Check pregnancy status</td></tr><tr><td><a href="CodeSystem-concept-codes.html#concept-codes-HIV.46D.46DE159">HIV.D.DE159</a></td><td>Prevention of mother-to-child transmission</td><td>Sexual and reproductive health integrated services - Prevention of mother-to-child transmission</td></tr><tr><td><a href="CodeSystem-concept-codes.html#concept-codes-HIV.46D.46DE160">HIV.D.DE160</a></td><td>STI testing and treatment</td><td>Sexual and reproductive health integrated services - STI testing and treatment</td></tr></table></li></ul></div></text><url value="http://fhir.org/guides/itech-uw/ValueSet/hiv-b-de159"/><version value="0.3.0"/><name value="SexualandreproductivehealthintegratedservicesCodes"/><title value="Sexual and reproductive health integrated services Codes"/><status value="draft"/><experimental value="false"/><date value="2024-06-10T14:32:54+00:00"/><publisher value="World Health Organization (WHO) "/><contact><telecom><system value="url"/><value value="https://www.who.int"/></telecom></contact><description value="Codes representing possible values for the Sexual and reproductive health integrated services element"/><jurisdiction><coding><system value="http://unstats.un.org/unsd/methods/m49/m49.htm"/><code value="001"/></coding></jurisdiction><immutable value="true"/><compose><include><system value="http://fhir.org/guides/itech-uw/who-smart-hiv-dak/CodeSystem/concept-codes"/><concept><code value="HIV.B.DE159"/><display value="Contraception and family planning"/></concept><concept><code value="HIV.B.DE160"/><display value="Check pregnancy status"/></concept><concept><code value="HIV.B.DE161"/><display value="Prevention of mother-to-child transmission counselling"/></concept><concept><code value="HIV.B.DE162"/><display value="Cervical cancer screening and treatment counselling"/></concept><concept><code value="HIV.B.DE163"/><display value="Anal cancer screening (for men who have sex with men)"/></concept><concept><code value="HIV.B.DE164"/><display value="STI testing and treatment services"/></concept><concept><code value="HIV.C.DE150"/><display value="Contraception and family planning"/></concept><concept><code value="HIV.C.DE151"/><display value="Check pregnancy status"/></concept><concept><code value="HIV.C.DE152"/><display value="Prevent mother-to-child transmission"/></concept><concept><code value="HIV.C.DE153"/><display value="Cervical cancer screening and treatment"/></concept><concept><code value="HIV.C.DE154"/><display value="Anal cancer screening (for men who have sex with men)"/></concept><concept><code value="HIV.C.DE155"/><display value="STI testing and treatment"/></concept><concept><code value="HIV.D.DE157"/><display value="Contraception and family planning"/></concept><concept><code value="HIV.D.DE158"/><display value="Check pregnancy status"/></concept><concept><code value="HIV.D.DE159"/><display value="Prevention of mother-to-child transmission"/></concept><concept><code value="HIV.D.DE160"/><display value="STI testing and treatment"/></concept></include></compose></ValueSet>