<?xml version="1.0" encoding="UTF-8"?><ValueSet xmlns="http://hl7.org/fhir"><id value="hiv-d-de84"/><text><status value="extensions"/><div xmlns="http://www.w3.org/1999/xhtml"><ul><li>Include these codes as defined in <a href="CodeSystem-concept-codes.html"><code>http://fhir.org/guides/itech-uw/who-smart-hiv-dak/CodeSystem/concept-codes</code></a><table class="none"><tr><td style="white-space:nowrap"><b>Code</b></td><td><b>Display</b></td><td><b>Definition</b></td></tr><tr><td><a href="CodeSystem-concept-codes.html#concept-codes-HIV.46D.46DE84">HIV.D.DE84</a></td><td>First-line ART regimen for adults and adolescents</td><td>Current ART regimen (first-, second-, or third-line) - First-line ART regimen for adults and adolescents</td></tr><tr><td><a href="CodeSystem-concept-codes.html#concept-codes-HIV.46D.46DE85">HIV.D.DE85</a></td><td>First-line ART regimen for children</td><td>Current ART regimen (first-, second-, or third-line) - First-line ART regimen for children</td></tr><tr><td><a href="CodeSystem-concept-codes.html#concept-codes-HIV.46D.46DE86">HIV.D.DE86</a></td><td>First-line ART regimen for neonates</td><td>Current ART regimen (first-, second-, or third-line) - First-line ART regimen for neonates</td></tr><tr><td><a href="CodeSystem-concept-codes.html#concept-codes-HIV.46D.46DE87">HIV.D.DE87</a></td><td>Second-line ART regimen for adults and adolescents</td><td>Current ART regimen (first-, second-, or third-line) - Second-line ART regimen for adults and adolescents</td></tr><tr><td><a href="CodeSystem-concept-codes.html#concept-codes-HIV.46D.46DE88">HIV.D.DE88</a></td><td>Second-line ART regimen for children</td><td>Current ART regimen (first-, second-, or third-line) - Second-line ART regimen for children</td></tr><tr><td><a href="CodeSystem-concept-codes.html#concept-codes-HIV.46D.46DE89">HIV.D.DE89</a></td><td>Third-line ART regimen</td><td>Current ART regimen (first-, second-, or third-line) - Third-line ART regimen</td></tr></table></li></ul></div></text><url value="http://fhir.org/guides/itech-uw/ValueSet/hiv-d-de84"/><version value="0.3.0"/><name value="CurrentARTregimenfirstsecondorthirdlineCodes"/><title value="Current ART regimen (first-, second-, or third-line) Codes"/><status value="draft"/><experimental value="false"/><date value="2024-04-30T19:50:03+00:00"/><publisher value="World Health Organization (WHO) "/><contact><telecom><system value="url"/><value value="https://www.who.int"/></telecom></contact><description value="Codes representing possible values for the Current ART regimen (first-, second-, or third-line) element"/><jurisdiction><coding><system value="http://unstats.un.org/unsd/methods/m49/m49.htm"/><code value="001"/></coding></jurisdiction><immutable value="true"/><compose><include><system value="http://fhir.org/guides/itech-uw/who-smart-hiv-dak/CodeSystem/concept-codes"/><concept><code value="HIV.D.DE84"/><display value="First-line ART regimen for adults and adolescents"/></concept><concept><code value="HIV.D.DE85"/><display value="First-line ART regimen for children"/></concept><concept><code value="HIV.D.DE86"/><display value="First-line ART regimen for neonates"/></concept><concept><code value="HIV.D.DE87"/><display value="Second-line ART regimen for adults and adolescents"/></concept><concept><code value="HIV.D.DE88"/><display value="Second-line ART regimen for children"/></concept><concept><code value="HIV.D.DE89"/><display value="Third-line ART regimen"/></concept></include></compose></ValueSet>