<?xml version="1.0" encoding="UTF-8"?><ValueSet xmlns="http://hl7.org/fhir"><id value="hiv-b-de307"/><text><status value="extensions"/><div xmlns="http://www.w3.org/1999/xhtml"><ul><li>Include these codes as defined in <a href="CodeSystem-concept-codes.html"><code>http://fhir.org/guides/itech-uw/who-smart-hiv-dak/CodeSystem/concept-codes</code></a><table class="none"><tr><td style="white-space:nowrap"><b>Code</b></td><td><b>Display</b></td><td><b>Definition</b></td></tr><tr><td><a href="CodeSystem-concept-codes.html#concept-codes-HIV.46B.46DE307">HIV.B.DE307</a></td><td>NAAT</td><td>Mycoplasma genitalium test type - NAAT</td></tr><tr><td><a href="CodeSystem-concept-codes.html#concept-codes-HIV.46B.46DE308">HIV.B.DE308</a></td><td>Microscopy</td><td>Mycoplasma genitalium test type - Microscopy</td></tr><tr><td><a href="CodeSystem-concept-codes.html#concept-codes-HIV.46B.46DE309">HIV.B.DE309</a></td><td>Other</td><td>Mycoplasma genitalium test type - Other</td></tr><tr><td><a href="CodeSystem-concept-codes.html#concept-codes-HIV.46D.46DE859">HIV.D.DE859</a></td><td>NAAT</td><td>Mycoplasma genitalium test type - NAAT</td></tr><tr><td><a href="CodeSystem-concept-codes.html#concept-codes-HIV.46D.46DE860">HIV.D.DE860</a></td><td>Microscopy</td><td>Mycoplasma genitalium test type - Microscopy</td></tr><tr><td><a href="CodeSystem-concept-codes.html#concept-codes-HIV.46D.46DE861">HIV.D.DE861</a></td><td>Other</td><td>Mycoplasma genitalium test type - Other</td></tr></table></li></ul></div></text><url value="http://fhir.org/guides/itech-uw/ValueSet/hiv-b-de307"/><version value="0.3.0"/><name value="MycoplasmagenitaliumtesttypeCodes"/><title value="Mycoplasma genitalium test type Codes"/><status value="draft"/><experimental value="false"/><date value="2024-05-15T17:51:55+00:00"/><publisher value="World Health Organization (WHO) "/><contact><telecom><system value="url"/><value value="https://www.who.int"/></telecom></contact><description value="Codes representing possible values for the Mycoplasma genitalium test type element"/><jurisdiction><coding><system value="http://unstats.un.org/unsd/methods/m49/m49.htm"/><code value="001"/></coding></jurisdiction><immutable value="true"/><compose><include><system value="http://fhir.org/guides/itech-uw/who-smart-hiv-dak/CodeSystem/concept-codes"/><concept><code value="HIV.B.DE307"/><display value="NAAT"/></concept><concept><code value="HIV.B.DE308"/><display value="Microscopy"/></concept><concept><code value="HIV.B.DE309"/><display value="Other"/></concept><concept><code value="HIV.D.DE859"/><display value="NAAT"/></concept><concept><code value="HIV.D.DE860"/><display value="Microscopy"/></concept><concept><code value="HIV.D.DE861"/><display value="Other"/></concept></include></compose></ValueSet>