<?xml version="1.0" encoding="UTF-8"?><ValueSet xmlns="http://hl7.org/fhir"><id value="hiv-c-de102"/><text><status value="extensions"/><div xmlns="http://www.w3.org/1999/xhtml"><ul><li>Include these codes as defined in <a href="CodeSystem-concept-codes.html"><code>http://fhir.org/guides/itech-uw/who-smart-hiv-dak/CodeSystem/concept-codes</code></a><table class="none"><tr><td style="white-space:nowrap"><b>Code</b></td><td><b>Display</b></td><td><b>Definition</b></td></tr><tr><td><a href="CodeSystem-concept-codes.html#concept-codes-HIV.46C.46DE102">HIV.C.DE102</a></td><td>ATV/r</td><td>Alternative third PEP drug - ATV/r</td></tr><tr><td><a href="CodeSystem-concept-codes.html#concept-codes-HIV.46C.46DE103">HIV.C.DE103</a></td><td>DRV/r</td><td>Alternative third PEP drug - DRV/r</td></tr><tr><td><a href="CodeSystem-concept-codes.html#concept-codes-HIV.46C.46DE104">HIV.C.DE104</a></td><td>LPV/r</td><td>Alternative third PEP drug - LPV/r</td></tr><tr><td><a href="CodeSystem-concept-codes.html#concept-codes-HIV.46C.46DE105">HIV.C.DE105</a></td><td>RAL</td><td>Alternative third PEP drug - RAL</td></tr></table></li></ul></div></text><url value="http://fhir.org/guides/itech-uw/ValueSet/hiv-c-de102"/><version value="0.3.0"/><name value="AlternativethirdPEPdrugCodes"/><title value="Alternative third PEP drug Codes"/><status value="draft"/><experimental value="false"/><date value="2024-05-15T17:51:55+00:00"/><publisher value="World Health Organization (WHO) "/><contact><telecom><system value="url"/><value value="https://www.who.int"/></telecom></contact><description value="Codes representing possible values for the Alternative third PEP drug element"/><jurisdiction><coding><system value="http://unstats.un.org/unsd/methods/m49/m49.htm"/><code value="001"/></coding></jurisdiction><immutable value="true"/><compose><include><system value="http://fhir.org/guides/itech-uw/who-smart-hiv-dak/CodeSystem/concept-codes"/><concept><code value="HIV.C.DE102"/><display value="ATV/r"/></concept><concept><code value="HIV.C.DE103"/><display value="DRV/r"/></concept><concept><code value="HIV.C.DE104"/><display value="LPV/r"/></concept><concept><code value="HIV.C.DE105"/><display value="RAL"/></concept></include></compose></ValueSet>