<?xml version="1.0" encoding="UTF-8"?><ValueSet xmlns="http://hl7.org/fhir"><id value="hiv-b-de9"/><text><status value="extensions"/><div xmlns="http://www.w3.org/1999/xhtml"><ul><li>Include these codes as defined in <a href="CodeSystem-concept-codes.html"><code>http://fhir.org/guides/itech-uw/who-smart-hiv-dak/CodeSystem/concept-codes</code></a><table class="none"><tr><td style="white-space:nowrap"><b>Code</b></td><td><b>Display</b></td><td><b>Definition</b></td></tr><tr><td><a href="CodeSystem-concept-codes.html#concept-codes-HIV.46B.46DE9">HIV.B.DE9</a></td><td>Biological child</td><td>Type of contact or partner for partner services - Biological child</td></tr><tr><td><a href="CodeSystem-concept-codes.html#concept-codes-HIV.46B.46DE10">HIV.B.DE10</a></td><td>Drug-injecting partner</td><td>Type of contact or partner for partner services - Drug-injecting partner</td></tr><tr><td><a href="CodeSystem-concept-codes.html#concept-codes-HIV.46B.46DE11">HIV.B.DE11</a></td><td>Sexual partner</td><td>Type of contact or partner for partner services - Sexual partner</td></tr><tr><td><a href="CodeSystem-concept-codes.html#concept-codes-HIV.46B.46DE12">HIV.B.DE12</a></td><td>Social contact</td><td>Type of contact or partner for partner services - Social contact</td></tr></table></li></ul></div></text><url value="http://fhir.org/guides/itech-uw/ValueSet/hiv-b-de9"/><version value="0.3.0"/><name value="TypeofcontactorpartnerforpartnerservicesCodes"/><title value="Type of contact or partner for partner services Codes"/><status value="draft"/><experimental value="false"/><date value="2024-04-30T19:53:06+00:00"/><publisher value="World Health Organization (WHO) "/><contact><telecom><system value="url"/><value value="https://www.who.int"/></telecom></contact><description value="Codes representing possible values for the Type of contact or partner for partner services element"/><jurisdiction><coding><system value="http://unstats.un.org/unsd/methods/m49/m49.htm"/><code value="001"/></coding></jurisdiction><immutable value="true"/><compose><include><system value="http://fhir.org/guides/itech-uw/who-smart-hiv-dak/CodeSystem/concept-codes"/><concept><code value="HIV.B.DE9"/><display value="Biological child"/></concept><concept><code value="HIV.B.DE10"/><display value="Drug-injecting partner"/></concept><concept><code value="HIV.B.DE11"/><display value="Sexual partner"/></concept><concept><code value="HIV.B.DE12"/><display value="Social contact"/></concept></include></compose></ValueSet>