<?xml version="1.0" encoding="UTF-8"?><ValueSet xmlns="http://hl7.org/fhir"><id value="hiv-b-de257"/><text><status value="extensions"/><div xmlns="http://www.w3.org/1999/xhtml"><ul><li>Include these codes as defined in <a href="CodeSystem-concept-codes.html"><code>http://fhir.org/guides/itech-uw/who-smart-hiv-dak/CodeSystem/concept-codes</code></a><table class="none"><tr><td style="white-space:nowrap"><b>Code</b></td><td><b>Display</b></td><td><b>Definition</b></td></tr><tr><td><a href="CodeSystem-concept-codes.html#concept-codes-HIV.46B.46DE257">HIV.B.DE257</a></td><td>Positive</td><td>Gonorrhoea test result - Positive</td></tr><tr><td><a href="CodeSystem-concept-codes.html#concept-codes-HIV.46B.46DE258">HIV.B.DE258</a></td><td>Negative</td><td>Gonorrhoea test result - Negative</td></tr><tr><td><a href="CodeSystem-concept-codes.html#concept-codes-HIV.46B.46DE259">HIV.B.DE259</a></td><td>Inconclusive</td><td>Gonorrhoea test result - Inconclusive</td></tr><tr><td><a href="CodeSystem-concept-codes.html#concept-codes-HIV.46D.46DE809">HIV.D.DE809</a></td><td>Positive</td><td>Gonorrhoea test result - Positive</td></tr><tr><td><a href="CodeSystem-concept-codes.html#concept-codes-HIV.46D.46DE810">HIV.D.DE810</a></td><td>Negative</td><td>Gonorrhoea test result - Negative</td></tr><tr><td><a href="CodeSystem-concept-codes.html#concept-codes-HIV.46D.46DE811">HIV.D.DE811</a></td><td>Inconclusive</td><td>Gonorrhoea test result - Inconclusive</td></tr></table></li></ul></div></text><url value="http://fhir.org/guides/itech-uw/ValueSet/hiv-b-de257"/><version value="0.3.0"/><name value="GonorrhoeatestresultCodes"/><title value="Gonorrhoea test result Codes"/><status value="draft"/><experimental value="false"/><date value="2024-04-30T19:53:06+00:00"/><publisher value="World Health Organization (WHO) "/><contact><telecom><system value="url"/><value value="https://www.who.int"/></telecom></contact><description value="Codes representing possible values for the Gonorrhoea test result element"/><jurisdiction><coding><system value="http://unstats.un.org/unsd/methods/m49/m49.htm"/><code value="001"/></coding></jurisdiction><immutable value="true"/><compose><include><system value="http://fhir.org/guides/itech-uw/who-smart-hiv-dak/CodeSystem/concept-codes"/><concept><code value="HIV.B.DE257"/><display value="Positive"/></concept><concept><code value="HIV.B.DE258"/><display value="Negative"/></concept><concept><code value="HIV.B.DE259"/><display value="Inconclusive"/></concept><concept><code value="HIV.D.DE809"/><display value="Positive"/></concept><concept><code value="HIV.D.DE810"/><display value="Negative"/></concept><concept><code value="HIV.D.DE811"/><display value="Inconclusive"/></concept></include></compose></ValueSet>