<?xml version="1.0" encoding="UTF-8"?><ValueSet xmlns="http://hl7.org/fhir"><id value="hiv-b-de133"/><text><status value="extensions"/><div xmlns="http://www.w3.org/1999/xhtml"><ul><li>Include these codes as defined in <a href="CodeSystem-concept-codes.html"><code>http://fhir.org/guides/itech-uw/who-smart-hiv-dak/CodeSystem/concept-codes</code></a><table class="none"><tr><td style="white-space:nowrap"><b>Code</b></td><td><b>Display</b></td><td><b>Definition</b></td></tr><tr><td><a href="CodeSystem-concept-codes.html#concept-codes-HIV.46B.46DE133">HIV.B.DE133</a></td><td>HIV-positive</td><td>Partner HIV test result - HIV-positive</td></tr><tr><td><a href="CodeSystem-concept-codes.html#concept-codes-HIV.46B.46DE134">HIV.B.DE134</a></td><td>HIV-negative</td><td>Partner HIV test result - HIV-negative</td></tr><tr><td><a href="CodeSystem-concept-codes.html#concept-codes-HIV.46B.46DE135">HIV.B.DE135</a></td><td>HIV-inconclusive</td><td>Partner HIV test result - HIV-inconclusive</td></tr></table></li></ul></div></text><url value="http://fhir.org/guides/itech-uw/ValueSet/hiv-b-de133"/><version value="0.3.0"/><name value="PartnerHIVtestresultCodes"/><title value="Partner HIV test result Codes"/><status value="draft"/><experimental value="false"/><date value="2024-06-10T14:32:54+00:00"/><publisher value="World Health Organization (WHO) "/><contact><telecom><system value="url"/><value value="https://www.who.int"/></telecom></contact><description value="Codes representing possible values for the Partner HIV test result element"/><jurisdiction><coding><system value="http://unstats.un.org/unsd/methods/m49/m49.htm"/><code value="001"/></coding></jurisdiction><immutable value="true"/><compose><include><system value="http://fhir.org/guides/itech-uw/who-smart-hiv-dak/CodeSystem/concept-codes"/><concept><code value="HIV.B.DE133"/><display value="HIV-positive"/></concept><concept><code value="HIV.B.DE134"/><display value="HIV-negative"/></concept><concept><code value="HIV.B.DE135"/><display value="HIV-inconclusive"/></concept></include></compose></ValueSet>