<?xml version="1.0" encoding="UTF-8"?><ValueSet xmlns="http://hl7.org/fhir"><id value="hiv-h-de14"/><text><status value="extensions"/><div xmlns="http://www.w3.org/1999/xhtml"><ul><li>Include these codes as defined in <a href="CodeSystem-concept-codes.html"><code>http://fhir.org/guides/itech-uw/who-smart-hiv-dak/CodeSystem/concept-codes</code></a><table class="none"><tr><td style="white-space:nowrap"><b>Code</b></td><td><b>Display</b></td><td><b>Definition</b></td></tr><tr><td><a href="CodeSystem-concept-codes.html#concept-codes-HIV.46H.46DE14">HIV.H.DE14</a></td><td>Home visit</td><td>Contact method - Home visit</td></tr><tr><td><a href="CodeSystem-concept-codes.html#concept-codes-HIV.46H.46DE15">HIV.H.DE15</a></td><td>Text message</td><td>Contact method - Text message</td></tr><tr><td><a href="CodeSystem-concept-codes.html#concept-codes-HIV.46H.46DE16">HIV.H.DE16</a></td><td>Phone</td><td>Contact method - Phone</td></tr></table></li></ul></div></text><url value="http://fhir.org/guides/itech-uw/ValueSet/hiv-h-de14"/><version value="0.3.0"/><name value="ContactmethodCodes"/><title value="Contact method Codes"/><status value="draft"/><experimental value="false"/><date value="2024-06-10T14:32:54+00:00"/><publisher value="World Health Organization (WHO) "/><contact><telecom><system value="url"/><value value="https://www.who.int"/></telecom></contact><description value="Codes representing possible values for the Contact method element"/><jurisdiction><coding><system value="http://unstats.un.org/unsd/methods/m49/m49.htm"/><code value="001"/></coding></jurisdiction><immutable value="true"/><compose><include><system value="http://fhir.org/guides/itech-uw/who-smart-hiv-dak/CodeSystem/concept-codes"/><concept><code value="HIV.H.DE14"/><display value="Home visit"/></concept><concept><code value="HIV.H.DE15"/><display value="Text message"/></concept><concept><code value="HIV.H.DE16"/><display value="Phone"/></concept></include></compose></ValueSet>