<?xml version="1.0" encoding="UTF-8"?><ValueSet xmlns="http://hl7.org/fhir"><id value="hiv-e-de53"/><text><status value="extensions"/><div xmlns="http://www.w3.org/1999/xhtml"><ul><li>Include these codes as defined in <a href="CodeSystem-concept-codes.html"><code>http://fhir.org/guides/itech-uw/who-smart-hiv-dak/CodeSystem/concept-codes</code></a><table class="none"><tr><td style="white-space:nowrap"><b>Code</b></td><td><b>Display</b></td><td><b>Definition</b></td></tr><tr><td><a href="CodeSystem-concept-codes.html#concept-codes-HIV.46E.46DE53">HIV.E.DE53</a></td><td>Spontaneous vaginal delivery</td><td>Delivery mode - Spontaneous vaginal delivery</td></tr><tr><td><a href="CodeSystem-concept-codes.html#concept-codes-HIV.46E.46DE54">HIV.E.DE54</a></td><td>Assisted vaginal delivery</td><td>Delivery mode - Assisted vaginal delivery</td></tr><tr><td><a href="CodeSystem-concept-codes.html#concept-codes-HIV.46E.46DE55">HIV.E.DE55</a></td><td>Caesarian section (C/S, operative delivery)</td><td>Delivery mode - Caesarian section (C/S, operative delivery)</td></tr></table></li></ul></div></text><url value="http://fhir.org/guides/itech-uw/ValueSet/hiv-e-de53"/><version value="0.3.0"/><name value="DeliverymodeCodes"/><title value="Delivery mode Codes"/><status value="draft"/><experimental value="false"/><date value="2024-04-30T19:24:27+00:00"/><publisher value="World Health Organization (WHO) "/><contact><telecom><system value="url"/><value value="https://www.who.int"/></telecom></contact><description value="Codes representing possible values for the Delivery mode element"/><jurisdiction><coding><system value="http://unstats.un.org/unsd/methods/m49/m49.htm"/><code value="001"/></coding></jurisdiction><immutable value="true"/><compose><include><system value="http://fhir.org/guides/itech-uw/who-smart-hiv-dak/CodeSystem/concept-codes"/><concept><code value="HIV.E.DE53"/><display value="Spontaneous vaginal delivery"/></concept><concept><code value="HIV.E.DE54"/><display value="Assisted vaginal delivery"/></concept><concept><code value="HIV.E.DE55"/><display value="Caesarian section (C/S, operative delivery)"/></concept></include></compose></ValueSet>