<?xml version="1.0" encoding="UTF-8"?><ValueSet xmlns="http://hl7.org/fhir"><id value="hiv-b-de62"/><text><status value="extensions"/><div xmlns="http://www.w3.org/1999/xhtml"><ul><li>Include these codes as defined in <a href="CodeSystem-concept-codes.html"><code>http://fhir.org/guides/itech-uw/who-smart-hiv-dak/CodeSystem/concept-codes</code></a><table class="none"><tr><td style="white-space:nowrap"><b>Code</b></td><td><b>Display</b></td><td><b>Definition</b></td></tr><tr><td><a href="CodeSystem-concept-codes.html#concept-codes-HIV.46B.46DE62">HIV.B.DE62</a></td><td>Occupational</td><td>HIV exposure type* - Occupational</td></tr><tr><td><a href="CodeSystem-concept-codes.html#concept-codes-HIV.46B.46DE63">HIV.B.DE63</a></td><td>Non-occupational violent</td><td>HIV exposure type* - Non-occupational violent</td></tr><tr><td><a href="CodeSystem-concept-codes.html#concept-codes-HIV.46B.46DE64">HIV.B.DE64</a></td><td>Non-occupational consensual sex</td><td>HIV exposure type* - Non-occupational consensual sex</td></tr></table></li></ul></div></text><url value="http://fhir.org/guides/itech-uw/ValueSet/hiv-b-de62"/><version value="0.3.0"/><name value="HIVexposuretype*Codes"/><title value="HIV exposure type* Codes"/><status value="draft"/><experimental value="false"/><date value="2024-04-30T19:50:03+00:00"/><publisher value="World Health Organization (WHO) "/><contact><telecom><system value="url"/><value value="https://www.who.int"/></telecom></contact><description value="Codes representing possible values for the HIV exposure type* element"/><jurisdiction><coding><system value="http://unstats.un.org/unsd/methods/m49/m49.htm"/><code value="001"/></coding></jurisdiction><immutable value="true"/><compose><include><system value="http://fhir.org/guides/itech-uw/who-smart-hiv-dak/CodeSystem/concept-codes"/><concept><code value="HIV.B.DE62"/><display value="Occupational"/></concept><concept><code value="HIV.B.DE63"/><display value="Non-occupational violent"/></concept><concept><code value="HIV.B.DE64"/><display value="Non-occupational consensual sex"/></concept></include></compose></ValueSet>