<?xml version="1.0" encoding="UTF-8"?><ValueSet xmlns="http://hl7.org/fhir"><id value="hiv-d-de171"/><text><status value="extensions"/><div xmlns="http://www.w3.org/1999/xhtml"><ul><li>Include these codes as defined in <a href="CodeSystem-concept-codes.html"><code>http://fhir.org/guides/itech-uw/who-smart-hiv-dak/CodeSystem/concept-codes</code></a><table class="none"><tr><td style="white-space:nowrap"><b>Code</b></td><td><b>Display</b></td><td><b>Definition</b></td></tr><tr><td><a href="CodeSystem-concept-codes.html#concept-codes-HIV.46D.46DE171">HIV.D.DE171</a></td><td>Positive</td><td>HCV test result - Positive</td></tr><tr><td><a href="CodeSystem-concept-codes.html#concept-codes-HIV.46D.46DE172">HIV.D.DE172</a></td><td>Negative</td><td>HCV test result - Negative</td></tr><tr><td><a href="CodeSystem-concept-codes.html#concept-codes-HIV.46D.46DE173">HIV.D.DE173</a></td><td>Indeterminate</td><td>HCV test result - Indeterminate</td></tr><tr><td><a href="CodeSystem-concept-codes.html#concept-codes-HIV.46G.46DE44">HIV.G.DE44</a></td><td>Positive</td><td>HCV test result - Positive</td></tr><tr><td><a href="CodeSystem-concept-codes.html#concept-codes-HIV.46G.46DE45">HIV.G.DE45</a></td><td>Negative</td><td>HCV test result - Negative</td></tr><tr><td><a href="CodeSystem-concept-codes.html#concept-codes-HIV.46G.46DE46">HIV.G.DE46</a></td><td>Indeterminate</td><td>HCV test result - Indeterminate</td></tr></table></li></ul></div></text><url value="http://fhir.org/guides/itech-uw/ValueSet/hiv-d-de171"/><version value="0.3.0"/><name value="HCVtestresultCodes"/><title value="HCV test result Codes"/><status value="draft"/><experimental value="false"/><date value="2024-06-10T14:32:54+00:00"/><publisher value="World Health Organization (WHO) "/><contact><telecom><system value="url"/><value value="https://www.who.int"/></telecom></contact><description value="Codes representing possible values for the HCV test result element"/><jurisdiction><coding><system value="http://unstats.un.org/unsd/methods/m49/m49.htm"/><code value="001"/></coding></jurisdiction><immutable value="true"/><compose><include><system value="http://fhir.org/guides/itech-uw/who-smart-hiv-dak/CodeSystem/concept-codes"/><concept><code value="HIV.D.DE171"/><display value="Positive"/></concept><concept><code value="HIV.D.DE172"/><display value="Negative"/></concept><concept><code value="HIV.D.DE173"/><display value="Indeterminate"/></concept><concept><code value="HIV.G.DE44"/><display value="Positive"/></concept><concept><code value="HIV.G.DE45"/><display value="Negative"/></concept><concept><code value="HIV.G.DE46"/><display value="Indeterminate"/></concept></include></compose></ValueSet>