<?xml version="1.0" encoding="UTF-8"?><ValueSet xmlns="http://hl7.org/fhir"><id value="hiv-d-de637"/><text><status value="extensions"/><div xmlns="http://www.w3.org/1999/xhtml"><ul><li>Include these codes as defined in <a href="CodeSystem-concept-codes.html"><code>http://fhir.org/guides/itech-uw/who-smart-hiv-dak/CodeSystem/concept-codes</code></a><table class="none"><tr><td style="white-space:nowrap"><b>Code</b></td><td><b>Display</b></td><td><b>Definition</b></td></tr><tr><td><a href="CodeSystem-concept-codes.html#concept-codes-HIV.46D.46DE637">HIV.D.DE637</a></td><td>Stock-out</td><td>Reason immunization was not provided - Stock-out</td></tr><tr><td><a href="CodeSystem-concept-codes.html#concept-codes-HIV.46D.46DE638">HIV.D.DE638</a></td><td>Client is ill</td><td>Reason immunization was not provided - Client is ill</td></tr><tr><td><a href="CodeSystem-concept-codes.html#concept-codes-HIV.46D.46DE639">HIV.D.DE639</a></td><td>Client refused</td><td>Reason immunization was not provided - Client refused</td></tr><tr><td><a href="CodeSystem-concept-codes.html#concept-codes-HIV.46D.46DE640">HIV.D.DE640</a></td><td>Allergy to vaccine</td><td>Reason immunization was not provided - Allergy to vaccine</td></tr><tr><td><a href="CodeSystem-concept-codes.html#concept-codes-HIV.46D.46DE641">HIV.D.DE641</a></td><td>Other reason immunization not provided</td><td>Reason immunization was not provided - Other reason immunization not provided</td></tr></table></li></ul></div></text><url value="http://fhir.org/guides/itech-uw/ValueSet/hiv-d-de637"/><version value="0.3.0"/><name value="ReasonimmunizationwasnotprovidedCodes"/><title value="Reason immunization was not provided Codes"/><status value="draft"/><experimental value="false"/><date value="2024-05-15T17:51:55+00:00"/><publisher value="World Health Organization (WHO) "/><contact><telecom><system value="url"/><value value="https://www.who.int"/></telecom></contact><description value="Codes representing possible values for the Reason immunization was not provided element"/><jurisdiction><coding><system value="http://unstats.un.org/unsd/methods/m49/m49.htm"/><code value="001"/></coding></jurisdiction><immutable value="true"/><compose><include><system value="http://fhir.org/guides/itech-uw/who-smart-hiv-dak/CodeSystem/concept-codes"/><concept><code value="HIV.D.DE637"/><display value="Stock-out"/></concept><concept><code value="HIV.D.DE638"/><display value="Client is ill"/></concept><concept><code value="HIV.D.DE639"/><display value="Client refused"/></concept><concept><code value="HIV.D.DE640"/><display value="Allergy to vaccine"/></concept><concept><code value="HIV.D.DE641"/><display value="Other reason immunization not provided"/></concept></include></compose></ValueSet>