<?xml version="1.0" encoding="UTF-8"?><ValueSet xmlns="http://hl7.org/fhir"><id value="hiv-h-de2"/><text><status value="extensions"/><div xmlns="http://www.w3.org/1999/xhtml"><ul><li>Include these codes as defined in <a href="CodeSystem-concept-codes.html"><code>http://fhir.org/guides/itech-uw/who-smart-hiv-dak/CodeSystem/concept-codes</code></a><table class="none"><tr><td style="white-space:nowrap"><b>Code</b></td><td><b>Display</b></td><td><b>Definition</b></td></tr><tr><td><a href="CodeSystem-concept-codes.html#concept-codes-HIV.46H.46DE2">HIV.H.DE2</a></td><td>Missed care visit</td><td>Reason for follow-up - Missed care visit</td></tr><tr><td><a href="CodeSystem-concept-codes.html#concept-codes-HIV.46H.46DE3">HIV.H.DE3</a></td><td>Missed medication pickup</td><td>Reason for follow-up - Missed medication pickup</td></tr><tr><td><a href="CodeSystem-concept-codes.html#concept-codes-HIV.46H.46DE4">HIV.H.DE4</a></td><td>Did not initiate ART</td><td>Reason for follow-up - Did not initiate ART</td></tr><tr><td><a href="CodeSystem-concept-codes.html#concept-codes-HIV.46H.46DE5">HIV.H.DE5</a></td><td>Incomplete visit</td><td>Reason for follow-up - Incomplete visit</td></tr><tr><td><a href="CodeSystem-concept-codes.html#concept-codes-HIV.46H.46DE6">HIV.H.DE6</a></td><td>Inconclusive HIV status</td><td>Reason for follow-up - Inconclusive HIV status</td></tr><tr><td><a href="CodeSystem-concept-codes.html#concept-codes-HIV.46H.46DE7">HIV.H.DE7</a></td><td>Test results received</td><td>Reason for follow-up - Test results received</td></tr><tr><td><a href="CodeSystem-concept-codes.html#concept-codes-HIV.46H.46DE8">HIV.H.DE8</a></td><td>Other follow-up reason</td><td>Reason for follow-up - Other follow-up reason</td></tr></table></li></ul></div></text><url value="http://fhir.org/guides/itech-uw/ValueSet/hiv-h-de2"/><version value="0.3.0"/><name value="ReasonforfollowupCodes"/><title value="Reason for follow-up Codes"/><status value="draft"/><experimental value="false"/><date value="2024-04-30T19:53:06+00:00"/><publisher value="World Health Organization (WHO) "/><contact><telecom><system value="url"/><value value="https://www.who.int"/></telecom></contact><description value="Codes representing possible values for the Reason for follow-up element"/><jurisdiction><coding><system value="http://unstats.un.org/unsd/methods/m49/m49.htm"/><code value="001"/></coding></jurisdiction><immutable value="true"/><compose><include><system value="http://fhir.org/guides/itech-uw/who-smart-hiv-dak/CodeSystem/concept-codes"/><concept><code value="HIV.H.DE2"/><display value="Missed care visit"/></concept><concept><code value="HIV.H.DE3"/><display value="Missed medication pickup"/></concept><concept><code value="HIV.H.DE4"/><display value="Did not initiate ART"/></concept><concept><code value="HIV.H.DE5"/><display value="Incomplete visit"/></concept><concept><code value="HIV.H.DE6"/><display value="Inconclusive HIV status"/></concept><concept><code value="HIV.H.DE7"/><display value="Test results received"/></concept><concept><code value="HIV.H.DE8"/><display value="Other follow-up reason"/></concept></include></compose></ValueSet>