<?xml version="1.0" encoding="UTF-8"?><ValueSet xmlns="http://hl7.org/fhir"><id value="hiv-d-de904"/><text><status value="extensions"/><div xmlns="http://www.w3.org/1999/xhtml"><ul><li>Include these codes as defined in <a href="CodeSystem-concept-codes.html"><code>http://fhir.org/guides/itech-uw/who-smart-hiv-dak/CodeSystem/concept-codes</code></a><table class="none"><tr><td style="white-space:nowrap"><b>Code</b></td><td><b>Display</b></td><td><b>Definition</b></td></tr><tr><td><a href="CodeSystem-concept-codes.html#concept-codes-HIV.46D.46DE904">HIV.D.DE904</a></td><td>Rifampicin</td><td>Medication/drug - Rifampicin</td></tr><tr><td><a href="CodeSystem-concept-codes.html#concept-codes-HIV.46D.46DE905">HIV.D.DE905</a></td><td>Halofantrine</td><td>Medication/drug - Halofantrine</td></tr><tr><td><a href="CodeSystem-concept-codes.html#concept-codes-HIV.46D.46DE906">HIV.D.DE906</a></td><td>Lovastatin</td><td>Medication/drug - Lovastatin</td></tr><tr><td><a href="CodeSystem-concept-codes.html#concept-codes-HIV.46D.46DE907">HIV.D.DE907</a></td><td>Simvastatin</td><td>Medication/drug - Simvastatin</td></tr><tr><td><a href="CodeSystem-concept-codes.html#concept-codes-HIV.46D.46DE908">HIV.D.DE908</a></td><td>Hormonal contraception</td><td>Medication/drug - Hormonal contraception</td></tr><tr><td><a href="CodeSystem-concept-codes.html#concept-codes-HIV.46D.46DE909">HIV.D.DE909</a></td><td>Metformin</td><td>Medication/drug - Metformin</td></tr><tr><td><a href="CodeSystem-concept-codes.html#concept-codes-HIV.46D.46DE910">HIV.D.DE910</a></td><td>Astemizole</td><td>Medication/drug - Astemizole</td></tr><tr><td><a href="CodeSystem-concept-codes.html#concept-codes-HIV.46D.46DE911">HIV.D.DE911</a></td><td>Terfenadine</td><td>Medication/drug - Terfenadine</td></tr><tr><td><a href="CodeSystem-concept-codes.html#concept-codes-HIV.46D.46DE912">HIV.D.DE912</a></td><td>TDF</td><td>Medication/drug - TDF</td></tr><tr><td><a href="CodeSystem-concept-codes.html#concept-codes-HIV.46D.46DE913">HIV.D.DE913</a></td><td>Simeprevir</td><td>Medication/drug - Simeprevir</td></tr><tr><td><a href="CodeSystem-concept-codes.html#concept-codes-HIV.46D.46DE914">HIV.D.DE914</a></td><td>Ombitasvir + paritaprevir/ritonavir + dasabuvir</td><td>Medication/drug - Ombitasvir + paritaprevir/ritonavir + dasabuvir</td></tr><tr><td><a href="CodeSystem-concept-codes.html#concept-codes-HIV.46D.46DE915">HIV.D.DE915</a></td><td>Methadone</td><td>Medication/drug - Methadone</td></tr><tr><td><a href="CodeSystem-concept-codes.html#concept-codes-HIV.46D.46DE916">HIV.D.DE916</a></td><td>Buprenorphine</td><td>Medication/drug - Buprenorphine</td></tr><tr><td><a href="CodeSystem-concept-codes.html#concept-codes-HIV.46D.46DE917">HIV.D.DE917</a></td><td>Dofetilide</td><td>Medication/drug - Dofetilide</td></tr><tr><td><a href="CodeSystem-concept-codes.html#concept-codes-HIV.46D.46DE918">HIV.D.DE918</a></td><td>Carbamazepine</td><td>Medication/drug - Carbamazepine</td></tr><tr><td><a href="CodeSystem-concept-codes.html#concept-codes-HIV.46D.46DE919">HIV.D.DE919</a></td><td>Phenobarbital</td><td>Medication/drug - Phenobarbital</td></tr><tr><td><a href="CodeSystem-concept-codes.html#concept-codes-HIV.46D.46DE920">HIV.D.DE920</a></td><td>Phenytoin</td><td>Medication/drug - Phenytoin</td></tr><tr><td><a href="CodeSystem-concept-codes.html#concept-codes-HIV.46D.46DE921">HIV.D.DE921</a></td><td>Polyvalent cation products containing Mg, Al, Fe, Ca and Zn</td><td>Medication/drug - Polyvalent cation products containing Mg, Al, Fe, Ca and Zn</td></tr><tr><td><a href="CodeSystem-concept-codes.html#concept-codes-HIV.46D.46DE922">HIV.D.DE922</a></td><td>Amodiaquine</td><td>Medication/drug - Amodiaquine</td></tr><tr><td><a href="CodeSystem-concept-codes.html#concept-codes-HIV.46D.46DE923">HIV.D.DE923</a></td><td>Cisapride</td><td>Medication/drug - Cisapride</td></tr><tr><td><a href="CodeSystem-concept-codes.html#concept-codes-HIV.46D.46DE924">HIV.D.DE924</a></td><td>Ergotamine</td><td>Medication/drug - Ergotamine</td></tr><tr><td><a href="CodeSystem-concept-codes.html#concept-codes-HIV.46D.46DE925">HIV.D.DE925</a></td><td>Dihydroergotamine</td><td>Medication/drug - Dihydroergotamine</td></tr><tr><td><a href="CodeSystem-concept-codes.html#concept-codes-HIV.46D.46DE926">HIV.D.DE926</a></td><td>Midazolam</td><td>Medication/drug - Midazolam</td></tr><tr><td><a href="CodeSystem-concept-codes.html#concept-codes-HIV.46D.46DE927">HIV.D.DE927</a></td><td>Triazolam</td><td>Medication/drug - Triazolam</td></tr><tr><td><a href="CodeSystem-concept-codes.html#concept-codes-HIV.46D.46DE928">HIV.D.DE928</a></td><td>Estrogen-based hormonal contraception</td><td>Medication/drug - Estrogen-based hormonal contraception</td></tr><tr><td><a href="CodeSystem-concept-codes.html#concept-codes-HIV.46D.46DE929">HIV.D.DE929</a></td><td>Ribavirin</td><td>Medication/drug - Ribavirin</td></tr><tr><td><a href="CodeSystem-concept-codes.html#concept-codes-HIV.46D.46DE930">HIV.D.DE930</a></td><td>Peginterferon alfa-2a</td><td>Medication/drug - Peginterferon alfa-2a</td></tr><tr><td><a href="CodeSystem-concept-codes.html#concept-codes-HIV.46D.46DE931">HIV.D.DE931</a></td><td>Other</td><td>Medication/drug - Other</td></tr></table></li></ul></div></text><url value="http://fhir.org/guides/itech-uw/ValueSet/hiv-d-de904"/><version value="0.3.0"/><name value="MedicationdrugCodes"/><title value="Medication/drug Codes"/><status value="draft"/><experimental value="false"/><date value="2024-05-15T17:51:55+00:00"/><publisher value="World Health Organization (WHO) "/><contact><telecom><system value="url"/><value value="https://www.who.int"/></telecom></contact><description value="Codes representing possible values for the Medication/drug element"/><jurisdiction><coding><system value="http://unstats.un.org/unsd/methods/m49/m49.htm"/><code value="001"/></coding></jurisdiction><immutable value="true"/><compose><include><system value="http://fhir.org/guides/itech-uw/who-smart-hiv-dak/CodeSystem/concept-codes"/><concept><code value="HIV.D.DE904"/><display value="Rifampicin"/></concept><concept><code value="HIV.D.DE905"/><display value="Halofantrine"/></concept><concept><code value="HIV.D.DE906"/><display value="Lovastatin"/></concept><concept><code value="HIV.D.DE907"/><display value="Simvastatin"/></concept><concept><code value="HIV.D.DE908"/><display value="Hormonal contraception"/></concept><concept><code value="HIV.D.DE909"/><display value="Metformin"/></concept><concept><code value="HIV.D.DE910"/><display value="Astemizole"/></concept><concept><code value="HIV.D.DE911"/><display value="Terfenadine"/></concept><concept><code value="HIV.D.DE912"/><display value="TDF"/></concept><concept><code value="HIV.D.DE913"/><display value="Simeprevir"/></concept><concept><code value="HIV.D.DE914"/><display value="Ombitasvir + paritaprevir/ritonavir + dasabuvir"/></concept><concept><code value="HIV.D.DE915"/><display value="Methadone"/></concept><concept><code value="HIV.D.DE916"/><display value="Buprenorphine"/></concept><concept><code value="HIV.D.DE917"/><display value="Dofetilide"/></concept><concept><code value="HIV.D.DE918"/><display value="Carbamazepine"/></concept><concept><code value="HIV.D.DE919"/><display value="Phenobarbital"/></concept><concept><code value="HIV.D.DE920"/><display value="Phenytoin"/></concept><concept><code value="HIV.D.DE921"/><display value="Polyvalent cation products containing Mg, Al, Fe, Ca and Zn"/></concept><concept><code value="HIV.D.DE922"/><display value="Amodiaquine"/></concept><concept><code value="HIV.D.DE923"/><display value="Cisapride"/></concept><concept><code value="HIV.D.DE924"/><display value="Ergotamine"/></concept><concept><code value="HIV.D.DE925"/><display value="Dihydroergotamine"/></concept><concept><code value="HIV.D.DE926"/><display value="Midazolam"/></concept><concept><code value="HIV.D.DE927"/><display value="Triazolam"/></concept><concept><code value="HIV.D.DE928"/><display value="Estrogen-based hormonal contraception"/></concept><concept><code value="HIV.D.DE929"/><display value="Ribavirin"/></concept><concept><code value="HIV.D.DE930"/><display value="Peginterferon alfa-2a"/></concept><concept><code value="HIV.D.DE931"/><display value="Other"/></concept></include></compose></ValueSet>