<?xml version="1.0" encoding="UTF-8"?><ValueSet xmlns="http://hl7.org/fhir"><id value="hiv-g-de23"/><text><status value="extensions"/><div xmlns="http://www.w3.org/1999/xhtml"><ul><li>Include these codes as defined in <a href="CodeSystem-concept-codes.html"><code>http://fhir.org/guides/itech-uw/who-smart-hiv-dak/CodeSystem/concept-codes</code></a><table class="none"><tr><td style="white-space:nowrap"><b>Code</b></td><td><b>Display</b></td><td><b>Definition</b></td></tr><tr><td><a href="CodeSystem-concept-codes.html#concept-codes-HIV.46G.46DE23">HIV.G.DE23</a></td><td>Test delayed to next contact or referred</td><td>Reason Hepatitis B test not conducted - Test delayed to next contact or referred</td></tr><tr><td><a href="CodeSystem-concept-codes.html#concept-codes-HIV.46G.46DE24">HIV.G.DE24</a></td><td>Stock-out or expired</td><td>Reason Hepatitis B test not conducted - Stock-out or expired</td></tr><tr><td><a href="CodeSystem-concept-codes.html#concept-codes-HIV.46G.46DE25">HIV.G.DE25</a></td><td>Machine or technician not available or machine not functioning</td><td>Reason Hepatitis B test not conducted - Machine or technician not available or machine not functioning</td></tr><tr><td><a href="CodeSystem-concept-codes.html#concept-codes-HIV.46G.46DE26">HIV.G.DE26</a></td><td>Client declined / refused test</td><td>Reason Hepatitis B test not conducted - Client declined / refused test</td></tr><tr><td><a href="CodeSystem-concept-codes.html#concept-codes-HIV.46G.46DE27">HIV.G.DE27</a></td><td>Other</td><td>Reason Hepatitis B test not conducted - Other</td></tr></table></li></ul></div></text><url value="http://fhir.org/guides/itech-uw/ValueSet/hiv-g-de23"/><version value="0.3.0"/><name value="ReasonHepatitisBtestnotconductedCodes"/><title value="Reason Hepatitis B test not conducted Codes"/><status value="draft"/><experimental value="false"/><date value="2024-04-30T19:24:27+00:00"/><publisher value="World Health Organization (WHO) "/><contact><telecom><system value="url"/><value value="https://www.who.int"/></telecom></contact><description value="Codes representing possible values for the Reason Hepatitis B test not conducted element"/><jurisdiction><coding><system value="http://unstats.un.org/unsd/methods/m49/m49.htm"/><code value="001"/></coding></jurisdiction><immutable value="true"/><compose><include><system value="http://fhir.org/guides/itech-uw/who-smart-hiv-dak/CodeSystem/concept-codes"/><concept><code value="HIV.G.DE23"/><display value="Test delayed to next contact or referred"/></concept><concept><code value="HIV.G.DE24"/><display value="Stock-out or expired"/></concept><concept><code value="HIV.G.DE25"/><display value="Machine or technician not available or machine not functioning"/></concept><concept><code value="HIV.G.DE26"/><display value="Client declined / refused test"/></concept><concept><code value="HIV.G.DE27"/><display value="Other"/></concept></include></compose></ValueSet>