<?xml version="1.0" encoding="UTF-8"?><ValueSet xmlns="http://hl7.org/fhir"><id value="hiv-d-de957"/><text><status value="extensions"/><div xmlns="http://www.w3.org/1999/xhtml"><ul><li>Include these codes as defined in <a href="CodeSystem-concept-codes.html"><code>http://fhir.org/guides/itech-uw/who-smart-hiv-dak/CodeSystem/concept-codes</code></a><table class="none"><tr><td style="white-space:nowrap"><b>Code</b></td><td><b>Display</b></td><td><b>Definition</b></td></tr><tr><td><a href="CodeSystem-concept-codes.html#concept-codes-HIV.46D.46DE957">HIV.D.DE957</a></td><td>Screening with cough</td><td>TB screening algorithm - Screening with cough</td></tr><tr><td><a href="CodeSystem-concept-codes.html#concept-codes-HIV.46D.46DE958">HIV.D.DE958</a></td><td>Screening with any TB symptom</td><td>TB screening algorithm - Screening with any TB symptom</td></tr><tr><td><a href="CodeSystem-concept-codes.html#concept-codes-HIV.46D.46DE959">HIV.D.DE959</a></td><td>W4SS single screening algorithm</td><td>TB screening algorithm - W4SS single screening algorithm</td></tr><tr><td><a href="CodeSystem-concept-codes.html#concept-codes-HIV.46D.46DE960">HIV.D.DE960</a></td><td>CRP single screening algorithm</td><td>TB screening algorithm - CRP single screening algorithm</td></tr><tr><td><a href="CodeSystem-concept-codes.html#concept-codes-HIV.46D.46DE961">HIV.D.DE961</a></td><td>CXR single screening algorithm</td><td>TB screening algorithm - CXR single screening algorithm</td></tr><tr><td><a href="CodeSystem-concept-codes.html#concept-codes-HIV.46D.46DE962">HIV.D.DE962</a></td><td>Parallel screening algorithm with W4SS and CRP</td><td>TB screening algorithm - Parallel screening algorithm with W4SS and CRP</td></tr><tr><td><a href="CodeSystem-concept-codes.html#concept-codes-HIV.46D.46DE963">HIV.D.DE963</a></td><td>Sequential positive screening algorithm with W4SS and CRP</td><td>TB screening algorithm - Sequential positive screening algorithm with W4SS and CRP</td></tr><tr><td><a href="CodeSystem-concept-codes.html#concept-codes-HIV.46D.46DE964">HIV.D.DE964</a></td><td>Sequential negative screening algorithm with W4SS and CRP</td><td>TB screening algorithm - Sequential negative screening algorithm with W4SS and CRP</td></tr><tr><td><a href="CodeSystem-concept-codes.html#concept-codes-HIV.46D.46DE965">HIV.D.DE965</a></td><td>Parallel screening algorithm with W4SS and CXR</td><td>TB screening algorithm - Parallel screening algorithm with W4SS and CXR</td></tr><tr><td><a href="CodeSystem-concept-codes.html#concept-codes-HIV.46D.46DE966">HIV.D.DE966</a></td><td>Sequential positive screening algorithm with W4SS and CXR</td><td>TB screening algorithm - Sequential positive screening algorithm with W4SS and CXR</td></tr><tr><td><a href="CodeSystem-concept-codes.html#concept-codes-HIV.46D.46DE967">HIV.D.DE967</a></td><td>Sequential negative screening algorithm with W4SS and CXR</td><td>TB screening algorithm - Sequential negative screening algorithm with W4SS and CXR</td></tr><tr><td><a href="CodeSystem-concept-codes.html#concept-codes-HIV.46D.46DE968">HIV.D.DE968</a></td><td>Screening with mWRD</td><td>TB screening algorithm - Screening with mWRD</td></tr><tr><td><a href="CodeSystem-concept-codes.html#concept-codes-HIV.46D.46DE969">HIV.D.DE969</a></td><td>Clinical assessment</td><td>TB screening algorithm - Clinical assessment</td></tr><tr><td><a href="CodeSystem-concept-codes.html#concept-codes-HIV.46D.46DE970">HIV.D.DE970</a></td><td>Other TB screening algorithm</td><td>TB screening algorithm - Other TB screening algorithm</td></tr></table></li></ul></div></text><url value="http://fhir.org/guides/itech-uw/ValueSet/hiv-d-de957"/><version value="0.3.0"/><name value="TBscreeningalgorithmCodes"/><title value="TB screening algorithm Codes"/><status value="draft"/><experimental value="false"/><date value="2024-04-30T19:50:03+00:00"/><publisher value="World Health Organization (WHO) "/><contact><telecom><system value="url"/><value value="https://www.who.int"/></telecom></contact><description value="Codes representing possible values for the TB screening algorithm element"/><jurisdiction><coding><system value="http://unstats.un.org/unsd/methods/m49/m49.htm"/><code value="001"/></coding></jurisdiction><immutable value="true"/><compose><include><system value="http://fhir.org/guides/itech-uw/who-smart-hiv-dak/CodeSystem/concept-codes"/><concept><code value="HIV.D.DE957"/><display value="Screening with cough"/></concept><concept><code value="HIV.D.DE958"/><display value="Screening with any TB symptom"/></concept><concept><code value="HIV.D.DE959"/><display value="W4SS single screening algorithm"/></concept><concept><code value="HIV.D.DE960"/><display value="CRP single screening algorithm"/></concept><concept><code value="HIV.D.DE961"/><display value="CXR single screening algorithm"/></concept><concept><code value="HIV.D.DE962"/><display value="Parallel screening algorithm with W4SS and CRP"/></concept><concept><code value="HIV.D.DE963"/><display value="Sequential positive screening algorithm with W4SS and CRP"/></concept><concept><code value="HIV.D.DE964"/><display value="Sequential negative screening algorithm with W4SS and CRP"/></concept><concept><code value="HIV.D.DE965"/><display value="Parallel screening algorithm with W4SS and CXR"/></concept><concept><code value="HIV.D.DE966"/><display value="Sequential positive screening algorithm with W4SS and CXR"/></concept><concept><code value="HIV.D.DE967"/><display value="Sequential negative screening algorithm with W4SS and CXR"/></concept><concept><code value="HIV.D.DE968"/><display value="Screening with mWRD"/></concept><concept><code value="HIV.D.DE969"/><display value="Clinical assessment"/></concept><concept><code value="HIV.D.DE970"/><display value="Other TB screening algorithm"/></concept></include></compose></ValueSet>