<?xml version="1.0" encoding="UTF-8"?><ValueSet xmlns="http://hl7.org/fhir"><id value="hiv-d-de419"/><text><status value="extensions"/><div xmlns="http://www.w3.org/1999/xhtml"><ul><li>Include these codes as defined in <a href="CodeSystem-concept-codes.html"><code>http://fhir.org/guides/itech-uw/who-smart-hiv-dak/CodeSystem/concept-codes</code></a><table class="none"><tr><td style="white-space:nowrap"><b>Code</b></td><td><b>Display</b></td><td><b>Definition</b></td></tr><tr><td><a href="CodeSystem-concept-codes.html#concept-codes-HIV.46D.46DE419">HIV.D.DE419</a></td><td>Toxicity/side effects</td><td>Reason for ARV drug regimen substitution - Toxicity/side effects</td></tr><tr><td><a href="CodeSystem-concept-codes.html#concept-codes-HIV.46D.46DE420">HIV.D.DE420</a></td><td>Drug-drug interaction</td><td>Reason for ARV drug regimen substitution - Drug-drug interaction</td></tr><tr><td><a href="CodeSystem-concept-codes.html#concept-codes-HIV.46D.46DE421">HIV.D.DE421</a></td><td>Pregnancy</td><td>Reason for ARV drug regimen substitution - Pregnancy</td></tr><tr><td><a href="CodeSystem-concept-codes.html#concept-codes-HIV.46D.46DE422">HIV.D.DE422</a></td><td>New TB</td><td>Reason for ARV drug regimen substitution - New TB</td></tr><tr><td><a href="CodeSystem-concept-codes.html#concept-codes-HIV.46D.46DE423">HIV.D.DE423</a></td><td>New drug available</td><td>Reason for ARV drug regimen substitution - New drug available</td></tr><tr><td><a href="CodeSystem-concept-codes.html#concept-codes-HIV.46D.46DE424">HIV.D.DE424</a></td><td>Drug out of stock</td><td>Reason for ARV drug regimen substitution - Drug out of stock</td></tr><tr><td><a href="CodeSystem-concept-codes.html#concept-codes-HIV.46D.46DE425">HIV.D.DE425</a></td><td>Other reason for regimen substitution</td><td>Reason for ARV drug regimen substitution - Other reason for regimen substitution</td></tr></table></li></ul></div></text><url value="http://fhir.org/guides/itech-uw/ValueSet/hiv-d-de419"/><version value="0.3.0"/><name value="ReasonforARVdrugregimensubstitutionCodes"/><title value="Reason for ARV drug regimen substitution Codes"/><status value="draft"/><experimental value="false"/><date value="2024-04-30T19:50:03+00:00"/><publisher value="World Health Organization (WHO) "/><contact><telecom><system value="url"/><value value="https://www.who.int"/></telecom></contact><description value="Codes representing possible values for the Reason for ARV drug regimen substitution element"/><jurisdiction><coding><system value="http://unstats.un.org/unsd/methods/m49/m49.htm"/><code value="001"/></coding></jurisdiction><immutable value="true"/><compose><include><system value="http://fhir.org/guides/itech-uw/who-smart-hiv-dak/CodeSystem/concept-codes"/><concept><code value="HIV.D.DE419"/><display value="Toxicity/side effects"/></concept><concept><code value="HIV.D.DE420"/><display value="Drug-drug interaction"/></concept><concept><code value="HIV.D.DE421"/><display value="Pregnancy"/></concept><concept><code value="HIV.D.DE422"/><display value="New TB"/></concept><concept><code value="HIV.D.DE423"/><display value="New drug available"/></concept><concept><code value="HIV.D.DE424"/><display value="Drug out of stock"/></concept><concept><code value="HIV.D.DE425"/><display value="Other reason for regimen substitution"/></concept></include></compose></ValueSet>