<?xml version="1.0" encoding="UTF-8"?><ValueSet xmlns="http://hl7.org/fhir"><id value="hiv-g-de75"/><text><status value="extensions"/><div xmlns="http://www.w3.org/1999/xhtml"><ul><li>Include these codes as defined in <a href="CodeSystem-concept-codes.html"><code>http://fhir.org/guides/itech-uw/who-smart-hiv-dak/CodeSystem/concept-codes</code></a><table class="none"><tr><td style="white-space:nowrap"><b>Code</b></td><td><b>Display</b></td><td><b>Definition</b></td></tr><tr><td><a href="CodeSystem-concept-codes.html#concept-codes-HIV.46G.46DE75">HIV.G.DE75</a></td><td>Syphilis positive</td><td>Syphilis diagnosis - Syphilis positive</td></tr><tr><td><a href="CodeSystem-concept-codes.html#concept-codes-HIV.46G.46DE76">HIV.G.DE76</a></td><td>Syphilis negative</td><td>Syphilis diagnosis - Syphilis negative</td></tr></table></li></ul></div></text><url value="http://fhir.org/guides/itech-uw/ValueSet/hiv-g-de75"/><version value="0.3.0"/><name value="SyphilisdiagnosisCodes"/><title value="Syphilis diagnosis Codes"/><status value="draft"/><experimental value="false"/><date value="2024-06-10T14:32:54+00:00"/><publisher value="World Health Organization (WHO) "/><contact><telecom><system value="url"/><value value="https://www.who.int"/></telecom></contact><description value="Codes representing possible values for the Syphilis diagnosis element"/><jurisdiction><coding><system value="http://unstats.un.org/unsd/methods/m49/m49.htm"/><code value="001"/></coding></jurisdiction><immutable value="true"/><compose><include><system value="http://fhir.org/guides/itech-uw/who-smart-hiv-dak/CodeSystem/concept-codes"/><concept><code value="HIV.G.DE75"/><display value="Syphilis positive"/></concept><concept><code value="HIV.G.DE76"/><display value="Syphilis negative"/></concept></include></compose></ValueSet>