<?xml version="1.0" encoding="UTF-8"?><ValueSet xmlns="http://hl7.org/fhir"><id value="hiv-b-de227"/><text><status value="extensions"/><div xmlns="http://www.w3.org/1999/xhtml"><ul><li>Include these codes as defined in <a href="CodeSystem-concept-codes.html"><code>http://fhir.org/guides/itech-uw/who-smart-hiv-dak/CodeSystem/concept-codes</code></a><table class="none"><tr><td style="white-space:nowrap"><b>Code</b></td><td><b>Display</b></td><td><b>Definition</b></td></tr><tr><td><a href="CodeSystem-concept-codes.html#concept-codes-HIV.46B.46DE227">HIV.B.DE227</a></td><td>Urethral discharge syndrome</td><td>Syndrome/STI diagnosed - Urethral discharge syndrome</td></tr><tr><td><a href="CodeSystem-concept-codes.html#concept-codes-HIV.46B.46DE228">HIV.B.DE228</a></td><td>Vaginal discharge syndrome</td><td>Syndrome/STI diagnosed - Vaginal discharge syndrome</td></tr><tr><td><a href="CodeSystem-concept-codes.html#concept-codes-HIV.46B.46DE229">HIV.B.DE229</a></td><td>Lower Abdominal pain</td><td>Syndrome/STI diagnosed - Lower Abdominal pain</td></tr><tr><td><a href="CodeSystem-concept-codes.html#concept-codes-HIV.46B.46DE230">HIV.B.DE230</a></td><td>Genital ulcer disease syndrome</td><td>Syndrome/STI diagnosed - Genital ulcer disease syndrome</td></tr><tr><td><a href="CodeSystem-concept-codes.html#concept-codes-HIV.46B.46DE231">HIV.B.DE231</a></td><td>Anorectal discharge</td><td>Syndrome/STI diagnosed - Anorectal discharge</td></tr><tr><td><a href="CodeSystem-concept-codes.html#concept-codes-HIV.46B.46DE232">HIV.B.DE232</a></td><td>Sent for testing</td><td>Syndrome/STI diagnosed - Sent for testing</td></tr><tr><td><a href="CodeSystem-concept-codes.html#concept-codes-HIV.46B.46DE233">HIV.B.DE233</a></td><td>Other</td><td>Syndrome/STI diagnosed - Other</td></tr><tr><td><a href="CodeSystem-concept-codes.html#concept-codes-HIV.46D.46DE779">HIV.D.DE779</a></td><td>Urethral discharge syndrome</td><td>Syndrome/STI diagnosed - Urethral discharge syndrome</td></tr><tr><td><a href="CodeSystem-concept-codes.html#concept-codes-HIV.46D.46DE780">HIV.D.DE780</a></td><td>Vaginal discharge syndrome</td><td>Syndrome/STI diagnosed - Vaginal discharge syndrome</td></tr><tr><td><a href="CodeSystem-concept-codes.html#concept-codes-HIV.46D.46DE781">HIV.D.DE781</a></td><td>Lower Abdominal pain</td><td>Syndrome/STI diagnosed - Lower Abdominal pain</td></tr><tr><td><a href="CodeSystem-concept-codes.html#concept-codes-HIV.46D.46DE782">HIV.D.DE782</a></td><td>Genital ulcer disease syndrome</td><td>Syndrome/STI diagnosed - Genital ulcer disease syndrome</td></tr><tr><td><a href="CodeSystem-concept-codes.html#concept-codes-HIV.46D.46DE783">HIV.D.DE783</a></td><td>Anorectal discharge</td><td>Syndrome/STI diagnosed - Anorectal discharge</td></tr><tr><td><a href="CodeSystem-concept-codes.html#concept-codes-HIV.46D.46DE784">HIV.D.DE784</a></td><td>Sent for testing</td><td>Syndrome/STI diagnosed - Sent for testing</td></tr><tr><td><a href="CodeSystem-concept-codes.html#concept-codes-HIV.46D.46DE785">HIV.D.DE785</a></td><td>Other</td><td>Syndrome/STI diagnosed - Other</td></tr></table></li></ul></div></text><url value="http://fhir.org/guides/itech-uw/ValueSet/hiv-b-de227"/><version value="0.3.0"/><name value="SyndromeSTIdiagnosedCodes"/><title value="Syndrome/STI diagnosed Codes"/><status value="draft"/><experimental value="false"/><date value="2024-04-30T19:53:06+00:00"/><publisher value="World Health Organization (WHO) "/><contact><telecom><system value="url"/><value value="https://www.who.int"/></telecom></contact><description value="Codes representing possible values for the Syndrome/STI diagnosed element"/><jurisdiction><coding><system value="http://unstats.un.org/unsd/methods/m49/m49.htm"/><code value="001"/></coding></jurisdiction><immutable value="true"/><compose><include><system value="http://fhir.org/guides/itech-uw/who-smart-hiv-dak/CodeSystem/concept-codes"/><concept><code value="HIV.B.DE227"/><display value="Urethral discharge syndrome"/></concept><concept><code value="HIV.B.DE228"/><display value="Vaginal discharge syndrome"/></concept><concept><code value="HIV.B.DE229"/><display value="Lower Abdominal pain"/></concept><concept><code value="HIV.B.DE230"/><display value="Genital ulcer disease syndrome"/></concept><concept><code value="HIV.B.DE231"/><display value="Anorectal discharge"/></concept><concept><code value="HIV.B.DE232"/><display value="Sent for testing"/></concept><concept><code value="HIV.B.DE233"/><display value="Other"/></concept><concept><code value="HIV.D.DE779"/><display value="Urethral discharge syndrome"/></concept><concept><code value="HIV.D.DE780"/><display value="Vaginal discharge syndrome"/></concept><concept><code value="HIV.D.DE781"/><display value="Lower Abdominal pain"/></concept><concept><code value="HIV.D.DE782"/><display value="Genital ulcer disease syndrome"/></concept><concept><code value="HIV.D.DE783"/><display value="Anorectal discharge"/></concept><concept><code value="HIV.D.DE784"/><display value="Sent for testing"/></concept><concept><code value="HIV.D.DE785"/><display value="Other"/></concept></include></compose></ValueSet>