<?xml version="1.0" encoding="UTF-8"?><ValueSet xmlns="http://hl7.org/fhir"><id value="hiv-b-de313"/><text><status value="extensions"/><div xmlns="http://www.w3.org/1999/xhtml"><ul><li>Include these codes as defined in <a href="CodeSystem-concept-codes.html"><code>http://fhir.org/guides/itech-uw/who-smart-hiv-dak/CodeSystem/concept-codes</code></a><table class="none"><tr><td style="white-space:nowrap"><b>Code</b></td><td><b>Display</b></td><td><b>Definition</b></td></tr><tr><td><a href="CodeSystem-concept-codes.html#concept-codes-HIV.46B.46DE313">HIV.B.DE313</a></td><td>Positive</td><td>STI test result - Positive</td></tr><tr><td><a href="CodeSystem-concept-codes.html#concept-codes-HIV.46B.46DE314">HIV.B.DE314</a></td><td>Negative</td><td>STI test result - Negative</td></tr><tr><td><a href="CodeSystem-concept-codes.html#concept-codes-HIV.46B.46DE315">HIV.B.DE315</a></td><td>Inconclusive</td><td>STI test result - Inconclusive</td></tr><tr><td><a href="CodeSystem-concept-codes.html#concept-codes-HIV.46D.46DE865">HIV.D.DE865</a></td><td>Positive</td><td>STI test result - Positive</td></tr><tr><td><a href="CodeSystem-concept-codes.html#concept-codes-HIV.46D.46DE866">HIV.D.DE866</a></td><td>Negative</td><td>STI test result - Negative</td></tr><tr><td><a href="CodeSystem-concept-codes.html#concept-codes-HIV.46D.46DE867">HIV.D.DE867</a></td><td>Inconclusive</td><td>STI test result - Inconclusive</td></tr></table></li></ul></div></text><url value="http://fhir.org/guides/itech-uw/ValueSet/hiv-b-de313"/><version value="0.3.0"/><name value="STItestresultCodes"/><title value="STI test result Codes"/><status value="draft"/><experimental value="false"/><date value="2024-04-30T19:53:06+00:00"/><publisher value="World Health Organization (WHO) "/><contact><telecom><system value="url"/><value value="https://www.who.int"/></telecom></contact><description value="Codes representing possible values for the STI test result element"/><jurisdiction><coding><system value="http://unstats.un.org/unsd/methods/m49/m49.htm"/><code value="001"/></coding></jurisdiction><immutable value="true"/><compose><include><system value="http://fhir.org/guides/itech-uw/who-smart-hiv-dak/CodeSystem/concept-codes"/><concept><code value="HIV.B.DE313"/><display value="Positive"/></concept><concept><code value="HIV.B.DE314"/><display value="Negative"/></concept><concept><code value="HIV.B.DE315"/><display value="Inconclusive"/></concept><concept><code value="HIV.D.DE865"/><display value="Positive"/></concept><concept><code value="HIV.D.DE866"/><display value="Negative"/></concept><concept><code value="HIV.D.DE867"/><display value="Inconclusive"/></concept></include></compose></ValueSet>