<?xml version="1.0" encoding="UTF-8"?><ValueSet xmlns="http://hl7.org/fhir"><id value="hiv-b-de107"/><text><status value="extensions"/><div xmlns="http://www.w3.org/1999/xhtml"><ul><li>Include these codes as defined in <a href="CodeSystem-concept-codes.html"><code>http://fhir.org/guides/itech-uw/who-smart-hiv-dak/CodeSystem/concept-codes</code></a><table class="none"><tr><td style="white-space:nowrap"><b>Code</b></td><td><b>Display</b></td><td><b>Definition</b></td></tr><tr><td><a href="CodeSystem-concept-codes.html#concept-codes-HIV.46B.46DE107">HIV.B.DE107</a></td><td>Reactive</td><td>Test result of HIV assay 1 repeated - Reactive</td></tr><tr><td><a href="CodeSystem-concept-codes.html#concept-codes-HIV.46B.46DE108">HIV.B.DE108</a></td><td>Non-reactive</td><td>Test result of HIV assay 1 repeated - Non-reactive</td></tr><tr><td><a href="CodeSystem-concept-codes.html#concept-codes-HIV.46B.46DE109">HIV.B.DE109</a></td><td>Invalid</td><td>Test result of HIV assay 1 repeated - Invalid</td></tr><tr><td><a href="CodeSystem-concept-codes.html#concept-codes-HIV.46E.46DE213">HIV.E.DE213</a></td><td>Reactive</td><td>Test result of HIV assay 1 repeated - Reactive</td></tr><tr><td><a href="CodeSystem-concept-codes.html#concept-codes-HIV.46E.46DE214">HIV.E.DE214</a></td><td>Non-reactive</td><td>Test result of HIV assay 1 repeated - Non-reactive</td></tr><tr><td><a href="CodeSystem-concept-codes.html#concept-codes-HIV.46E.46DE215">HIV.E.DE215</a></td><td>Invalid</td><td>Test result of HIV assay 1 repeated - Invalid</td></tr></table></li></ul></div></text><url value="http://fhir.org/guides/itech-uw/ValueSet/hiv-b-de107"/><version value="0.3.0"/><name value="TestresultofHIVassay1repeatedCodes"/><title value="Test result of HIV assay 1 repeated Codes"/><status value="draft"/><experimental value="false"/><date value="2024-06-06T18:10:14+00:00"/><publisher value="World Health Organization (WHO) "/><contact><telecom><system value="url"/><value value="https://www.who.int"/></telecom></contact><description value="Codes representing possible values for the Test result of HIV assay 1 repeated element"/><jurisdiction><coding><system value="http://unstats.un.org/unsd/methods/m49/m49.htm"/><code value="001"/></coding></jurisdiction><immutable value="true"/><compose><include><system value="http://fhir.org/guides/itech-uw/who-smart-hiv-dak/CodeSystem/concept-codes"/><concept><code value="HIV.B.DE107"/><display value="Reactive"/></concept><concept><code value="HIV.B.DE108"/><display value="Non-reactive"/></concept><concept><code value="HIV.B.DE109"/><display value="Invalid"/></concept><concept><code value="HIV.E.DE213"/><display value="Reactive"/></concept><concept><code value="HIV.E.DE214"/><display value="Non-reactive"/></concept><concept><code value="HIV.E.DE215"/><display value="Invalid"/></concept></include></compose></ValueSet>