<?xml version="1.0" encoding="UTF-8"?><ValueSet xmlns="http://hl7.org/fhir"><id value="hiv-b-de294"/><text><status value="extensions"/><div xmlns="http://www.w3.org/1999/xhtml"><ul><li>Include these codes as defined in <a href="CodeSystem-concept-codes.html"><code>http://fhir.org/guides/itech-uw/who-smart-hiv-dak/CodeSystem/concept-codes</code></a><table class="none"><tr><td style="white-space:nowrap"><b>Code</b></td><td><b>Display</b></td><td><b>Definition</b></td></tr><tr><td><a href="CodeSystem-concept-codes.html#concept-codes-HIV.46B.46DE294">HIV.B.DE294</a></td><td>NAAT</td><td>Trichomonas vaginalis test type - NAAT</td></tr><tr><td><a href="CodeSystem-concept-codes.html#concept-codes-HIV.46B.46DE295">HIV.B.DE295</a></td><td>POC Test</td><td>Trichomonas vaginalis test type - POC Test</td></tr><tr><td><a href="CodeSystem-concept-codes.html#concept-codes-HIV.46B.46DE296">HIV.B.DE296</a></td><td>Culture</td><td>Trichomonas vaginalis test type - Culture</td></tr><tr><td><a href="CodeSystem-concept-codes.html#concept-codes-HIV.46B.46DE297">HIV.B.DE297</a></td><td>Microscopy</td><td>Trichomonas vaginalis test type - Microscopy</td></tr><tr><td><a href="CodeSystem-concept-codes.html#concept-codes-HIV.46B.46DE298">HIV.B.DE298</a></td><td>Other</td><td>Trichomonas vaginalis test type - Other</td></tr><tr><td><a href="CodeSystem-concept-codes.html#concept-codes-HIV.46D.46DE846">HIV.D.DE846</a></td><td>NAAT</td><td>Trichomonas vaginalis test type - NAAT</td></tr><tr><td><a href="CodeSystem-concept-codes.html#concept-codes-HIV.46D.46DE847">HIV.D.DE847</a></td><td>POC Test</td><td>Trichomonas vaginalis test type - POC Test</td></tr><tr><td><a href="CodeSystem-concept-codes.html#concept-codes-HIV.46D.46DE848">HIV.D.DE848</a></td><td>Culture</td><td>Trichomonas vaginalis test type - Culture</td></tr><tr><td><a href="CodeSystem-concept-codes.html#concept-codes-HIV.46D.46DE849">HIV.D.DE849</a></td><td>Microscopy</td><td>Trichomonas vaginalis test type - Microscopy</td></tr><tr><td><a href="CodeSystem-concept-codes.html#concept-codes-HIV.46D.46DE850">HIV.D.DE850</a></td><td>Other</td><td>Trichomonas vaginalis test type - Other</td></tr></table></li></ul></div></text><url value="http://fhir.org/guides/itech-uw/ValueSet/hiv-b-de294"/><version value="0.3.0"/><name value="TrichomonasvaginalistesttypeCodes"/><title value="Trichomonas vaginalis test type Codes"/><status value="draft"/><experimental value="false"/><date value="2024-06-10T14:32:54+00:00"/><publisher value="World Health Organization (WHO) "/><contact><telecom><system value="url"/><value value="https://www.who.int"/></telecom></contact><description value="Codes representing possible values for the Trichomonas vaginalis test type element"/><jurisdiction><coding><system value="http://unstats.un.org/unsd/methods/m49/m49.htm"/><code value="001"/></coding></jurisdiction><immutable value="true"/><compose><include><system value="http://fhir.org/guides/itech-uw/who-smart-hiv-dak/CodeSystem/concept-codes"/><concept><code value="HIV.B.DE294"/><display value="NAAT"/></concept><concept><code value="HIV.B.DE295"/><display value="POC Test"/></concept><concept><code value="HIV.B.DE296"/><display value="Culture"/></concept><concept><code value="HIV.B.DE297"/><display value="Microscopy"/></concept><concept><code value="HIV.B.DE298"/><display value="Other"/></concept><concept><code value="HIV.D.DE846"/><display value="NAAT"/></concept><concept><code value="HIV.D.DE847"/><display value="POC Test"/></concept><concept><code value="HIV.D.DE848"/><display value="Culture"/></concept><concept><code value="HIV.D.DE849"/><display value="Microscopy"/></concept><concept><code value="HIV.D.DE850"/><display value="Other"/></concept></include></compose></ValueSet>