<?xml version="1.0" encoding="UTF-8"?><ValueSet xmlns="http://hl7.org/fhir"><id value="hiv-e-de146"/><text><status value="extensions"/><div xmlns="http://www.w3.org/1999/xhtml"><ul><li>Include these codes as defined in <a href="CodeSystem-concept-codes.html"><code>http://fhir.org/guides/itech-uw/who-smart-hiv-dak/CodeSystem/concept-codes</code></a><table class="none"><tr><td style="white-space:nowrap"><b>Code</b></td><td><b>Display</b></td><td><b>Definition</b></td></tr><tr><td><a href="CodeSystem-concept-codes.html#concept-codes-HIV.46E.46DE146">HIV.E.DE146</a></td><td>HIV-positive</td><td>Maternal HIV status at first ANC visit - HIV-positive</td></tr><tr><td><a href="CodeSystem-concept-codes.html#concept-codes-HIV.46E.46DE147">HIV.E.DE147</a></td><td>HIV-negative</td><td>Maternal HIV status at first ANC visit - HIV-negative</td></tr><tr><td><a href="CodeSystem-concept-codes.html#concept-codes-HIV.46E.46DE148">HIV.E.DE148</a></td><td>Unknown</td><td>Maternal HIV status at first ANC visit - Unknown</td></tr></table></li></ul></div></text><url value="http://fhir.org/guides/itech-uw/ValueSet/hiv-e-de146"/><version value="0.3.0"/><name value="MaternalHIVstatusatfirstANCvisitCodes"/><title value="Maternal HIV status at first ANC visit Codes"/><status value="draft"/><experimental value="false"/><date value="2024-04-30T19:24:27+00:00"/><publisher value="World Health Organization (WHO) "/><contact><telecom><system value="url"/><value value="https://www.who.int"/></telecom></contact><description value="Codes representing possible values for the Maternal HIV status at first ANC visit element"/><jurisdiction><coding><system value="http://unstats.un.org/unsd/methods/m49/m49.htm"/><code value="001"/></coding></jurisdiction><immutable value="true"/><compose><include><system value="http://fhir.org/guides/itech-uw/who-smart-hiv-dak/CodeSystem/concept-codes"/><concept><code value="HIV.E.DE146"/><display value="HIV-positive"/></concept><concept><code value="HIV.E.DE147"/><display value="HIV-negative"/></concept><concept><code value="HIV.E.DE148"/><display value="Unknown"/></concept></include></compose></ValueSet>