<?xml version="1.0" encoding="UTF-8"?><ValueSet xmlns="http://hl7.org/fhir"><id value="hiv-e-de235"/><text><status value="extensions"/><div xmlns="http://www.w3.org/1999/xhtml"><ul><li>Include these codes as defined in <a href="CodeSystem-concept-codes.html"><code>http://fhir.org/guides/itech-uw/who-smart-hiv-dak/CodeSystem/concept-codes</code></a><table class="none"><tr><td style="white-space:nowrap"><b>Code</b></td><td><b>Display</b></td><td><b>Definition</b></td></tr><tr><td><a href="CodeSystem-concept-codes.html#concept-codes-HIV.46E.46DE235">HIV.E.DE235</a></td><td>Lost to follow-up</td><td>HIV-exposed infant reason for unknown final status - Lost to follow-up</td></tr><tr><td><a href="CodeSystem-concept-codes.html#concept-codes-HIV.46E.46DE236">HIV.E.DE236</a></td><td>Transferred out</td><td>HIV-exposed infant reason for unknown final status - Transferred out</td></tr><tr><td><a href="CodeSystem-concept-codes.html#concept-codes-HIV.46E.46DE237">HIV.E.DE237</a></td><td>Death (documented)</td><td>HIV-exposed infant reason for unknown final status - Death (documented)</td></tr><tr><td><a href="CodeSystem-concept-codes.html#concept-codes-HIV.46E.46DE238">HIV.E.DE238</a></td><td>Refused (stopped) treatment</td><td>HIV-exposed infant reason for unknown final status - Refused (stopped) treatment</td></tr></table></li></ul></div></text><url value="http://fhir.org/guides/itech-uw/ValueSet/hiv-e-de235"/><version value="0.3.0"/><name value="HIVexposedinfantreasonforunknownfinalstatusCodes"/><title value="HIV-exposed infant reason for unknown final status Codes"/><status value="draft"/><experimental value="false"/><date value="2024-04-30T19:53:06+00:00"/><publisher value="World Health Organization (WHO) "/><contact><telecom><system value="url"/><value value="https://www.who.int"/></telecom></contact><description value="Codes representing possible values for the HIV-exposed infant reason for unknown final status element"/><jurisdiction><coding><system value="http://unstats.un.org/unsd/methods/m49/m49.htm"/><code value="001"/></coding></jurisdiction><immutable value="true"/><compose><include><system value="http://fhir.org/guides/itech-uw/who-smart-hiv-dak/CodeSystem/concept-codes"/><concept><code value="HIV.E.DE235"/><display value="Lost to follow-up"/></concept><concept><code value="HIV.E.DE236"/><display value="Transferred out"/></concept><concept><code value="HIV.E.DE237"/><display value="Death (documented)"/></concept><concept><code value="HIV.E.DE238"/><display value="Refused (stopped) treatment"/></concept></include></compose></ValueSet>