<?xml version="1.0" encoding="UTF-8"?><ValueSet xmlns="http://hl7.org/fhir"><id value="hiv-c-de12"/><text><status value="extensions"/><div xmlns="http://www.w3.org/1999/xhtml"><ul><li>Include these codes as defined in <a href="CodeSystem-concept-codes.html"><code>http://fhir.org/guides/itech-uw/who-smart-hiv-dak/CodeSystem/concept-codes</code></a><table class="none"><tr><td style="white-space:nowrap"><b>Code</b></td><td><b>Display</b></td><td><b>Definition</b></td></tr><tr><td><a href="CodeSystem-concept-codes.html#concept-codes-HIV.46C.46DE12">HIV.C.DE12</a></td><td>Daily oral PrEP</td><td>PrEP dosing type - Daily oral PrEP</td></tr><tr><td><a href="CodeSystem-concept-codes.html#concept-codes-HIV.46C.46DE13">HIV.C.DE13</a></td><td>Event-driven PrEP (2+1+1)</td><td>PrEP dosing type - Event-driven PrEP (2+1+1)</td></tr><tr><td><a href="CodeSystem-concept-codes.html#concept-codes-HIV.46C.46DE14">HIV.C.DE14</a></td><td>Other PrEP dosing type</td><td>PrEP dosing type - Other PrEP dosing type</td></tr></table></li></ul></div></text><url value="http://fhir.org/guides/itech-uw/ValueSet/hiv-c-de12"/><version value="0.3.0"/><name value="PrEPdosingtypeCodes"/><title value="PrEP dosing type Codes"/><status value="draft"/><experimental value="false"/><date value="2024-06-10T14:32:54+00:00"/><publisher value="World Health Organization (WHO) "/><contact><telecom><system value="url"/><value value="https://www.who.int"/></telecom></contact><description value="Codes representing possible values for the PrEP dosing type element"/><jurisdiction><coding><system value="http://unstats.un.org/unsd/methods/m49/m49.htm"/><code value="001"/></coding></jurisdiction><immutable value="true"/><compose><include><system value="http://fhir.org/guides/itech-uw/who-smart-hiv-dak/CodeSystem/concept-codes"/><concept><code value="HIV.C.DE12"/><display value="Daily oral PrEP"/></concept><concept><code value="HIV.C.DE13"/><display value="Event-driven PrEP (2+1+1)"/></concept><concept><code value="HIV.C.DE14"/><display value="Other PrEP dosing type"/></concept></include></compose></ValueSet>