<?xml version="1.0" encoding="UTF-8"?><ValueSet xmlns="http://hl7.org/fhir"><id value="hiv-b-de23"/><text><status value="extensions"/><div xmlns="http://www.w3.org/1999/xhtml"><ul><li>Include these codes as defined in <a href="CodeSystem-concept-codes.html"><code>http://fhir.org/guides/itech-uw/who-smart-hiv-dak/CodeSystem/concept-codes</code></a><table class="none"><tr><td style="white-space:nowrap"><b>Code</b></td><td><b>Display</b></td><td><b>Definition</b></td></tr><tr><td><a href="CodeSystem-concept-codes.html#concept-codes-HIV.46B.46DE23">HIV.B.DE23</a></td><td>Provider-initiated tested in a clinic or emergency facility</td><td>Entry point for facility-level testing - Provider-initiated tested in a clinic or emergency facility</td></tr><tr><td><a href="CodeSystem-concept-codes.html#concept-codes-HIV.46B.46DE24">HIV.B.DE24</a></td><td>Antenatal care clinic</td><td>Entry point for facility-level testing - Antenatal care clinic</td></tr><tr><td><a href="CodeSystem-concept-codes.html#concept-codes-HIV.46B.46DE25">HIV.B.DE25</a></td><td>Voluntary counselling and testing (within a health facility setting)</td><td>Entry point for facility-level testing - Voluntary counselling and testing (within a health facility setting)</td></tr><tr><td><a href="CodeSystem-concept-codes.html#concept-codes-HIV.46B.46DE26">HIV.B.DE26</a></td><td>Family planning clinic</td><td>Entry point for facility-level testing - Family planning clinic</td></tr><tr><td><a href="CodeSystem-concept-codes.html#concept-codes-HIV.46B.46DE27">HIV.B.DE27</a></td><td>Other facility-level testing</td><td>Entry point for facility-level testing - Other facility-level testing</td></tr><tr><td><a href="CodeSystem-concept-codes.html#concept-codes-HIV.46B.46DE28">HIV.B.DE28</a></td><td>Tuberculosis (TB) clinic</td><td>Entry point for facility-level testing - Tuberculosis (TB) clinic</td></tr><tr><td><a href="CodeSystem-concept-codes.html#concept-codes-HIV.46D.46DE747">HIV.D.DE747</a></td><td>Provider-initiated tested in a clinic or emergency facility</td><td>Entry point for facility-level testing - Provider-initiated tested in a clinic or emergency facility</td></tr><tr><td><a href="CodeSystem-concept-codes.html#concept-codes-HIV.46D.46DE748">HIV.D.DE748</a></td><td>Antenatal care clinic</td><td>Entry point for facility-level testing - Antenatal care clinic</td></tr><tr><td><a href="CodeSystem-concept-codes.html#concept-codes-HIV.46D.46DE749">HIV.D.DE749</a></td><td>Voluntary counselling and testing (within a health facility setting)</td><td>Entry point for facility-level testing - Voluntary counselling and testing (within a health facility setting)</td></tr><tr><td><a href="CodeSystem-concept-codes.html#concept-codes-HIV.46D.46DE750">HIV.D.DE750</a></td><td>Family planning clinic</td><td>Entry point for facility-level testing - Family planning clinic</td></tr><tr><td><a href="CodeSystem-concept-codes.html#concept-codes-HIV.46D.46DE751">HIV.D.DE751</a></td><td>Other facility-level testing</td><td>Entry point for facility-level testing - Other facility-level testing</td></tr><tr><td><a href="CodeSystem-concept-codes.html#concept-codes-HIV.46D.46DE752">HIV.D.DE752</a></td><td>Tuberculosis (TB) clinic</td><td>Entry point for facility-level testing - Tuberculosis (TB) clinic</td></tr></table></li></ul></div></text><url value="http://fhir.org/guides/itech-uw/ValueSet/hiv-b-de23"/><version value="0.3.0"/><name value="EntrypointforfacilityleveltestingCodes"/><title value="Entry point for facility-level testing Codes"/><status value="draft"/><experimental value="false"/><date value="2024-05-15T17:51:55+00:00"/><publisher value="World Health Organization (WHO) "/><contact><telecom><system value="url"/><value value="https://www.who.int"/></telecom></contact><description value="Codes representing possible values for the Entry point for facility-level testing element"/><jurisdiction><coding><system value="http://unstats.un.org/unsd/methods/m49/m49.htm"/><code value="001"/></coding></jurisdiction><immutable value="true"/><compose><include><system value="http://fhir.org/guides/itech-uw/who-smart-hiv-dak/CodeSystem/concept-codes"/><concept><code value="HIV.B.DE23"/><display value="Provider-initiated tested in a clinic or emergency facility"/></concept><concept><code value="HIV.B.DE24"/><display value="Antenatal care clinic"/></concept><concept><code value="HIV.B.DE25"/><display value="Voluntary counselling and testing (within a health facility setting)"/></concept><concept><code value="HIV.B.DE26"/><display value="Family planning clinic"/></concept><concept><code value="HIV.B.DE27"/><display value="Other facility-level testing"/></concept><concept><code value="HIV.B.DE28"/><display value="Tuberculosis (TB) clinic"/></concept><concept><code value="HIV.D.DE747"/><display value="Provider-initiated tested in a clinic or emergency facility"/></concept><concept><code value="HIV.D.DE748"/><display value="Antenatal care clinic"/></concept><concept><code value="HIV.D.DE749"/><display value="Voluntary counselling and testing (within a health facility setting)"/></concept><concept><code value="HIV.D.DE750"/><display value="Family planning clinic"/></concept><concept><code value="HIV.D.DE751"/><display value="Other facility-level testing"/></concept><concept><code value="HIV.D.DE752"/><display value="Tuberculosis (TB) clinic"/></concept></include></compose></ValueSet>