<?xml version="1.0" encoding="UTF-8"?><ValueSet xmlns="http://hl7.org/fhir"><id value="hiv-e-de18"/><text><status value="extensions"/><div xmlns="http://www.w3.org/1999/xhtml"><ul><li>Include these codes as defined in <a href="CodeSystem-concept-codes.html"><code>http://fhir.org/guides/itech-uw/who-smart-hiv-dak/CodeSystem/concept-codes</code></a><table class="none"><tr><td style="white-space:nowrap"><b>Code</b></td><td><b>Display</b></td><td><b>Definition</b></td></tr><tr><td><a href="CodeSystem-concept-codes.html#concept-codes-HIV.46E.46DE18">HIV.E.DE18</a></td><td>No past pregnancy complications</td><td>Past pregnancy complications - No past pregnancy complications</td></tr><tr><td><a href="CodeSystem-concept-codes.html#concept-codes-HIV.46E.46DE19">HIV.E.DE19</a></td><td>Does not know of any past pregnancy complications</td><td>Past pregnancy complications - Does not know of any past pregnancy complications</td></tr><tr><td><a href="CodeSystem-concept-codes.html#concept-codes-HIV.46E.46DE20">HIV.E.DE20</a></td><td>Pre-eclampsia</td><td>Past pregnancy complications - Pre-eclampsia</td></tr><tr><td><a href="CodeSystem-concept-codes.html#concept-codes-HIV.46E.46DE21">HIV.E.DE21</a></td><td>Eclampsia</td><td>Past pregnancy complications - Eclampsia</td></tr><tr><td><a href="CodeSystem-concept-codes.html#concept-codes-HIV.46E.46DE22">HIV.E.DE22</a></td><td>Alcohol use</td><td>Past pregnancy complications - Alcohol use</td></tr><tr><td><a href="CodeSystem-concept-codes.html#concept-codes-HIV.46E.46DE23">HIV.E.DE23</a></td><td>Baby died within 24 hours of birth</td><td>Past pregnancy complications - Baby died within 24 hours of birth</td></tr><tr><td><a href="CodeSystem-concept-codes.html#concept-codes-HIV.46E.46DE24">HIV.E.DE24</a></td><td>Prolonged labour</td><td>Past pregnancy complications - Prolonged labour</td></tr><tr><td><a href="CodeSystem-concept-codes.html#concept-codes-HIV.46E.46DE25">HIV.E.DE25</a></td><td>Convulsions</td><td>Past pregnancy complications - Convulsions</td></tr><tr><td><a href="CodeSystem-concept-codes.html#concept-codes-HIV.46E.46DE26">HIV.E.DE26</a></td><td>Forceps</td><td>Past pregnancy complications - Forceps</td></tr><tr><td><a href="CodeSystem-concept-codes.html#concept-codes-HIV.46E.46DE27">HIV.E.DE27</a></td><td>Gestational diabetes mellitus</td><td>Past pregnancy complications - Gestational diabetes mellitus</td></tr><tr><td><a href="CodeSystem-concept-codes.html#concept-codes-HIV.46E.46DE28">HIV.E.DE28</a></td><td>Heavy bleeding (during or after delivery)</td><td>Past pregnancy complications - Heavy bleeding (during or after delivery)</td></tr><tr><td><a href="CodeSystem-concept-codes.html#concept-codes-HIV.46E.46DE29">HIV.E.DE29</a></td><td>Macrosomia</td><td>Past pregnancy complications - Macrosomia</td></tr><tr><td><a href="CodeSystem-concept-codes.html#concept-codes-HIV.46E.46DE30">HIV.E.DE30</a></td><td>Perineal tear (3rd or 4th degree)</td><td>Past pregnancy complications - Perineal tear (3rd or 4th degree)</td></tr><tr><td><a href="CodeSystem-concept-codes.html#concept-codes-HIV.46E.46DE31">HIV.E.DE31</a></td><td>Substance use</td><td>Past pregnancy complications - Substance use</td></tr><tr><td><a href="CodeSystem-concept-codes.html#concept-codes-HIV.46E.46DE32">HIV.E.DE32</a></td><td>Tobacco use</td><td>Past pregnancy complications - Tobacco use</td></tr><tr><td><a href="CodeSystem-concept-codes.html#concept-codes-HIV.46E.46DE33">HIV.E.DE33</a></td><td>Vacuum delivery</td><td>Past pregnancy complications - Vacuum delivery</td></tr><tr><td><a href="CodeSystem-concept-codes.html#concept-codes-HIV.46E.46DE34">HIV.E.DE34</a></td><td>Other past pregnancy problems</td><td>Past pregnancy complications - Other past pregnancy problems</td></tr></table></li></ul></div></text><url value="http://fhir.org/guides/itech-uw/ValueSet/hiv-e-de18"/><version value="0.3.0"/><name value="PastpregnancycomplicationsCodes"/><title value="Past pregnancy complications Codes"/><status value="draft"/><experimental value="false"/><date value="2024-06-10T14:32:54+00:00"/><publisher value="World Health Organization (WHO) "/><contact><telecom><system value="url"/><value value="https://www.who.int"/></telecom></contact><description value="Codes representing possible values for the Past pregnancy complications element"/><jurisdiction><coding><system value="http://unstats.un.org/unsd/methods/m49/m49.htm"/><code value="001"/></coding></jurisdiction><immutable value="true"/><compose><include><system value="http://fhir.org/guides/itech-uw/who-smart-hiv-dak/CodeSystem/concept-codes"/><concept><code value="HIV.E.DE18"/><display value="No past pregnancy complications"/></concept><concept><code value="HIV.E.DE19"/><display value="Does not know of any past pregnancy complications"/></concept><concept><code value="HIV.E.DE20"/><display value="Pre-eclampsia"/></concept><concept><code value="HIV.E.DE21"/><display value="Eclampsia"/></concept><concept><code value="HIV.E.DE22"/><display value="Alcohol use"/></concept><concept><code value="HIV.E.DE23"/><display value="Baby died within 24 hours of birth"/></concept><concept><code value="HIV.E.DE24"/><display value="Prolonged labour"/></concept><concept><code value="HIV.E.DE25"/><display value="Convulsions"/></concept><concept><code value="HIV.E.DE26"/><display value="Forceps"/></concept><concept><code value="HIV.E.DE27"/><display value="Gestational diabetes mellitus"/></concept><concept><code value="HIV.E.DE28"/><display value="Heavy bleeding (during or after delivery)"/></concept><concept><code value="HIV.E.DE29"/><display value="Macrosomia"/></concept><concept><code value="HIV.E.DE30"/><display value="Perineal tear (3rd or 4th degree)"/></concept><concept><code value="HIV.E.DE31"/><display value="Substance use"/></concept><concept><code value="HIV.E.DE32"/><display value="Tobacco use"/></concept><concept><code value="HIV.E.DE33"/><display value="Vacuum delivery"/></concept><concept><code value="HIV.E.DE34"/><display value="Other past pregnancy problems"/></concept></include></compose></ValueSet>