<?xml version="1.0" encoding="UTF-8"?><ValueSet xmlns="http://hl7.org/fhir"><id value="hiv-b-de51"/><text><status value="extensions"/><div xmlns="http://www.w3.org/1999/xhtml"><ul><li>Include these codes as defined in <a href="CodeSystem-concept-codes.html"><code>http://fhir.org/guides/itech-uw/who-smart-hiv-dak/CodeSystem/concept-codes</code></a><table class="none"><tr><td style="white-space:nowrap"><b>Code</b></td><td><b>Display</b></td><td><b>Definition</b></td></tr><tr><td><a href="CodeSystem-concept-codes.html#concept-codes-HIV.46B.46DE51">HIV.B.DE51</a></td><td>Sex worker</td><td>Key population member type* - Sex worker</td></tr><tr><td><a href="CodeSystem-concept-codes.html#concept-codes-HIV.46B.46DE52">HIV.B.DE52</a></td><td>Men who have sex with men</td><td>Key population member type* - Men who have sex with men</td></tr><tr><td><a href="CodeSystem-concept-codes.html#concept-codes-HIV.46B.46DE53">HIV.B.DE53</a></td><td>Trans and gender-diverse people</td><td>Key population member type* - Trans and gender-diverse people</td></tr><tr><td><a href="CodeSystem-concept-codes.html#concept-codes-HIV.46B.46DE54">HIV.B.DE54</a></td><td>People who inject drugs</td><td>Key population member type* - People who inject drugs</td></tr><tr><td><a href="CodeSystem-concept-codes.html#concept-codes-HIV.46B.46DE55">HIV.B.DE55</a></td><td>People living in prisons and other closed settings</td><td>Key population member type* - People living in prisons and other closed settings</td></tr><tr><td><a href="CodeSystem-concept-codes.html#concept-codes-HIV.46E.46DE115">HIV.E.DE115</a></td><td>Sex worker</td><td>Key population member type* - Sex worker</td></tr><tr><td><a href="CodeSystem-concept-codes.html#concept-codes-HIV.46E.46DE116">HIV.E.DE116</a></td><td>People who inject drugs</td><td>Key population member type* - People who inject drugs</td></tr><tr><td><a href="CodeSystem-concept-codes.html#concept-codes-HIV.46E.46DE117">HIV.E.DE117</a></td><td>Trans and gender-diverse people</td><td>Key population member type* - Trans and gender-diverse people</td></tr><tr><td><a href="CodeSystem-concept-codes.html#concept-codes-HIV.46E.46DE118">HIV.E.DE118</a></td><td>People living in prisons and other closed setting</td><td>Key population member type* - People living in prisons and other closed setting</td></tr></table></li></ul></div></text><url value="http://fhir.org/guides/itech-uw/ValueSet/hiv-b-de51"/><version value="0.3.0"/><name value="Keypopulationmembertype*Codes"/><title value="Key population member type* Codes"/><status value="draft"/><experimental value="false"/><date value="2024-04-30T19:50:03+00:00"/><publisher value="World Health Organization (WHO) "/><contact><telecom><system value="url"/><value value="https://www.who.int"/></telecom></contact><description value="Codes representing possible values for the Key population member type* element"/><jurisdiction><coding><system value="http://unstats.un.org/unsd/methods/m49/m49.htm"/><code value="001"/></coding></jurisdiction><immutable value="true"/><compose><include><system value="http://fhir.org/guides/itech-uw/who-smart-hiv-dak/CodeSystem/concept-codes"/><concept><code value="HIV.B.DE51"/><display value="Sex worker"/></concept><concept><code value="HIV.B.DE52"/><display value="Men who have sex with men"/></concept><concept><code value="HIV.B.DE53"/><display value="Trans and gender-diverse people"/></concept><concept><code value="HIV.B.DE54"/><display value="People who inject drugs"/></concept><concept><code value="HIV.B.DE55"/><display value="People living in prisons and other closed settings"/></concept><concept><code value="HIV.E.DE115"/><display value="Sex worker"/></concept><concept><code value="HIV.E.DE116"/><display value="People who inject drugs"/></concept><concept><code value="HIV.E.DE117"/><display value="Trans and gender-diverse people"/></concept><concept><code value="HIV.E.DE118"/><display value="People living in prisons and other closed setting"/></concept></include></compose></ValueSet>