<?xml version="1.0" encoding="UTF-8"?><ValueSet xmlns="http://hl7.org/fhir"><id value="hiv-b-de180"/><text><status value="extensions"/><div xmlns="http://www.w3.org/1999/xhtml"><ul><li>Include these codes as defined in <a href="CodeSystem-concept-codes.html"><code>http://fhir.org/guides/itech-uw/who-smart-hiv-dak/CodeSystem/concept-codes</code></a><table class="none"><tr><td style="white-space:nowrap"><b>Code</b></td><td><b>Display</b></td><td><b>Definition</b></td></tr><tr><td><a href="CodeSystem-concept-codes.html#concept-codes-HIV.46B.46DE180">HIV.B.DE180</a></td><td>Client received treatment and/or counselling as needed</td><td>Intimate partner violence enquiry results - Client received treatment and/or counselling as needed</td></tr><tr><td><a href="CodeSystem-concept-codes.html#concept-codes-HIV.46B.46DE181">HIV.B.DE181</a></td><td>Client was referred</td><td>Intimate partner violence enquiry results - Client was referred</td></tr><tr><td><a href="CodeSystem-concept-codes.html#concept-codes-HIV.46B.46DE182">HIV.B.DE182</a></td><td>No action necessary</td><td>Intimate partner violence enquiry results - No action necessary</td></tr><tr><td><a href="CodeSystem-concept-codes.html#concept-codes-HIV.46B.46DE183">HIV.B.DE183</a></td><td>Other IPV result</td><td>Intimate partner violence enquiry results - Other IPV result</td></tr></table></li></ul></div></text><url value="http://fhir.org/guides/itech-uw/ValueSet/hiv-b-de180"/><version value="0.3.0"/><name value="IntimatepartnerviolenceenquiryresultsCodes"/><title value="Intimate partner violence enquiry results Codes"/><status value="draft"/><experimental value="false"/><date value="2024-04-30T19:50:03+00:00"/><publisher value="World Health Organization (WHO) "/><contact><telecom><system value="url"/><value value="https://www.who.int"/></telecom></contact><description value="Codes representing possible values for the Intimate partner violence enquiry results element"/><jurisdiction><coding><system value="http://unstats.un.org/unsd/methods/m49/m49.htm"/><code value="001"/></coding></jurisdiction><immutable value="true"/><compose><include><system value="http://fhir.org/guides/itech-uw/who-smart-hiv-dak/CodeSystem/concept-codes"/><concept><code value="HIV.B.DE180"/><display value="Client received treatment and/or counselling as needed"/></concept><concept><code value="HIV.B.DE181"/><display value="Client was referred"/></concept><concept><code value="HIV.B.DE182"/><display value="No action necessary"/></concept><concept><code value="HIV.B.DE183"/><display value="Other IPV result"/></concept></include></compose></ValueSet>