<?xml version="1.0" encoding="UTF-8"?><ValueSet xmlns="http://hl7.org/fhir"><id value="hiv-prv-de3"/><text><status value="extensions"/><div xmlns="http://www.w3.org/1999/xhtml"><ul><li>Include these codes as defined in <a href="CodeSystem-concept-codes.html"><code>http://fhir.org/guides/itech-uw/who-smart-hiv-dak/CodeSystem/concept-codes</code></a><table class="none"><tr><td style="white-space:nowrap"><b>Code</b></td><td><b>Display</b></td><td><b>Definition</b></td></tr><tr><td><a href="CodeSystem-concept-codes.html#concept-codes-HIV.46PRV.46DE3">HIV.PRV.DE3</a></td><td>PrEP service</td><td>HIV prevention intervention - PrEP service</td></tr><tr><td><a href="CodeSystem-concept-codes.html#concept-codes-HIV.46PRV.46DE4">HIV.PRV.DE4</a></td><td>OAMT</td><td>HIV prevention intervention - OAMT</td></tr><tr><td><a href="CodeSystem-concept-codes.html#concept-codes-HIV.46PRV.46DE5">HIV.PRV.DE5</a></td><td>NSP</td><td>HIV prevention intervention - NSP</td></tr><tr><td><a href="CodeSystem-concept-codes.html#concept-codes-HIV.46PRV.46DE6">HIV.PRV.DE6</a></td><td>STI services</td><td>HIV prevention intervention - STI services</td></tr><tr><td><a href="CodeSystem-concept-codes.html#concept-codes-HIV.46PRV.46DE7">HIV.PRV.DE7</a></td><td>VMMC</td><td>HIV prevention intervention - VMMC</td></tr><tr><td><a href="CodeSystem-concept-codes.html#concept-codes-HIV.46PRV.46DE8">HIV.PRV.DE8</a></td><td>Other</td><td>HIV prevention intervention - Other</td></tr></table></li></ul></div></text><url value="http://fhir.org/guides/itech-uw/ValueSet/hiv-prv-de3"/><version value="0.3.0"/><name value="HIVpreventioninterventionCodes"/><title value="HIV prevention intervention Codes"/><status value="draft"/><experimental value="false"/><date value="2024-06-10T14:32:54+00:00"/><publisher value="World Health Organization (WHO) "/><contact><telecom><system value="url"/><value value="https://www.who.int"/></telecom></contact><description value="Codes representing possible values for the HIV prevention intervention element"/><jurisdiction><coding><system value="http://unstats.un.org/unsd/methods/m49/m49.htm"/><code value="001"/></coding></jurisdiction><immutable value="true"/><compose><include><system value="http://fhir.org/guides/itech-uw/who-smart-hiv-dak/CodeSystem/concept-codes"/><concept><code value="HIV.PRV.DE3"/><display value="PrEP service"/></concept><concept><code value="HIV.PRV.DE4"/><display value="OAMT"/></concept><concept><code value="HIV.PRV.DE5"/><display value="NSP"/></concept><concept><code value="HIV.PRV.DE6"/><display value="STI services"/></concept><concept><code value="HIV.PRV.DE7"/><display value="VMMC"/></concept><concept><code value="HIV.PRV.DE8"/><display value="Other"/></concept></include></compose></ValueSet>