<?xml version="1.0" encoding="UTF-8"?><ValueSet xmlns="http://hl7.org/fhir"><id value="hiv-h-de42"/><text><status value="extensions"/><div xmlns="http://www.w3.org/1999/xhtml"><ul><li>Include these codes as defined in <a href="CodeSystem-concept-codes.html"><code>http://fhir.org/guides/itech-uw/who-smart-hiv-dak/CodeSystem/concept-codes</code></a><table class="none"><tr><td style="white-space:nowrap"><b>Code</b></td><td><b>Display</b></td><td><b>Definition</b></td></tr><tr><td><a href="CodeSystem-concept-codes.html#concept-codes-HIV.46H.46DE42">HIV.H.DE42</a></td><td>Lost to follow-up</td><td>HIV treatment outcome - Lost to follow-up</td></tr><tr><td><a href="CodeSystem-concept-codes.html#concept-codes-HIV.46H.46DE43">HIV.H.DE43</a></td><td>Transferred out</td><td>HIV treatment outcome - Transferred out</td></tr><tr><td><a href="CodeSystem-concept-codes.html#concept-codes-HIV.46H.46DE44">HIV.H.DE44</a></td><td>Death (documented)</td><td>HIV treatment outcome - Death (documented)</td></tr><tr><td><a href="CodeSystem-concept-codes.html#concept-codes-HIV.46H.46DE45">HIV.H.DE45</a></td><td>Refused (stopped) treatment</td><td>HIV treatment outcome - Refused (stopped) treatment</td></tr></table></li></ul></div></text><url value="http://fhir.org/guides/itech-uw/ValueSet/hiv-h-de42"/><version value="0.3.0"/><name value="HIVtreatmentoutcomeCodes"/><title value="HIV treatment outcome Codes"/><status value="draft"/><experimental value="false"/><date value="2024-06-10T14:32:54+00:00"/><publisher value="World Health Organization (WHO) "/><contact><telecom><system value="url"/><value value="https://www.who.int"/></telecom></contact><description value="Codes representing possible values for the HIV treatment outcome element"/><jurisdiction><coding><system value="http://unstats.un.org/unsd/methods/m49/m49.htm"/><code value="001"/></coding></jurisdiction><immutable value="true"/><compose><include><system value="http://fhir.org/guides/itech-uw/who-smart-hiv-dak/CodeSystem/concept-codes"/><concept><code value="HIV.H.DE42"/><display value="Lost to follow-up"/></concept><concept><code value="HIV.H.DE43"/><display value="Transferred out"/></concept><concept><code value="HIV.H.DE44"/><display value="Death (documented)"/></concept><concept><code value="HIV.H.DE45"/><display value="Refused (stopped) treatment"/></concept></include></compose></ValueSet>