<?xml version="1.0" encoding="UTF-8"?><ValueSet xmlns="http://hl7.org/fhir"><id value="hiv-d-de248"/><text><status value="extensions"/><div xmlns="http://www.w3.org/1999/xhtml"><ul><li>Include these codes as defined in <a href="CodeSystem-concept-codes.html"><code>http://fhir.org/guides/itech-uw/who-smart-hiv-dak/CodeSystem/concept-codes</code></a><table class="none"><tr><td style="white-space:nowrap"><b>Code</b></td><td><b>Display</b></td><td><b>Definition</b></td></tr><tr><td><a href="CodeSystem-concept-codes.html#concept-codes-HIV.46D.46DE248">HIV.D.DE248</a></td><td>Provide co-trimoxazole preventive therapy (CPT)</td><td>Preventing and treating coinfections - Provide co-trimoxazole preventive therapy (CPT)</td></tr><tr><td><a href="CodeSystem-concept-codes.html#concept-codes-HIV.46D.46DE249">HIV.D.DE249</a></td><td>Intensified TB case finding and linkage to TB treatment</td><td>Preventing and treating coinfections - Intensified TB case finding and linkage to TB treatment</td></tr><tr><td><a href="CodeSystem-concept-codes.html#concept-codes-HIV.46D.46DE250">HIV.D.DE250</a></td><td>Provide isoniazid preventive therapy</td><td>Preventing and treating coinfections - Provide isoniazid preventive therapy</td></tr><tr><td><a href="CodeSystem-concept-codes.html#concept-codes-HIV.46D.46DE251">HIV.D.DE251</a></td><td>Screen for cryptococcal infection and fungal prophylaxis</td><td>Preventing and treating coinfections - Screen for cryptococcal infection and fungal prophylaxis</td></tr><tr><td><a href="CodeSystem-concept-codes.html#concept-codes-HIV.46D.46DE252">HIV.D.DE252</a></td><td>Screen for hepatitis B</td><td>Preventing and treating coinfections - Screen for hepatitis B</td></tr><tr><td><a href="CodeSystem-concept-codes.html#concept-codes-HIV.46D.46DE253">HIV.D.DE253</a></td><td>Screen for hepatitis C</td><td>Preventing and treating coinfections - Screen for hepatitis C</td></tr><tr><td><a href="CodeSystem-concept-codes.html#concept-codes-HIV.46D.46DE254">HIV.D.DE254</a></td><td>Prevent malaria</td><td>Preventing and treating coinfections - Prevent malaria</td></tr><tr><td><a href="CodeSystem-concept-codes.html#concept-codes-HIV.46D.46DE255">HIV.D.DE255</a></td><td>Screen for STIs</td><td>Preventing and treating coinfections - Screen for STIs</td></tr><tr><td><a href="CodeSystem-concept-codes.html#concept-codes-HIV.46D.46DE256">HIV.D.DE256</a></td><td>Prevent and screen for cervical cancer</td><td>Preventing and treating coinfections - Prevent and screen for cervical cancer</td></tr><tr><td><a href="CodeSystem-concept-codes.html#concept-codes-HIV.46D.46DE257">HIV.D.DE257</a></td><td>Anal cancer screening (for men who have sex with men)</td><td>Preventing and treating coinfections - Anal cancer screening (for men who have sex with men)</td></tr><tr><td><a href="CodeSystem-concept-codes.html#concept-codes-HIV.46D.46DE258">HIV.D.DE258</a></td><td>Assessment and provision of vaccinations</td><td>Preventing and treating coinfections - Assessment and provision of vaccinations</td></tr></table></li></ul></div></text><url value="http://fhir.org/guides/itech-uw/ValueSet/hiv-d-de248"/><version value="0.3.0"/><name value="PreventingandtreatingcoinfectionsCodes"/><title value="Preventing and treating coinfections Codes"/><status value="draft"/><experimental value="false"/><date value="2024-05-15T17:51:55+00:00"/><publisher value="World Health Organization (WHO) "/><contact><telecom><system value="url"/><value value="https://www.who.int"/></telecom></contact><description value="Codes representing possible values for the Preventing and treating coinfections element"/><jurisdiction><coding><system value="http://unstats.un.org/unsd/methods/m49/m49.htm"/><code value="001"/></coding></jurisdiction><immutable value="true"/><compose><include><system value="http://fhir.org/guides/itech-uw/who-smart-hiv-dak/CodeSystem/concept-codes"/><concept><code value="HIV.D.DE248"/><display value="Provide co-trimoxazole preventive therapy (CPT)"/></concept><concept><code value="HIV.D.DE249"/><display value="Intensified TB case finding and linkage to TB treatment"/></concept><concept><code value="HIV.D.DE250"/><display value="Provide isoniazid preventive therapy"/></concept><concept><code value="HIV.D.DE251"/><display value="Screen for cryptococcal infection and fungal prophylaxis"/></concept><concept><code value="HIV.D.DE252"/><display value="Screen for hepatitis B"/></concept><concept><code value="HIV.D.DE253"/><display value="Screen for hepatitis C"/></concept><concept><code value="HIV.D.DE254"/><display value="Prevent malaria"/></concept><concept><code value="HIV.D.DE255"/><display value="Screen for STIs"/></concept><concept><code value="HIV.D.DE256"/><display value="Prevent and screen for cervical cancer"/></concept><concept><code value="HIV.D.DE257"/><display value="Anal cancer screening (for men who have sex with men)"/></concept><concept><code value="HIV.D.DE258"/><display value="Assessment and provision of vaccinations"/></concept></include></compose></ValueSet>