<?xml version="1.0" encoding="UTF-8"?><ValueSet xmlns="http://hl7.org/fhir"><id value="hiv-d-de431"/><text><status value="extensions"/><div xmlns="http://www.w3.org/1999/xhtml"><ul><li>Include these codes as defined in <a href="CodeSystem-concept-codes.html"><code>http://fhir.org/guides/itech-uw/who-smart-hiv-dak/CodeSystem/concept-codes</code></a><table class="none"><tr><td style="white-space:nowrap"><b>Code</b></td><td><b>Display</b></td><td><b>Definition</b></td></tr><tr><td><a href="CodeSystem-concept-codes.html#concept-codes-HIV.46D.46DE431">HIV.D.DE431</a></td><td>Clinical treatment failure</td><td>Reason for regimen switch - Clinical treatment failure</td></tr><tr><td><a href="CodeSystem-concept-codes.html#concept-codes-HIV.46D.46DE432">HIV.D.DE432</a></td><td>Immunological failure</td><td>Reason for regimen switch - Immunological failure</td></tr><tr><td><a href="CodeSystem-concept-codes.html#concept-codes-HIV.46D.46DE433">HIV.D.DE433</a></td><td>Virological failure</td><td>Reason for regimen switch - Virological failure</td></tr><tr><td><a href="CodeSystem-concept-codes.html#concept-codes-HIV.46D.46DE434">HIV.D.DE434</a></td><td>Other</td><td>Reason for regimen switch - Other</td></tr></table></li></ul></div></text><url value="http://fhir.org/guides/itech-uw/ValueSet/hiv-d-de431"/><version value="0.3.0"/><name value="ReasonforregimenswitchCodes"/><title value="Reason for regimen switch Codes"/><status value="draft"/><experimental value="false"/><date value="2024-05-15T17:51:55+00:00"/><publisher value="World Health Organization (WHO) "/><contact><telecom><system value="url"/><value value="https://www.who.int"/></telecom></contact><description value="Codes representing possible values for the Reason for regimen switch element"/><jurisdiction><coding><system value="http://unstats.un.org/unsd/methods/m49/m49.htm"/><code value="001"/></coding></jurisdiction><immutable value="true"/><compose><include><system value="http://fhir.org/guides/itech-uw/who-smart-hiv-dak/CodeSystem/concept-codes"/><concept><code value="HIV.D.DE431"/><display value="Clinical treatment failure"/></concept><concept><code value="HIV.D.DE432"/><display value="Immunological failure"/></concept><concept><code value="HIV.D.DE433"/><display value="Virological failure"/></concept><concept><code value="HIV.D.DE434"/><display value="Other"/></concept></include></compose></ValueSet>