<?xml version="1.0" encoding="UTF-8"?><ValueSet xmlns="http://hl7.org/fhir"><id value="hiv-e-de247"/><text><status value="extensions"/><div xmlns="http://www.w3.org/1999/xhtml"><ul><li>Include these codes as defined in <a href="CodeSystem-concept-codes.html"><code>http://fhir.org/guides/itech-uw/who-smart-hiv-dak/CodeSystem/concept-codes</code></a><table class="none"><tr><td style="white-space:nowrap"><b>Code</b></td><td><b>Display</b></td><td><b>Definition</b></td></tr><tr><td><a href="CodeSystem-concept-codes.html#concept-codes-HIV.46E.46DE247">HIV.E.DE247</a></td><td>A+</td><td>Blood group and Rh factor - A+</td></tr><tr><td><a href="CodeSystem-concept-codes.html#concept-codes-HIV.46E.46DE248">HIV.E.DE248</a></td><td>A-</td><td>Blood group and Rh factor - A-</td></tr><tr><td><a href="CodeSystem-concept-codes.html#concept-codes-HIV.46E.46DE249">HIV.E.DE249</a></td><td>B+</td><td>Blood group and Rh factor - B+</td></tr><tr><td><a href="CodeSystem-concept-codes.html#concept-codes-HIV.46E.46DE250">HIV.E.DE250</a></td><td>B-</td><td>Blood group and Rh factor - B-</td></tr><tr><td><a href="CodeSystem-concept-codes.html#concept-codes-HIV.46E.46DE251">HIV.E.DE251</a></td><td>O+</td><td>Blood group and Rh factor - O+</td></tr><tr><td><a href="CodeSystem-concept-codes.html#concept-codes-HIV.46E.46DE252">HIV.E.DE252</a></td><td>O-</td><td>Blood group and Rh factor - O-</td></tr><tr><td><a href="CodeSystem-concept-codes.html#concept-codes-HIV.46E.46DE253">HIV.E.DE253</a></td><td>AB+</td><td>Blood group and Rh factor - AB+</td></tr><tr><td><a href="CodeSystem-concept-codes.html#concept-codes-HIV.46E.46DE254">HIV.E.DE254</a></td><td>AB-</td><td>Blood group and Rh factor - AB-</td></tr></table></li></ul></div></text><url value="http://fhir.org/guides/itech-uw/ValueSet/hiv-e-de247"/><version value="0.3.0"/><name value="BloodgroupandRhfactorCodes"/><title value="Blood group and Rh factor Codes"/><status value="draft"/><experimental value="false"/><date value="2024-04-30T19:24:27+00:00"/><publisher value="World Health Organization (WHO) "/><contact><telecom><system value="url"/><value value="https://www.who.int"/></telecom></contact><description value="Codes representing possible values for the Blood group and Rh factor element"/><jurisdiction><coding><system value="http://unstats.un.org/unsd/methods/m49/m49.htm"/><code value="001"/></coding></jurisdiction><immutable value="true"/><compose><include><system value="http://fhir.org/guides/itech-uw/who-smart-hiv-dak/CodeSystem/concept-codes"/><concept><code value="HIV.E.DE247"/><display value="A+"/></concept><concept><code value="HIV.E.DE248"/><display value="A-"/></concept><concept><code value="HIV.E.DE249"/><display value="B+"/></concept><concept><code value="HIV.E.DE250"/><display value="B-"/></concept><concept><code value="HIV.E.DE251"/><display value="O+"/></concept><concept><code value="HIV.E.DE252"/><display value="O-"/></concept><concept><code value="HIV.E.DE253"/><display value="AB+"/></concept><concept><code value="HIV.E.DE254"/><display value="AB-"/></concept></include></compose></ValueSet>