<?xml version="1.0" encoding="UTF-8"?><ValueSet xmlns="http://hl7.org/fhir"><id value="hiv-b-de238"/><text><status value="extensions"/><div xmlns="http://www.w3.org/1999/xhtml"><ul><li>Include these codes as defined in <a href="CodeSystem-concept-codes.html"><code>http://fhir.org/guides/itech-uw/who-smart-hiv-dak/CodeSystem/concept-codes</code></a><table class="none"><tr><td style="white-space:nowrap"><b>Code</b></td><td><b>Display</b></td><td><b>Definition</b></td></tr><tr><td><a href="CodeSystem-concept-codes.html#concept-codes-HIV.46B.46DE238">HIV.B.DE238</a></td><td>Neisseria gonorrhoeae</td><td>STI tested for - Neisseria gonorrhoeae</td></tr><tr><td><a href="CodeSystem-concept-codes.html#concept-codes-HIV.46B.46DE239">HIV.B.DE239</a></td><td>Chlamydia trachomatis</td><td>STI tested for - Chlamydia trachomatis</td></tr><tr><td><a href="CodeSystem-concept-codes.html#concept-codes-HIV.46B.46DE240">HIV.B.DE240</a></td><td>Trichomonas vaginalis</td><td>STI tested for - Trichomonas vaginalis</td></tr><tr><td><a href="CodeSystem-concept-codes.html#concept-codes-HIV.46B.46DE241">HIV.B.DE241</a></td><td>Syphilis (Treponema pallidum)</td><td>STI tested for - Syphilis (Treponema pallidum)</td></tr><tr><td><a href="CodeSystem-concept-codes.html#concept-codes-HIV.46B.46DE242">HIV.B.DE242</a></td><td>Herpes simplex virus (HSV1, HSV2)</td><td>STI tested for - Herpes simplex virus (HSV1, HSV2)</td></tr><tr><td><a href="CodeSystem-concept-codes.html#concept-codes-HIV.46B.46DE243">HIV.B.DE243</a></td><td>Mycoplasma genitalium</td><td>STI tested for - Mycoplasma genitalium</td></tr><tr><td><a href="CodeSystem-concept-codes.html#concept-codes-HIV.46B.46DE244">HIV.B.DE244</a></td><td>Mpox</td><td>STI tested for - Mpox</td></tr><tr><td><a href="CodeSystem-concept-codes.html#concept-codes-HIV.46B.46DE245">HIV.B.DE245</a></td><td>Hepatitis B</td><td>STI tested for - Hepatitis B</td></tr><tr><td><a href="CodeSystem-concept-codes.html#concept-codes-HIV.46B.46DE246">HIV.B.DE246</a></td><td>Hepatitis C</td><td>STI tested for - Hepatitis C</td></tr><tr><td><a href="CodeSystem-concept-codes.html#concept-codes-HIV.46B.46DE247">HIV.B.DE247</a></td><td>Other</td><td>STI tested for - Other</td></tr><tr><td><a href="CodeSystem-concept-codes.html#concept-codes-HIV.46D.46DE790">HIV.D.DE790</a></td><td>Neisseria gonorrhoeae</td><td>STI tested for - Neisseria gonorrhoeae</td></tr><tr><td><a href="CodeSystem-concept-codes.html#concept-codes-HIV.46D.46DE791">HIV.D.DE791</a></td><td>Chlamydia trachomatis</td><td>STI tested for - Chlamydia trachomatis</td></tr><tr><td><a href="CodeSystem-concept-codes.html#concept-codes-HIV.46D.46DE792">HIV.D.DE792</a></td><td>Trichomonas vaginalis</td><td>STI tested for - Trichomonas vaginalis</td></tr><tr><td><a href="CodeSystem-concept-codes.html#concept-codes-HIV.46D.46DE793">HIV.D.DE793</a></td><td>Syphilis (Treponema pallidum)</td><td>STI tested for - Syphilis (Treponema pallidum)</td></tr><tr><td><a href="CodeSystem-concept-codes.html#concept-codes-HIV.46D.46DE794">HIV.D.DE794</a></td><td>Herpes simplex virus (HSV1, HSV2)</td><td>STI tested for - Herpes simplex virus (HSV1, HSV2)</td></tr><tr><td><a href="CodeSystem-concept-codes.html#concept-codes-HIV.46D.46DE795">HIV.D.DE795</a></td><td>Mycoplasma genitalium</td><td>STI tested for - Mycoplasma genitalium</td></tr><tr><td><a href="CodeSystem-concept-codes.html#concept-codes-HIV.46D.46DE796">HIV.D.DE796</a></td><td>Mpox</td><td>STI tested for - Mpox</td></tr><tr><td><a href="CodeSystem-concept-codes.html#concept-codes-HIV.46D.46DE797">HIV.D.DE797</a></td><td>Hepatitis B</td><td>STI tested for - Hepatitis B</td></tr><tr><td><a href="CodeSystem-concept-codes.html#concept-codes-HIV.46D.46DE798">HIV.D.DE798</a></td><td>Hepatitis C</td><td>STI tested for - Hepatitis C</td></tr><tr><td><a href="CodeSystem-concept-codes.html#concept-codes-HIV.46D.46DE799">HIV.D.DE799</a></td><td>Other</td><td>STI tested for - Other</td></tr></table></li></ul></div></text><url value="http://fhir.org/guides/itech-uw/ValueSet/hiv-b-de238"/><version value="0.3.0"/><name value="STItestedforCodes"/><title value="STI tested for Codes"/><status value="draft"/><experimental value="false"/><date value="2024-06-06T18:10:14+00:00"/><publisher value="World Health Organization (WHO) "/><contact><telecom><system value="url"/><value value="https://www.who.int"/></telecom></contact><description value="Codes representing possible values for the STI tested for element"/><jurisdiction><coding><system value="http://unstats.un.org/unsd/methods/m49/m49.htm"/><code value="001"/></coding></jurisdiction><immutable value="true"/><compose><include><system value="http://fhir.org/guides/itech-uw/who-smart-hiv-dak/CodeSystem/concept-codes"/><concept><code value="HIV.B.DE238"/><display value="Neisseria gonorrhoeae"/></concept><concept><code value="HIV.B.DE239"/><display value="Chlamydia trachomatis"/></concept><concept><code value="HIV.B.DE240"/><display value="Trichomonas vaginalis"/></concept><concept><code value="HIV.B.DE241"/><display value="Syphilis (Treponema pallidum)"/></concept><concept><code value="HIV.B.DE242"/><display value="Herpes simplex virus (HSV1, HSV2)"/></concept><concept><code value="HIV.B.DE243"/><display value="Mycoplasma genitalium"/></concept><concept><code value="HIV.B.DE244"/><display value="Mpox"/></concept><concept><code value="HIV.B.DE245"/><display value="Hepatitis B"/></concept><concept><code value="HIV.B.DE246"/><display value="Hepatitis C"/></concept><concept><code value="HIV.B.DE247"/><display value="Other"/></concept><concept><code value="HIV.D.DE790"/><display value="Neisseria gonorrhoeae"/></concept><concept><code value="HIV.D.DE791"/><display value="Chlamydia trachomatis"/></concept><concept><code value="HIV.D.DE792"/><display value="Trichomonas vaginalis"/></concept><concept><code value="HIV.D.DE793"/><display value="Syphilis (Treponema pallidum)"/></concept><concept><code value="HIV.D.DE794"/><display value="Herpes simplex virus (HSV1, HSV2)"/></concept><concept><code value="HIV.D.DE795"/><display value="Mycoplasma genitalium"/></concept><concept><code value="HIV.D.DE796"/><display value="Mpox"/></concept><concept><code value="HIV.D.DE797"/><display value="Hepatitis B"/></concept><concept><code value="HIV.D.DE798"/><display value="Hepatitis C"/></concept><concept><code value="HIV.D.DE799"/><display value="Other"/></concept></include></compose></ValueSet>