<?xml version="1.0" encoding="UTF-8"?><ValueSet xmlns="http://hl7.org/fhir"><id value="hiv-b-de122"/><text><status value="extensions"/><div xmlns="http://www.w3.org/1999/xhtml"><ul><li>Include these codes as defined in <a href="CodeSystem-concept-codes.html"><code>http://fhir.org/guides/itech-uw/who-smart-hiv-dak/CodeSystem/concept-codes</code></a><table class="none"><tr><td style="white-space:nowrap"><b>Code</b></td><td><b>Display</b></td><td><b>Definition</b></td></tr><tr><td><a href="CodeSystem-concept-codes.html#concept-codes-HIV.46B.46DE122">HIV.B.DE122</a></td><td>Heterosexual sex</td><td>Probable route of transmission* - Heterosexual sex</td></tr><tr><td><a href="CodeSystem-concept-codes.html#concept-codes-HIV.46B.46DE123">HIV.B.DE123</a></td><td>Sex between men</td><td>Probable route of transmission* - Sex between men</td></tr><tr><td><a href="CodeSystem-concept-codes.html#concept-codes-HIV.46B.46DE124">HIV.B.DE124</a></td><td>Unprotected intercourse during sex work</td><td>Probable route of transmission* - Unprotected intercourse during sex work</td></tr><tr><td><a href="CodeSystem-concept-codes.html#concept-codes-HIV.46B.46DE125">HIV.B.DE125</a></td><td>Injecting drug use with unsterile equipment</td><td>Probable route of transmission* - Injecting drug use with unsterile equipment</td></tr><tr><td><a href="CodeSystem-concept-codes.html#concept-codes-HIV.46B.46DE126">HIV.B.DE126</a></td><td>Nosocomial</td><td>Probable route of transmission* - Nosocomial</td></tr><tr><td><a href="CodeSystem-concept-codes.html#concept-codes-HIV.46B.46DE127">HIV.B.DE127</a></td><td>Vertical</td><td>Probable route of transmission* - Vertical</td></tr><tr><td><a href="CodeSystem-concept-codes.html#concept-codes-HIV.46B.46DE128">HIV.B.DE128</a></td><td>Other</td><td>Probable route of transmission* - Other</td></tr></table></li></ul></div></text><url value="http://fhir.org/guides/itech-uw/ValueSet/hiv-b-de122"/><version value="0.3.0"/><name value="Probablerouteoftransmission*Codes"/><title value="Probable route of transmission* Codes"/><status value="draft"/><experimental value="false"/><date value="2024-06-10T14:32:54+00:00"/><publisher value="World Health Organization (WHO) "/><contact><telecom><system value="url"/><value value="https://www.who.int"/></telecom></contact><description value="Codes representing possible values for the Probable route of transmission* element"/><jurisdiction><coding><system value="http://unstats.un.org/unsd/methods/m49/m49.htm"/><code value="001"/></coding></jurisdiction><immutable value="true"/><compose><include><system value="http://fhir.org/guides/itech-uw/who-smart-hiv-dak/CodeSystem/concept-codes"/><concept><code value="HIV.B.DE122"/><display value="Heterosexual sex"/></concept><concept><code value="HIV.B.DE123"/><display value="Sex between men"/></concept><concept><code value="HIV.B.DE124"/><display value="Unprotected intercourse during sex work"/></concept><concept><code value="HIV.B.DE125"/><display value="Injecting drug use with unsterile equipment"/></concept><concept><code value="HIV.B.DE126"/><display value="Nosocomial"/></concept><concept><code value="HIV.B.DE127"/><display value="Vertical"/></concept><concept><code value="HIV.B.DE128"/><display value="Other"/></concept></include></compose></ValueSet>