<?xml version="1.0" encoding="UTF-8"?><ValueSet xmlns="http://hl7.org/fhir"><id value="hiv-a-de31"/><text><status value="extensions"/><div xmlns="http://www.w3.org/1999/xhtml"><ul><li>Include these codes as defined in <a href="CodeSystem-concept-codes.html"><code>http://fhir.org/guides/itech-uw/who-smart-hiv-dak/CodeSystem/concept-codes</code></a><table class="none"><tr><td style="white-space:nowrap"><b>Code</b></td><td><b>Display</b></td><td><b>Definition</b></td></tr><tr><td><a href="CodeSystem-concept-codes.html#concept-codes-HIV.46A.46DE31">HIV.A.DE31</a></td><td>Unmarried</td><td>Marital Status - Unmarried</td></tr><tr><td><a href="CodeSystem-concept-codes.html#concept-codes-HIV.46A.46DE32">HIV.A.DE32</a></td><td>Never married</td><td>Marital Status - Never married</td></tr><tr><td><a href="CodeSystem-concept-codes.html#concept-codes-HIV.46A.46DE33">HIV.A.DE33</a></td><td>Married</td><td>Marital Status - Married</td></tr><tr><td><a href="CodeSystem-concept-codes.html#concept-codes-HIV.46A.46DE34">HIV.A.DE34</a></td><td>Polygamous</td><td>Marital Status - Polygamous</td></tr><tr><td><a href="CodeSystem-concept-codes.html#concept-codes-HIV.46A.46DE35">HIV.A.DE35</a></td><td>Divorced</td><td>Marital Status - Divorced</td></tr><tr><td><a href="CodeSystem-concept-codes.html#concept-codes-HIV.46A.46DE36">HIV.A.DE36</a></td><td>Widowed</td><td>Marital Status - Widowed</td></tr><tr><td><a href="CodeSystem-concept-codes.html#concept-codes-HIV.46A.46DE37">HIV.A.DE37</a></td><td>Unknown</td><td>Marital Status - Unknown</td></tr><tr><td><a href="CodeSystem-concept-codes.html#concept-codes-HIV.46A.46DE38">HIV.A.DE38</a></td><td>Domestic partner</td><td>Marital Status - Domestic partner</td></tr><tr><td><a href="CodeSystem-concept-codes.html#concept-codes-HIV.46A.46DE39">HIV.A.DE39</a></td><td>Annulled</td><td>Marital Status - Annulled</td></tr><tr><td><a href="CodeSystem-concept-codes.html#concept-codes-HIV.46A.46DE40">HIV.A.DE40</a></td><td>Legally separated</td><td>Marital Status - Legally separated</td></tr><tr><td><a href="CodeSystem-concept-codes.html#concept-codes-HIV.46A.46DE41">HIV.A.DE41</a></td><td>Interlocutory</td><td>Marital Status - Interlocutory</td></tr></table></li></ul></div></text><url value="http://fhir.org/guides/itech-uw/ValueSet/hiv-a-de31"/><version value="0.3.0"/><name value="MaritalStatusCodes"/><title value="Marital Status Codes"/><status value="draft"/><experimental value="false"/><date value="2024-06-06T18:10:14+00:00"/><publisher value="World Health Organization (WHO) "/><contact><telecom><system value="url"/><value value="https://www.who.int"/></telecom></contact><description value="Codes representing possible values for the Marital Status element"/><jurisdiction><coding><system value="http://unstats.un.org/unsd/methods/m49/m49.htm"/><code value="001"/></coding></jurisdiction><immutable value="true"/><compose><include><system value="http://fhir.org/guides/itech-uw/who-smart-hiv-dak/CodeSystem/concept-codes"/><concept><code value="HIV.A.DE31"/><display value="Unmarried"/></concept><concept><code value="HIV.A.DE32"/><display value="Never married"/></concept><concept><code value="HIV.A.DE33"/><display value="Married"/></concept><concept><code value="HIV.A.DE34"/><display value="Polygamous"/></concept><concept><code value="HIV.A.DE35"/><display value="Divorced"/></concept><concept><code value="HIV.A.DE36"/><display value="Widowed"/></concept><concept><code value="HIV.A.DE37"/><display value="Unknown"/></concept><concept><code value="HIV.A.DE38"/><display value="Domestic partner"/></concept><concept><code value="HIV.A.DE39"/><display value="Annulled"/></concept><concept><code value="HIV.A.DE40"/><display value="Legally separated"/></concept><concept><code value="HIV.A.DE41"/><display value="Interlocutory"/></concept></include></compose></ValueSet>