<?xml version="1.0" encoding="UTF-8"?><ValueSet xmlns="http://hl7.org/fhir"><id value="hiv-b-de285"/><text><status value="extensions"/><div xmlns="http://www.w3.org/1999/xhtml"><ul><li>Include these codes as defined in <a href="CodeSystem-concept-codes.html"><code>http://fhir.org/guides/itech-uw/who-smart-hiv-dak/CodeSystem/concept-codes</code></a><table class="none"><tr><td style="white-space:nowrap"><b>Code</b></td><td><b>Display</b></td><td><b>Definition</b></td></tr><tr><td><a href="CodeSystem-concept-codes.html#concept-codes-HIV.46B.46DE285">HIV.B.DE285</a></td><td>NAAT</td><td>Chlamydia trachomatis test type - NAAT</td></tr><tr><td><a href="CodeSystem-concept-codes.html#concept-codes-HIV.46B.46DE286">HIV.B.DE286</a></td><td>POC Test</td><td>Chlamydia trachomatis test type - POC Test</td></tr><tr><td><a href="CodeSystem-concept-codes.html#concept-codes-HIV.46B.46DE287">HIV.B.DE287</a></td><td>Culture</td><td>Chlamydia trachomatis test type - Culture</td></tr><tr><td><a href="CodeSystem-concept-codes.html#concept-codes-HIV.46B.46DE288">HIV.B.DE288</a></td><td>ELISA</td><td>Chlamydia trachomatis test type - ELISA</td></tr><tr><td><a href="CodeSystem-concept-codes.html#concept-codes-HIV.46B.46DE289">HIV.B.DE289</a></td><td>Microscopy</td><td>Chlamydia trachomatis test type - Microscopy</td></tr><tr><td><a href="CodeSystem-concept-codes.html#concept-codes-HIV.46B.46DE290">HIV.B.DE290</a></td><td>Other</td><td>Chlamydia trachomatis test type - Other</td></tr><tr><td><a href="CodeSystem-concept-codes.html#concept-codes-HIV.46D.46DE837">HIV.D.DE837</a></td><td>NAAT</td><td>Chlamydia trachomatis test type - NAAT</td></tr><tr><td><a href="CodeSystem-concept-codes.html#concept-codes-HIV.46D.46DE838">HIV.D.DE838</a></td><td>POC Test</td><td>Chlamydia trachomatis test type - POC Test</td></tr><tr><td><a href="CodeSystem-concept-codes.html#concept-codes-HIV.46D.46DE839">HIV.D.DE839</a></td><td>Culture</td><td>Chlamydia trachomatis test type - Culture</td></tr><tr><td><a href="CodeSystem-concept-codes.html#concept-codes-HIV.46D.46DE840">HIV.D.DE840</a></td><td>ELISA</td><td>Chlamydia trachomatis test type - ELISA</td></tr><tr><td><a href="CodeSystem-concept-codes.html#concept-codes-HIV.46D.46DE841">HIV.D.DE841</a></td><td>Microscopy</td><td>Chlamydia trachomatis test type - Microscopy</td></tr><tr><td><a href="CodeSystem-concept-codes.html#concept-codes-HIV.46D.46DE842">HIV.D.DE842</a></td><td>Other</td><td>Chlamydia trachomatis test type - Other</td></tr></table></li></ul></div></text><url value="http://fhir.org/guides/itech-uw/ValueSet/hiv-b-de285"/><version value="0.3.0"/><name value="ChlamydiatrachomatistesttypeCodes"/><title value="Chlamydia trachomatis test type Codes"/><status value="draft"/><experimental value="false"/><date value="2024-04-30T19:53:06+00:00"/><publisher value="World Health Organization (WHO) "/><contact><telecom><system value="url"/><value value="https://www.who.int"/></telecom></contact><description value="Codes representing possible values for the Chlamydia trachomatis test type element"/><jurisdiction><coding><system value="http://unstats.un.org/unsd/methods/m49/m49.htm"/><code value="001"/></coding></jurisdiction><immutable value="true"/><compose><include><system value="http://fhir.org/guides/itech-uw/who-smart-hiv-dak/CodeSystem/concept-codes"/><concept><code value="HIV.B.DE285"/><display value="NAAT"/></concept><concept><code value="HIV.B.DE286"/><display value="POC Test"/></concept><concept><code value="HIV.B.DE287"/><display value="Culture"/></concept><concept><code value="HIV.B.DE288"/><display value="ELISA"/></concept><concept><code value="HIV.B.DE289"/><display value="Microscopy"/></concept><concept><code value="HIV.B.DE290"/><display value="Other"/></concept><concept><code value="HIV.D.DE837"/><display value="NAAT"/></concept><concept><code value="HIV.D.DE838"/><display value="POC Test"/></concept><concept><code value="HIV.D.DE839"/><display value="Culture"/></concept><concept><code value="HIV.D.DE840"/><display value="ELISA"/></concept><concept><code value="HIV.D.DE841"/><display value="Microscopy"/></concept><concept><code value="HIV.D.DE842"/><display value="Other"/></concept></include></compose></ValueSet>