<?xml version="1.0" encoding="UTF-8"?><ValueSet xmlns="http://hl7.org/fhir"><id value="hiv-e-de63"/><text><status value="extensions"/><div xmlns="http://www.w3.org/1999/xhtml"><ul><li>Include these codes as defined in <a href="CodeSystem-concept-codes.html"><code>http://fhir.org/guides/itech-uw/who-smart-hiv-dak/CodeSystem/concept-codes</code></a><table class="none"><tr><td style="white-space:nowrap"><b>Code</b></td><td><b>Display</b></td><td><b>Definition</b></td></tr><tr><td><a href="CodeSystem-concept-codes.html#concept-codes-HIV.46E.46DE63">HIV.E.DE63</a></td><td>Not preterm</td><td>Preterm birth status - Not preterm</td></tr><tr><td><a href="CodeSystem-concept-codes.html#concept-codes-HIV.46E.46DE64">HIV.E.DE64</a></td><td>Preterm (&lt;37 weeks gestation)</td><td>Preterm birth status - Preterm (&lt;37 weeks gestation)</td></tr><tr><td><a href="CodeSystem-concept-codes.html#concept-codes-HIV.46E.46DE65">HIV.E.DE65</a></td><td>Very preterm (&lt;32 weeks gestation)</td><td>Preterm birth status - Very preterm (&lt;32 weeks gestation)</td></tr></table></li></ul></div></text><url value="http://fhir.org/guides/itech-uw/ValueSet/hiv-e-de63"/><version value="0.3.0"/><name value="PretermbirthstatusCodes"/><title value="Preterm birth status Codes"/><status value="draft"/><experimental value="false"/><date value="2024-05-15T17:51:55+00:00"/><publisher value="World Health Organization (WHO) "/><contact><telecom><system value="url"/><value value="https://www.who.int"/></telecom></contact><description value="Codes representing possible values for the Preterm birth status element"/><jurisdiction><coding><system value="http://unstats.un.org/unsd/methods/m49/m49.htm"/><code value="001"/></coding></jurisdiction><immutable value="true"/><compose><include><system value="http://fhir.org/guides/itech-uw/who-smart-hiv-dak/CodeSystem/concept-codes"/><concept><code value="HIV.E.DE63"/><display value="Not preterm"/></concept><concept><code value="HIV.E.DE64"/><display value="Preterm (&lt;37 weeks gestation)"/></concept><concept><code value="HIV.E.DE65"/><display value="Very preterm (&lt;32 weeks gestation)"/></concept></include></compose></ValueSet>