<?xml version="1.0" encoding="UTF-8"?><ValueSet xmlns="http://hl7.org/fhir"><id value="hiv-d-de943"/><text><status value="extensions"/><div xmlns="http://www.w3.org/1999/xhtml"><ul><li>Include these codes as defined in <a href="CodeSystem-concept-codes.html"><code>http://fhir.org/guides/itech-uw/who-smart-hiv-dak/CodeSystem/concept-codes</code></a><table class="none"><tr><td style="white-space:nowrap"><b>Code</b></td><td><b>Display</b></td><td><b>Definition</b></td></tr><tr><td><a href="CodeSystem-concept-codes.html#concept-codes-HIV.46D.46DE943">HIV.D.DE943</a></td><td>Bacteriologically confirmed</td><td>Method of TB diagnosis - Bacteriologically confirmed</td></tr><tr><td><a href="CodeSystem-concept-codes.html#concept-codes-HIV.46D.46DE944">HIV.D.DE944</a></td><td>Clinically diagnosed</td><td>Method of TB diagnosis - Clinically diagnosed</td></tr></table></li></ul></div></text><url value="http://fhir.org/guides/itech-uw/ValueSet/hiv-d-de943"/><version value="0.3.0"/><name value="MethodofTBdiagnosisCodes"/><title value="Method of TB diagnosis Codes"/><status value="draft"/><experimental value="false"/><date value="2024-05-15T17:51:55+00:00"/><publisher value="World Health Organization (WHO) "/><contact><telecom><system value="url"/><value value="https://www.who.int"/></telecom></contact><description value="Codes representing possible values for the Method of TB diagnosis element"/><jurisdiction><coding><system value="http://unstats.un.org/unsd/methods/m49/m49.htm"/><code value="001"/></coding></jurisdiction><immutable value="true"/><compose><include><system value="http://fhir.org/guides/itech-uw/who-smart-hiv-dak/CodeSystem/concept-codes"/><concept><code value="HIV.D.DE943"/><display value="Bacteriologically confirmed"/></concept><concept><code value="HIV.D.DE944"/><display value="Clinically diagnosed"/></concept></include></compose></ValueSet>