<?xml version="1.0" encoding="UTF-8"?><ValueSet xmlns="http://hl7.org/fhir"><id value="hiv-d-de898"/><text><status value="extensions"/><div xmlns="http://www.w3.org/1999/xhtml"><ul><li>Include these codes as defined in <a href="CodeSystem-concept-codes.html"><code>http://fhir.org/guides/itech-uw/who-smart-hiv-dak/CodeSystem/concept-codes</code></a><table class="none"><tr><td style="white-space:nowrap"><b>Code</b></td><td><b>Display</b></td><td><b>Definition</b></td></tr><tr><td><a href="CodeSystem-concept-codes.html#concept-codes-HIV.46D.46DE898">HIV.D.DE898</a></td><td>Working, able to perform usual work inside and outside the home</td><td>WHO functional status - Working, able to perform usual work inside and outside the home</td></tr><tr><td><a href="CodeSystem-concept-codes.html#concept-codes-HIV.46D.46DE899">HIV.D.DE899</a></td><td>Ambulatory, able to perform activity of daily living (ADL), not able to work</td><td>WHO functional status - Ambulatory, able to perform activity of daily living (ADL), not able to work</td></tr><tr><td><a href="CodeSystem-concept-codes.html#concept-codes-HIV.46D.46DE900">HIV.D.DE900</a></td><td>Bedridden not able to perform ADL</td><td>WHO functional status - Bedridden not able to perform ADL</td></tr></table></li></ul></div></text><url value="http://fhir.org/guides/itech-uw/ValueSet/hiv-d-de898"/><version value="0.3.0"/><name value="WHOfunctionalstatusCodes"/><title value="WHO functional status Codes"/><status value="draft"/><experimental value="false"/><date value="2024-05-15T17:51:55+00:00"/><publisher value="World Health Organization (WHO) "/><contact><telecom><system value="url"/><value value="https://www.who.int"/></telecom></contact><description value="Codes representing possible values for the WHO functional status element"/><jurisdiction><coding><system value="http://unstats.un.org/unsd/methods/m49/m49.htm"/><code value="001"/></coding></jurisdiction><immutable value="true"/><compose><include><system value="http://fhir.org/guides/itech-uw/who-smart-hiv-dak/CodeSystem/concept-codes"/><concept><code value="HIV.D.DE898"/><display value="Working, able to perform usual work inside and outside the home"/></concept><concept><code value="HIV.D.DE899"/><display value="Ambulatory, able to perform activity of daily living (ADL), not able to work"/></concept><concept><code value="HIV.D.DE900"/><display value="Bedridden not able to perform ADL"/></concept></include></compose></ValueSet>