<?xml version="1.0" encoding="UTF-8"?><ValueSet xmlns="http://hl7.org/fhir"><id value="hiv-b-de2"/><text><status value="extensions"/><div xmlns="http://www.w3.org/1999/xhtml"><ul><li>Include these codes as defined in <a href="CodeSystem-concept-codes.html"><code>http://fhir.org/guides/itech-uw/who-smart-hiv-dak/CodeSystem/concept-codes</code></a><table class="none"><tr><td style="white-space:nowrap"><b>Code</b></td><td><b>Display</b></td><td><b>Definition</b></td></tr><tr><td><a href="CodeSystem-concept-codes.html#concept-codes-HIV.46B.46DE2">HIV.B.DE2</a></td><td>First-time HIV test</td><td>Reason for visit - First-time HIV test</td></tr><tr><td><a href="CodeSystem-concept-codes.html#concept-codes-HIV.46B.46DE3">HIV.B.DE3</a></td><td>Retesting for HIV</td><td>Reason for visit - Retesting for HIV</td></tr><tr><td><a href="CodeSystem-concept-codes.html#concept-codes-HIV.46B.46DE4">HIV.B.DE4</a></td><td>HIV testing services visit</td><td>Reason for visit - HIV testing services visit</td></tr><tr><td><a href="CodeSystem-concept-codes.html#concept-codes-HIV.46D.46DE2">HIV.D.DE2</a></td><td>First clinical visit</td><td>Reason for visit - First clinical visit</td></tr><tr><td><a href="CodeSystem-concept-codes.html#concept-codes-HIV.46D.46DE3">HIV.D.DE3</a></td><td>Clinical visit</td><td>Reason for visit - Clinical visit</td></tr><tr><td><a href="CodeSystem-concept-codes.html#concept-codes-HIV.46D.46DE4">HIV.D.DE4</a></td><td>ART initiation</td><td>Reason for visit - ART initiation</td></tr><tr><td><a href="CodeSystem-concept-codes.html#concept-codes-HIV.46D.46DE5">HIV.D.DE5</a></td><td>ART drug pick up</td><td>Reason for visit - ART drug pick up</td></tr><tr><td><a href="CodeSystem-concept-codes.html#concept-codes-HIV.46D.46DE6">HIV.D.DE6</a></td><td>Issues and concerns</td><td>Reason for visit - Issues and concerns</td></tr><tr><td><a href="CodeSystem-concept-codes.html#concept-codes-HIV.46D.46DE7">HIV.D.DE7</a></td><td>Post-treatment follow-up visit for cervical precancer lesions or invasive cervical cancer</td><td>Reason for visit - Post-treatment follow-up visit for cervical precancer lesions or invasive cervical cancer</td></tr></table></li></ul></div></text><url value="http://fhir.org/guides/itech-uw/ValueSet/hiv-b-de2"/><version value="0.3.0"/><name value="ReasonforvisitCodes"/><title value="Reason for visit Codes"/><status value="draft"/><experimental value="false"/><date value="2024-06-06T18:10:14+00:00"/><publisher value="World Health Organization (WHO) "/><contact><telecom><system value="url"/><value value="https://www.who.int"/></telecom></contact><description value="Codes representing possible values for the Reason for visit element"/><jurisdiction><coding><system value="http://unstats.un.org/unsd/methods/m49/m49.htm"/><code value="001"/></coding></jurisdiction><immutable value="true"/><compose><include><system value="http://fhir.org/guides/itech-uw/who-smart-hiv-dak/CodeSystem/concept-codes"/><concept><code value="HIV.B.DE2"/><display value="First-time HIV test"/></concept><concept><code value="HIV.B.DE3"/><display value="Retesting for HIV"/></concept><concept><code value="HIV.B.DE4"/><display value="HIV testing services visit"/></concept><concept><code value="HIV.D.DE2"/><display value="First clinical visit"/></concept><concept><code value="HIV.D.DE3"/><display value="Clinical visit"/></concept><concept><code value="HIV.D.DE4"/><display value="ART initiation"/></concept><concept><code value="HIV.D.DE5"/><display value="ART drug pick up"/></concept><concept><code value="HIV.D.DE6"/><display value="Issues and concerns"/></concept><concept><code value="HIV.D.DE7"/><display value="Post-treatment follow-up visit for cervical precancer lesions or invasive cervical cancer"/></concept></include></compose></ValueSet>