<?xml version="1.0" encoding="UTF-8"?><ValueSet xmlns="http://hl7.org/fhir"><id value="hiv-b-de251"/><text><status value="extensions"/><div xmlns="http://www.w3.org/1999/xhtml"><ul><li>Include these codes as defined in <a href="CodeSystem-concept-codes.html"><code>http://fhir.org/guides/itech-uw/who-smart-hiv-dak/CodeSystem/concept-codes</code></a><table class="none"><tr><td style="white-space:nowrap"><b>Code</b></td><td><b>Display</b></td><td><b>Definition</b></td></tr><tr><td><a href="CodeSystem-concept-codes.html#concept-codes-HIV.46B.46DE251">HIV.B.DE251</a></td><td>Positive</td><td>Syphilis test result - Positive</td></tr><tr><td><a href="CodeSystem-concept-codes.html#concept-codes-HIV.46B.46DE252">HIV.B.DE252</a></td><td>Negative</td><td>Syphilis test result - Negative</td></tr><tr><td><a href="CodeSystem-concept-codes.html#concept-codes-HIV.46B.46DE253">HIV.B.DE253</a></td><td>Inconclusive</td><td>Syphilis test result - Inconclusive</td></tr><tr><td><a href="CodeSystem-concept-codes.html#concept-codes-HIV.46D.46DE803">HIV.D.DE803</a></td><td>Positive</td><td>Syphilis test result - Positive</td></tr><tr><td><a href="CodeSystem-concept-codes.html#concept-codes-HIV.46D.46DE804">HIV.D.DE804</a></td><td>Negative</td><td>Syphilis test result - Negative</td></tr><tr><td><a href="CodeSystem-concept-codes.html#concept-codes-HIV.46D.46DE805">HIV.D.DE805</a></td><td>Inconclusive</td><td>Syphilis test result - Inconclusive</td></tr><tr><td><a href="CodeSystem-concept-codes.html#concept-codes-HIV.46G.46DE71">HIV.G.DE71</a></td><td>Positive</td><td>Syphilis test result - Positive</td></tr><tr><td><a href="CodeSystem-concept-codes.html#concept-codes-HIV.46G.46DE72">HIV.G.DE72</a></td><td>Negative</td><td>Syphilis test result - Negative</td></tr><tr><td><a href="CodeSystem-concept-codes.html#concept-codes-HIV.46G.46DE73">HIV.G.DE73</a></td><td>Inconclusive</td><td>Syphilis test result - Inconclusive</td></tr></table></li></ul></div></text><url value="http://fhir.org/guides/itech-uw/ValueSet/hiv-b-de251"/><version value="0.3.0"/><name value="SyphilistestresultCodes"/><title value="Syphilis test result Codes"/><status value="draft"/><experimental value="false"/><date value="2024-06-06T18:10:14+00:00"/><publisher value="World Health Organization (WHO) "/><contact><telecom><system value="url"/><value value="https://www.who.int"/></telecom></contact><description value="Codes representing possible values for the Syphilis test result element"/><jurisdiction><coding><system value="http://unstats.un.org/unsd/methods/m49/m49.htm"/><code value="001"/></coding></jurisdiction><immutable value="true"/><compose><include><system value="http://fhir.org/guides/itech-uw/who-smart-hiv-dak/CodeSystem/concept-codes"/><concept><code value="HIV.B.DE251"/><display value="Positive"/></concept><concept><code value="HIV.B.DE252"/><display value="Negative"/></concept><concept><code value="HIV.B.DE253"/><display value="Inconclusive"/></concept><concept><code value="HIV.D.DE803"/><display value="Positive"/></concept><concept><code value="HIV.D.DE804"/><display value="Negative"/></concept><concept><code value="HIV.D.DE805"/><display value="Inconclusive"/></concept><concept><code value="HIV.G.DE71"/><display value="Positive"/></concept><concept><code value="HIV.G.DE72"/><display value="Negative"/></concept><concept><code value="HIV.G.DE73"/><display value="Inconclusive"/></concept></include></compose></ValueSet>