<?xml version="1.0" encoding="UTF-8"?><ValueSet xmlns="http://hl7.org/fhir"><id value="hiv-d-de147"/><text><status value="extensions"/><div xmlns="http://www.w3.org/1999/xhtml"><ul><li>Include these codes as defined in <a href="CodeSystem-concept-codes.html"><code>http://fhir.org/guides/itech-uw/who-smart-hiv-dak/CodeSystem/concept-codes</code></a><table class="none"><tr><td style="white-space:nowrap"><b>Code</b></td><td><b>Display</b></td><td><b>Definition</b></td></tr><tr><td><a href="CodeSystem-concept-codes.html#concept-codes-HIV.46D.46DE147">HIV.D.DE147</a></td><td>NRTI</td><td>ART regimen drug class - NRTI</td></tr><tr><td><a href="CodeSystem-concept-codes.html#concept-codes-HIV.46D.46DE148">HIV.D.DE148</a></td><td>NtRTI</td><td>ART regimen drug class - NtRTI</td></tr><tr><td><a href="CodeSystem-concept-codes.html#concept-codes-HIV.46D.46DE149">HIV.D.DE149</a></td><td>NNRTI</td><td>ART regimen drug class - NNRTI</td></tr><tr><td><a href="CodeSystem-concept-codes.html#concept-codes-HIV.46D.46DE150">HIV.D.DE150</a></td><td>PI</td><td>ART regimen drug class - PI</td></tr><tr><td><a href="CodeSystem-concept-codes.html#concept-codes-HIV.46D.46DE151">HIV.D.DE151</a></td><td>INSTI</td><td>ART regimen drug class - INSTI</td></tr></table></li></ul></div></text><url value="http://fhir.org/guides/itech-uw/ValueSet/hiv-d-de147"/><version value="0.3.0"/><name value="ARTregimendrugclassCodes"/><title value="ART regimen drug class Codes"/><status value="draft"/><experimental value="false"/><date value="2024-04-30T19:24:27+00:00"/><publisher value="World Health Organization (WHO) "/><contact><telecom><system value="url"/><value value="https://www.who.int"/></telecom></contact><description value="Codes representing possible values for the ART regimen drug class element"/><jurisdiction><coding><system value="http://unstats.un.org/unsd/methods/m49/m49.htm"/><code value="001"/></coding></jurisdiction><immutable value="true"/><compose><include><system value="http://fhir.org/guides/itech-uw/who-smart-hiv-dak/CodeSystem/concept-codes"/><concept><code value="HIV.D.DE147"/><display value="NRTI"/></concept><concept><code value="HIV.D.DE148"/><display value="NtRTI"/></concept><concept><code value="HIV.D.DE149"/><display value="NNRTI"/></concept><concept><code value="HIV.D.DE150"/><display value="PI"/></concept><concept><code value="HIV.D.DE151"/><display value="INSTI"/></concept></include></compose></ValueSet>