<?xml version="1.0" encoding="UTF-8"?><ValueSet xmlns="http://hl7.org/fhir"><id value="hiv-c-de76"/><text><status value="extensions"/><div xmlns="http://www.w3.org/1999/xhtml"><ul><li>Include these codes as defined in <a href="CodeSystem-concept-codes.html"><code>http://fhir.org/guides/itech-uw/who-smart-hiv-dak/CodeSystem/concept-codes</code></a><table class="none"><tr><td style="white-space:nowrap"><b>Code</b></td><td><b>Display</b></td><td><b>Definition</b></td></tr><tr><td><a href="CodeSystem-concept-codes.html#concept-codes-HIV.46C.46DE76">HIV.C.DE76</a></td><td>PrEP for HIV prevention</td><td>Medications prescribed - PrEP for HIV prevention</td></tr><tr><td><a href="CodeSystem-concept-codes.html#concept-codes-HIV.46C.46DE77">HIV.C.DE77</a></td><td>PEP for HIV prevention</td><td>Medications prescribed - PEP for HIV prevention</td></tr><tr><td><a href="CodeSystem-concept-codes.html#concept-codes-HIV.46C.46DE78">HIV.C.DE78</a></td><td>Other</td><td>Medications prescribed - Other</td></tr></table></li></ul></div></text><url value="http://fhir.org/guides/itech-uw/ValueSet/hiv-c-de76"/><version value="0.3.0"/><name value="MedicationsprescribedCodes"/><title value="Medications prescribed Codes"/><status value="draft"/><experimental value="false"/><date value="2024-06-10T14:32:54+00:00"/><publisher value="World Health Organization (WHO) "/><contact><telecom><system value="url"/><value value="https://www.who.int"/></telecom></contact><description value="Codes representing possible values for the Medications prescribed element"/><jurisdiction><coding><system value="http://unstats.un.org/unsd/methods/m49/m49.htm"/><code value="001"/></coding></jurisdiction><immutable value="true"/><compose><include><system value="http://fhir.org/guides/itech-uw/who-smart-hiv-dak/CodeSystem/concept-codes"/><concept><code value="HIV.C.DE76"/><display value="PrEP for HIV prevention"/></concept><concept><code value="HIV.C.DE77"/><display value="PEP for HIV prevention"/></concept><concept><code value="HIV.C.DE78"/><display value="Other"/></concept></include></compose></ValueSet>