<?xml version="1.0" encoding="UTF-8"?><ValueSet xmlns="http://hl7.org/fhir"><id value="hiv-c-de92"/><text><status value="extensions"/><div xmlns="http://www.w3.org/1999/xhtml"><ul><li>Include these codes as defined in <a href="CodeSystem-concept-codes.html"><code>http://fhir.org/guides/itech-uw/who-smart-hiv-dak/CodeSystem/concept-codes</code></a><table class="none"><tr><td style="white-space:nowrap"><b>Code</b></td><td><b>Display</b></td><td><b>Definition</b></td></tr><tr><td><a href="CodeSystem-concept-codes.html#concept-codes-HIV.46C.46DE92">HIV.C.DE92</a></td><td>TDF + 3TC</td><td>Preferred PEP backbone regimen - TDF + 3TC</td></tr><tr><td><a href="CodeSystem-concept-codes.html#concept-codes-HIV.46C.46DE93">HIV.C.DE93</a></td><td>TDF + FTC</td><td>Preferred PEP backbone regimen - TDF + FTC</td></tr><tr><td><a href="CodeSystem-concept-codes.html#concept-codes-HIV.46C.46DE94">HIV.C.DE94</a></td><td>AZT + 3TC</td><td>Preferred PEP backbone regimen - AZT + 3TC</td></tr></table></li></ul></div></text><url value="http://fhir.org/guides/itech-uw/ValueSet/hiv-c-de92"/><version value="0.3.0"/><name value="PreferredPEPbackboneregimenCodes"/><title value="Preferred PEP backbone regimen Codes"/><status value="draft"/><experimental value="false"/><date value="2024-04-30T19:50:03+00:00"/><publisher value="World Health Organization (WHO) "/><contact><telecom><system value="url"/><value value="https://www.who.int"/></telecom></contact><description value="Codes representing possible values for the Preferred PEP backbone regimen element"/><jurisdiction><coding><system value="http://unstats.un.org/unsd/methods/m49/m49.htm"/><code value="001"/></coding></jurisdiction><immutable value="true"/><compose><include><system value="http://fhir.org/guides/itech-uw/who-smart-hiv-dak/CodeSystem/concept-codes"/><concept><code value="HIV.C.DE92"/><display value="TDF + 3TC"/></concept><concept><code value="HIV.C.DE93"/><display value="TDF + FTC"/></concept><concept><code value="HIV.C.DE94"/><display value="AZT + 3TC"/></concept></include></compose></ValueSet>