{
  "codeSystems" : [
    {
      "url" : "http://fhir.org/guides/itech-uw/who-smart-hiv-dak/CodeSystem/concept-codes",
      "version" : "0.3.0",
      "status" : "draft",
      "name" : "itechuwConceptCodes",
      "title" : "itech-uw Concept Codes",
      "description" : "Set of codes representing all concepts used in the implementation guide",
      "uses" : {
      },
      "ValueSet-hiv-c-de100.html" : "Preferred third PEP drug Codes",
      "ValueSet-hiv-d-de84.html" : "Current ART regimen (first-, second-, or third-line) Codes",
      "ValueSet-hiv-c-de42.html" : "Pregnancy intention in serodiscordant partnerships Codes",
      "ValueSet-hiv-e-de63.html" : "Preterm birth status Codes",
      "ValueSet-hiv-b-de285.html" : "Chlamydia trachomatis test type Codes",
      "ValueSet-hiv-g-de36.html" : "Reason Hepatitis C test not done Codes",
      "ValueSet-hiv-d-de665.html" : "HPV-DNA cervical cancer screening test result Codes",
      "ValueSet-hiv-b-de143.html" : "Counselling provided Codes",
      "ValueSet-hiv-e-de260.html" : "Urine protein test result Codes",
      "ValueSet-hiv-b-de262.html" : "Type of specimen Codes",
      "ValueSet-hiv-g-de75.html" : "Syphilis diagnosis Codes",
      "ValueSet-hiv-b-de208.html" : "Type of adverse VMMC event Codes",
      "ConceptMap-ICD-10.html" : "ICD-10",
      "ValueSet-hiv-b-de19.html" : "Entry point for community-level testing Codes",
      "ValueSet-hiv-d-de720.html" : "Treatment method for cervical precancer lesions Codes",
      "ValueSet-hiv-d-de384.html" : "Time to start ART Codes",
      "ValueSet-hiv-e-de68.html" : "Place of delivery Codes",
      "ValueSet-hiv-a-de26.html" : "Sex Codes",
      "ValueSet-hiv-c-de25.html" : "Experience with PrEP Codes",
      "ValueSet-hiv-d-de948.html" : "TB treatment history Codes",
      "ValueSet-hiv-d-de218.html" : "Reason ART stopped Codes",
      "ValueSet-hiv-d-de659.html" : "Cervical cancer primary screening test type Codes",
      "ValueSet-hiv-c-de64.html" : "Screenings and diagnostics for PrEP users Codes",
      "ValueSet-hiv-d-de898.html" : "WHO functional status Codes",
      "ValueSet-hiv-e-de48.html" : "Pregnancy outcome Codes",
      "ValueSet-hiv-b-de251.html" : "Syphilis test result Codes",
      "ConceptMap-ICD-11.html" : "ICD-11",
      "ValueSet-hiv-b-de116.html" : "HIV status Codes",
      "ValueSet-hiv-d-de1011.html" : "TB treatment regimen composition Codes",
      "ValueSet-hiv-prv-de12.html" : "HIV status of contact Codes",
      "ValueSet-hiv-b-de302.html" : "Herpes simplex virus (HSV) test type Codes",
      "ValueSet-hiv-d-de987.html" : "TB screening result Codes",
      "ValueSet-hiv-e-de42.html" : "Timing of ART initiation Codes",
      "ValueSet-hiv-b-de9.html" : "Type of contact or partner for partner services Codes",
      "ValueSet-hiv-e-de191.html" : "EID test number 2 test result Codes",
      "ValueSet-hiv-d-de171.html" : "HCV test result Codes",
      "ValueSet-hiv-e-de137.html" : "Type of iron supplement dosage provided Codes",
      "ValueSet-hiv-c-de32.html" : "PEP history Codes",
      "ValueSet-hiv-e-de235.html" : "HIV-exposed infant reason for unknown final status Codes",
      "ValueSet-hiv-b-de95.html" : "Test result of HIV assay 1 Codes",
      "ValueSet-hiv-d-de594.html" : "Medication status Codes",
      "ValueSet-hiv-h-de35.html" : "HIV status of partner or contact Codes",
      "ValueSet-hiv-d-de1035.html" : "TB preventive treatment (TPT) status Codes",
      "ValueSet-hiv-d-de44.html" : "ART start type Codes",
      "ValueSet-hiv-b-de122.html" : "Probable route of transmission* Codes",
      "ValueSet-hiv-d-de940.html" : "TB diagnosis result Codes",
      "ValueSet-hiv-d-de689.html" : "HPV16/18 test result Codes",
      "ValueSet-hiv-d-de91.html" : "ART regimen Codes",
      "ValueSet-hiv-d-de230.html" : "General care activities recommended Codes",
      "ValueSet-hiv-b-de238.html" : "STI tested for Codes",
      "ValueSet-hiv-d-de163.html" : "HBsAg test result Codes",
      "ValueSet-hiv-d-de1029.html" : "TPT regimen type Codes",
      "ValueSet-hiv-c-de76.html" : "Medications prescribed Codes",
      "ValueSet-hiv-e-de146.html" : "Maternal HIV status at first ANC visit Codes",
      "ValueSet-hiv-b-de257.html" : "Gonorrhoea test result Codes",
      "ValueSet-hiv-d-de533.html" : "Reason blood pressure reading not done Codes",
      "ValueSet-hiv-b-de270.html" : "Syphilis test type Codes",
      "ValueSet-hiv-g-de52.html" : "Hepatitis C diagnosis Codes",
      "ValueSet-hiv-prv-de3.html" : "HIV prevention intervention Codes",
      "ValueSet-hiv-c-de144.html" : "HIV self-test distributed for use by Codes",
      "ValueSet-hiv-b-de34.html" : "Partner HIV status (reported) Codes",
      "ValueSet-hiv-c-de139.html" : "Condom type Codes",
      "ValueSet-hiv-d-de467.html" : "Type of treatment-limiting toxicity Codes",
      "ValueSet-hiv-d-de732.html" : "Invasive cervical cancer treatment method Codes",
      "ValueSet-hiv-d-de710.html" : "Cervical cancer diagnosis Codes",
      "ValueSet-hiv-b-de23.html" : "Entry point for facility-level testing Codes",
      "ValueSet-hiv-b-de112.html" : "HIV test result Codes",
      "ValueSet-hiv-b-de137.html" : "Partner HIV status (confirmed) Codes",
      "ValueSet-hiv-b-de318.html" : "Confirmatory syphilis test type Codes",
      "ValueSet-hiv-d-de570.html" : "Family planning method used Codes",
      "ValueSet-hiv-h-de24.html" : "Outcome from outreach attempt Codes",
      "ValueSet-hiv-d-de682.html" : "Cervical cancer triage test type Codes",
      "ValueSet-hiv-a-de31.html" : "Marital Status Codes",
      "ValueSet-hiv-d-de419.html" : "Reason for ARV drug regimen substitution Codes",
      "ValueSet-hiv-d-de450.html" : "Pregnant and breastfeeding status at ART start Codes",
      "ValueSet-hiv-b-de2.html" : "Reason for visit Codes",
      "ValueSet-hiv-d-de1020.html" : "TB status at ART start Codes",
      "ValueSet-hiv-d-de974.html" : "Symptoms of TB Codes",
      "ValueSet-hiv-b-de82.html" : "HIV test type Codes",
      "ValueSet-hiv-e-de247.html" : "Blood group and Rh factor Codes",
      "ValueSet-hiv-c-de96.html" : "Alternative PEP backbone regimen Codes",
      "ValueSet-hiv-g-de30.html" : "Hepatitis B diagnosis Codes",
      "ConceptMap-LOINC.html" : "LOINC",
      "ValueSet-hiv-b-de326.html" : "Confirmatory STI test result Codes",
      "ValueSet-hiv-c-de18.html" : "Current PrEP regimen Codes",
      "ValueSet-hiv-d-de198.html" : "Reason(s) for adherence problem Codes",
      "ValueSet-hiv-b-de69.html" : "HIV serotype Codes",
      "ValueSet-hiv-b-de103.html" : "Test result of HIV assay 3 Codes",
      "ValueSet-hiv-b-de159.html" : "Sexual and reproductive health integrated services Codes",
      "ValueSet-hiv-b-de6.html" : "Referred through partner services Codes",
      "ValueSet-hiv-c-de92.html" : "Preferred PEP backbone regimen Codes",
      "ValueSet-hiv-b-de166.html" : "Offer other clinical services Codes",
      "ValueSet-hiv-d-de18.html" : "Signs of serious illness Codes",
      "ValueSet-hiv-c-de47.html" : "Acute HIV infection symptoms Codes",
      "ValueSet-hiv-d-de957.html" : "TB screening algorithm Codes",
      "ValueSet-hiv-e-de150.html" : "Maternal syphilis test result Codes",
      "ValueSet-hiv-d-de894.html" : "Staging of liver disease Codes",
      "ValueSet-hiv-b-de192.html" : "Type of follow-up appointment Codes",
      "ValueSet-hiv-b-de150.html" : "Prevention services offered and referrals Codes",
      "ValueSet-hiv-b-de173.html" : "Other support services Codes",
      "ValueSet-hiv-d-de993.html" : "TB diagnostic test category Codes",
      "ConceptMap-ICF.html" : "ICF",
      "ValueSet-hiv-d-de611.html" : "Disease targeted Codes",
      "ValueSet-hiv-d-de187.html" : "HIV clinical stage Codes",
      "ValueSet-hiv-d-de713.html" : "Cervical cancer stage at diagnosis Codes",
      "ValueSet-hiv-e-de7.html" : "Source of gestational age Codes",
      "ValueSet-hiv-a-de6.html" : "Referred by Codes",
      "ValueSet-hiv-b-de107.html" : "Test result of HIV assay 1 repeated Codes",
      "ValueSet-hiv-e-de18.html" : "Past pregnancy complications Codes",
      "ValueSet-hiv-d-de698.html" : "Cervical cancer histopathology result Codes",
      "ValueSet-hiv-g-de63.html" : "Reason syphilis test not done Codes",
      "ValueSet-hiv-e-de265.html" : "Type of hypertensive disorder Codes",
      "ValueSet-hiv-e-de109.html" : "Infant or child exposure to HIV Codes",
      "ValueSet-hiv-i-de3.html" : "Reason for referral Codes",
      "ValueSet-hiv-e-de53.html" : "Delivery mode Codes",
      "ValueSet-hiv-d-de248.html" : "Preventing and treating coinfections Codes",
      "ValueSet-hiv-b-de16.html" : "Testing entry point Codes",
      "ValueSet-hiv-e-de168.html" : "Infant ARV prophylaxis start date Codes",
      "ValueSet-hiv-b-de227.html" : "Syndrome/STI diagnosed Codes",
      "ValueSet-hiv-d-de183.html" : "HCV medicine type Codes",
      "ValueSet-hiv-d-de66.html" : "Existing chronic health conditions Codes",
      "ValueSet-hiv-d-de180.html" : "HCV viral load test result Codes",
      "ValueSet-hiv-e-de256.html" : "Asymptomatic bacteriuria (ASB) test result Codes",
      "ValueSet-hiv-g-de14.html" : "HIV viral load specimen type Codes",
      "ValueSet-hiv-b-de38.html" : "Partner is from a key population* Codes",
      "ValueSet-hiv-b-de51.html" : "Key population member type* Codes",
      "ValueSet-hiv-b-de75.html" : "Type of contact elicited Codes",
      "ValueSet-hiv-c-de102.html" : "Alternative third PEP drug Codes",
      "ValueSet-hiv-config-de13.html" : "HIV burden of the setting Codes",
      "ValueSet-hiv-d-de707.html" : "Cervical cancer screening outcome Codes",
      "ValueSet-hiv-h-de2.html" : "Reason for follow-up Codes",
      "ValueSet-hiv-h-de18.html" : "Source of information Codes",
      "ValueSet-hiv-b-de99.html" : "Test result of HIV assay 2 Codes",
      "ValueSet-hiv-d-de904.html" : "Medication/drug Codes",
      "ValueSet-hiv-e-de128.html" : "Infant feeding practice Codes",
      "ValueSet-hiv-e-de217.html" : "Test result of syphilis assay 1 Codes",
      "ValueSet-hiv-b-de205.html" : "Timing of adverse event Codes",
      "ValueSet-hiv-c-de108.html" : "Sex factor for estimating creatinine clearance Codes",
      "ValueSet-hiv-d-de431.html" : "Reason for regimen switch Codes",
      "ValueSet-hiv-d-de447.html" : "Coinfection status at ART start Codes",
      "ValueSet-hiv-a-de47.html" : "Communication preference(s) Codes",
      "ValueSet-hiv-e-de174.html" : "Maternal and child health service visit Codes",
      "ValueSet-hiv-c-de37.html" : "Signs of substantial risk of HIV infection Codes",
      "ValueSet-hiv-b-de62.html" : "HIV exposure type* Codes",
      "ValueSet-hiv-d-de392.html" : "Reason for HIV viral load test Codes",
      "ValueSet-hiv-c-de56.html" : "Sex partner's HIV treatment status Codes",
      "ValueSet-hiv-d-de538.html" : "Current medications Codes",
      "ValueSet-hiv-c-de2.html" : "Reason for PrEP visit Codes",
      "ValueSet-hiv-d-de400.html" : "Monitoring examinations Codes",
      "ValueSet-hiv-d-de147.html" : "ART regimen drug class Codes",
      "ConceptMap-ICHI.html" : "ICHI",
      "ValueSet-hiv-e-de105.html" : "Maternal HIV test result Codes",
      "ValueSet-hiv-e-de221.html" : "Test result of syphilis assay 1 repeated Codes",
      "ValueSet-hiv-d-de371.html" : "Reasons for delayed ART initiation Codes",
      "ValueSet-hiv-d-de290.html" : "WHO HIV clinical stage condition or symptom Codes",
      "ValueSet-hiv-d-de57.html" : "Antiretroviral (ARV) drugs received prior to enrolment Codes",
      "ValueSet-hiv-b-de294.html" : "Trichomonas vaginalis test type Codes",
      "ValueSet-hiv-c-de12.html" : "PrEP dosing type Codes",
      "ValueSet-hiv-d-de647.html" : "Reason malaria prophylaxis not provided Codes",
      "ValueSet-hiv-b-de307.html" : "Mycoplasma genitalium test type Codes",
      "ValueSet-hiv-d-de943.html" : "Method of TB diagnosis Codes",
      "ValueSet-hiv-e-de142.html" : "Maternal HIV status Codes",
      "ValueSet-hiv-c-de81.html" : "PrEP product prescribed Codes",
      "ValueSet-hiv-e-de226.html" : "Infant HIV status Codes",
      "ValueSet-hiv-d-de1003.html" : "TB treatment outcome Codes",
      "ValueSet-hiv-d-de637.html" : "Reason immunization was not provided Codes",
      "ValueSet-hiv-c-de113.html" : "Contraindications to PrEP usage Codes",
      "ValueSet-hiv-d-de260.html" : "Risk factors, comorbidities and coinfections signs and symptoms Codes",
      "ValueSet-hiv-h-de42.html" : "HIV treatment outcome Codes",
      "ValueSet-hiv-a-de19.html" : "Gender* Codes",
      "ValueSet-hiv-b-de313.html" : "STI test result Codes",
      "ValueSet-hiv-b-de277.html" : "Neisseria gonorrhoeae test type Codes",
      "ValueSet-hiv-e-de92.html" : "Gender of infant Codes",
      "ValueSet-hiv-e-de187.html" : "EID test number 1 test result Codes",
      "ValueSet-hiv-h-de14.html" : "Contact method Codes",
      "ValueSet-hiv-d-de226.html" : "Treatment failure Codes",
      "ValueSet-hiv-d-de765.html" : "DSD ART model(s) Codes",
      "ValueSet-hiv-d-de129.html" : "ART regimen composition Codes",
      "ValueSet-hiv-d-de669.html" : "VIA cervical cancer screening test result Codes",
      "ValueSet-hiv-e-de231.html" : "Final diagnosis of HIV-exposed infant Codes",
      "ValueSet-hiv-d-de359.html" : "Clinical stage at start of ART Codes",
      "ValueSet-hiv-d-de561.html" : "Allergies Codes",
      "ValueSet-hiv-b-de180.html" : "Intimate partner violence enquiry results Codes",
      "ValueSet-hiv-b-de133.html" : "Partner HIV test result Codes",
      "ValueSet-hiv-d-de674.html" : "Cervical cytology screening test result Codes",
      "ValueSet-hiv-g-de23.html" : "Reason Hepatitis B test not conducted Codes",
      "ValueSet-hiv-d-de692.html" : "Cervical cancer colposcopy result Codes"
    },
    {
      "url" : "http://hl7.org/fhir/sid/icd-10",
      "version" : "2.1.1",
      "status" : "retired",
      "name" : "Icd10",
      "title" : "ICD-10",
      "description" : "International Classification of Diseases revision 10 (ICD 10)",
      "oids" : ["2.16.840.1.113883.6.3"],
      "uses" : {
      },
      "ConceptMap-ICD-10.html" : "ICD-10"
    },
    {
      "url" : "http://hl7.org/fhir/sid/icf-nl",
      "version" : "1.0.0",
      "status" : "active",
      "name" : "ICFDut",
      "title" : "International Classification of Functioning, Disability and Health, Dutch Translation",
      "description" : "\"The International Classification of Functioning, Disability and Health, known more commonly as ICF, is a classification of health and health-related domains. As the functioning and disability of an individual occurs in a context, ICF also includes a list of environmental factors.\r\n\r\nICF is the WHO framework for measuring health and disability at both individual and population levels.\r\n\r\nICF was officially endorsed by all 191 WHO Member States in the Fifty-fourth World Health Assembly on 22 May 2001(resolution [WHA 54.21](http://apps.who.int/gb/archive/pdf_files/WHA54/ea54r21.pdf) ) as the international standard to describe and measure health and disability.\r\n\r\nICF is based on the same foundation as ICD and ICHI and share the same set of extension codes that enable documentation at a higher level of detail.\"\r\n\r\n\"The Dutch translation of the ICF is published in book form by BSL. The ICF can also be consulted online in the [Classification Browser](https://class.whofic.nl/browser.aspx?scheme=ICF-nl.cla).\r\n\r\nThe ICF team of the WHO-FIC Collaborating Center combines expertise in the field of the ICF for the Dutch language area and currently consists of delegations from the Netherlands Paramedical Institute, the University Medical Center Groningen, Maastricht University, the Big Move Institute, Stichting Scientific Research Road Safety, University of Ghent, Vilans, and Rehabilitation Center de Hoogstraat.\"\r\n\r\nOfficial updates to the ICF are available as annual lists of changes.\r\n\r\nThese updates are approved annually at the October meeting of the WHO Family of International Classifications (WHO-FIC) Network.\r\n\r\nTo license ICF, the same rules apply for ICF as for ICD. See [http://icd.who.int/](http://icd.who.int/).\r\n\r\nFor more information, see [https://www.whofic.nl/familie-van-internationale-classificaties/referentie-classificaties/icf](https://www.whofic.nl/familie-van-internationale-classificaties/referentie-classificaties/icf).",
      "uses" : {
      },
      "ConceptMap-ICF.html" : "ICF"
    },
    {
      "url" : "http://loinc.org",
      "version" : "3.1.0",
      "status" : "active",
      "name" : "LOINC",
      "title" : "Logical Observation Identifiers, Names and Codes (LOINC)",
      "description" : "LOINC provides a set of universal names and ID codes for identifying laboratory and clinical test results.1,2 LOINC facilitates the exchange and pooling of results, such as blood hemoglobin, serum potassium, or vital signs, for clinical care, outcomes management, and research. LOINC's universal identifiers (names and codes) can be used in the context of order and observation exchanges between information systems that use syntax standards such as HL73, CEN TC251, ISO TC215, ASTM4, and DICOM. Specifically, the identifier can be used as the coded value for an observation in any other standard that uses the observation/observation value paradigm, whether messages, documents, application programming interface (API), etc. For example, LOINC codes are used widely in the OBX segment Observation Identifier field (OBX-3) of an ORU HL7 (HL7 version 2.x or ASTM 1238-9410) message that may be sent between a Clinical Laboratory Information Management Systems (LIMS) and Electronic Health Record Systems (EHR).5, 6 In this way, LOINC codes provide universal identifiers that allow the exchange of clinical data between heterogeneous computing environments.",
      "oids" : ["2.16.840.1.113883.6.1"],
      "uses" : {
      },
      "ConceptMap-LOINC.html" : "LOINC"
    }
  ]
}
