<?xml version="1.0" encoding="UTF-8"?>

<PlanDefinition xmlns="http://hl7.org/fhir">
  <id value="HIVD212DT"/>
  <text>
    <status value="generated"/><div xmlns="http://www.w3.org/1999/xhtml"><p><b>Generated Narrative: PlanDefinition </b><a name="HIVD212DT"> </a><a name="hcHIVD212DT"> </a></p><div style="display: inline-block; background-color: #d9e0e7; padding: 6px; margin: 4px; border: 1px solid #8da1b4; border-radius: 5px; line-height: 60%"><p style="margin-bottom: 0px">ResourcePlanDefinition &quot;HIVD212DT&quot; </p></div><p><b>url</b>: <code>http://fhir.org/guides/who/anc-cds/PlanDefinition/HIVD212DT</code></p><p><b>identifier</b>: HIV.D21.2.DT (use: official)</p><p><b>version</b>: 0.3.0</p><p><b>name</b>: HIVD212DT</p><p><b>title</b>: HIV.D21.2.DT</p><p><b>type</b>: ECA Rule <span style="background: LightGoldenRodYellow; margin: 4px; border: 1px solid khaki"> (<a href="http://terminology.hl7.org/5.5.0/CodeSystem-plan-definition-type.html">PlanDefinitionType</a>#eca-rule)</span></p><p><b>status</b>: active</p><p><b>experimental</b>: false</p><p><b>date</b>: 2024-03-26 13:56:58+0300</p><p><b>publisher</b>: World Health Organization (WHO) </p><p><b>contact</b>: <a href="https://www.who.int">https://www.who.int</a></p><p><b>description</b>: Check for known drug interactions</p><h3>UseContexts</h3><table class="grid"><tr><td style="display: none">-</td><td><b>Code</b></td><td><b>Value[x]</b></td></tr><tr><td style="display: none">*</td><td>Workflow Task (Details: UsageContextType code task  = ' Workflow Task ', stated as ' Workflow Task ')</td><td>Determine regimen and treatment options <span style="background: LightGoldenRodYellow; margin: 4px; border: 1px solid khaki"> (activity-codes#HIV.D21)</span></td></tr></table><p><b>jurisdiction</b>: Global (Whole world) <span style="background: LightGoldenRodYellow; margin: 4px; border: 1px solid khaki"> (m49.htm#001)</span></p><p><b>library</b>: <a href="http://fhir.org/guides/who/anc-cds/Library/HIVD212DT">http://fhir.org/guides/who/anc-cds/Library/HIVD212DT</a></p><blockquote><p><b>action</b></p><p><b>title</b>: HIV.D21.2.DT</p><h3>Triggers</h3><table class="grid"><tr><td style="display: none">-</td><td><b>Type</b></td><td><b>Name</b></td></tr><tr><td style="display: none">*</td><td>named-event</td><td>HIV.D21 Determine regimen and treatment options</td></tr></table><blockquote><p><b>action</b></p><blockquote><p><b>id</b></p>1</blockquote><p><b>title</b>: Set &quot;Regimen substitution recommended&quot;=TrueSuggested management:Substitute rifampicin with rifabutin</p><p><b>description</b>: Set &quot;Regimen substitution recommended&quot;=TrueSuggested management:Substitute rifampicin with rifabutin</p><blockquote><p><b>documentation</b></p></blockquote><blockquote><p><b>condition</b></p></blockquote><blockquote><p><b>action</b></p></blockquote><blockquote><p><b>action</b></p></blockquote></blockquote><blockquote><p><b>action</b></p><blockquote><p><b>id</b></p>2</blockquote><p><b>title</b>: Set &quot;Dose adjustment recommended&quot;=TrueSet &quot;Regimen substitution recommended&quot;=TrueSuggested management:Substitute rifampicin with rifabutin.Adjust the dose of LPV/r or substitute with three NRTIs (for children)</p><p><b>description</b>: Set &quot;Dose adjustment recommended&quot;=TrueSet &quot;Regimen substitution recommended&quot;=TrueSuggested management:Substitute rifampicin with rifabutin.Adjust the dose of LPV/r or substitute with three NRTIs (for children)</p><blockquote><p><b>documentation</b></p></blockquote><blockquote><p><b>condition</b></p></blockquote><blockquote><p><b>action</b></p></blockquote><blockquote><p><b>action</b></p></blockquote></blockquote><blockquote><p><b>action</b></p><blockquote><p><b>id</b></p>3</blockquote><p><b>title</b>: Set &quot;Medication change recommended&quot;=TrueSuggested management: Use an alternative antimalarial agent</p><p><b>description</b>: Set &quot;Medication change recommended&quot;=TrueSuggested management: Use an alternative antimalarial agent</p><blockquote><p><b>documentation</b></p></blockquote><blockquote><p><b>condition</b></p></blockquote><blockquote><p><b>action</b></p></blockquote><blockquote><p><b>action</b></p></blockquote></blockquote><blockquote><p><b>action</b></p><blockquote><p><b>id</b></p>4</blockquote><p><b>title</b>: Set &quot;Medication change recommended&quot;=TrueSuggested management: Use an alternative statin (such as pravastatin)</p><p><b>description</b>: Set &quot;Medication change recommended&quot;=TrueSuggested management: Use an alternative statin (such as pravastatin)</p><blockquote><p><b>documentation</b></p></blockquote><blockquote><p><b>condition</b></p></blockquote><blockquote><p><b>action</b></p></blockquote><blockquote><p><b>action</b></p></blockquote></blockquote><blockquote><p><b>action</b></p><blockquote><p><b>id</b></p>5</blockquote><p><b>title</b>: Set &quot;Medication change recommended&quot;=TrueSuggested management:Use an alternative statin (such as pravastatin)</p><p><b>description</b>: Set &quot;Medication change recommended&quot;=TrueSuggested management:Use an alternative statin (such as pravastatin)</p><blockquote><p><b>documentation</b></p></blockquote><blockquote><p><b>condition</b></p></blockquote><blockquote><p><b>action</b></p></blockquote><blockquote><p><b>action</b></p></blockquote></blockquote><blockquote><p><b>action</b></p><blockquote><p><b>id</b></p>6</blockquote><p><b>title</b>: Set &quot;Prevention services offered and referrals&quot;='Offer male and female condoms and condom-compatible lubricants'Use alternative or additional contraceptive methods</p><p><b>description</b>: Set &quot;Prevention services offered and referrals&quot;='Offer male and female condoms and condom-compatible lubricants'Use alternative or additional contraceptive methods</p><blockquote><p><b>documentation</b></p></blockquote><blockquote><p><b>condition</b></p></blockquote><blockquote><p><b>action</b></p></blockquote><blockquote><p><b>action</b></p></blockquote></blockquote><blockquote><p><b>action</b></p><blockquote><p><b>id</b></p>7</blockquote><p><b>title</b>: Set &quot;Medication change recommended&quot;=TrueUse an alternative antihistamine agent</p><p><b>description</b>: Set &quot;Medication change recommended&quot;=TrueUse an alternative antihistamine agent</p><blockquote><p><b>documentation</b></p></blockquote><blockquote><p><b>condition</b></p></blockquote><blockquote><p><b>action</b></p></blockquote><blockquote><p><b>action</b></p></blockquote></blockquote><blockquote><p><b>action</b></p><blockquote><p><b>id</b></p>8</blockquote><p><b>title</b>: Monitor renal function</p><p><b>description</b>: Monitor renal function</p><blockquote><p><b>documentation</b></p></blockquote><blockquote><p><b>condition</b></p></blockquote><blockquote><p><b>action</b></p></blockquote><blockquote><p><b>action</b></p></blockquote></blockquote><blockquote><p><b>action</b></p><blockquote><p><b>id</b></p>9</blockquote><p><b>title</b>: Set &quot;Medication change recommended&quot;=TrueUse an alternative direct-acting antiviral agent.</p><p><b>description</b>: Set &quot;Medication change recommended&quot;=TrueUse an alternative direct-acting antiviral agent.</p><blockquote><p><b>documentation</b></p></blockquote><blockquote><p><b>condition</b></p></blockquote><blockquote><p><b>action</b></p></blockquote><blockquote><p><b>action</b></p></blockquote></blockquote><blockquote><p><b>action</b></p><blockquote><p><b>id</b></p>10</blockquote><p><b>title</b>: Set &quot;Dose adjustment recommended&quot;=TrueAdjust methadone and buprenorphine doses as appropriate.</p><p><b>description</b>: Set &quot;Dose adjustment recommended&quot;=TrueAdjust methadone and buprenorphine doses as appropriate.</p><blockquote><p><b>documentation</b></p></blockquote><blockquote><p><b>condition</b></p></blockquote><blockquote><p><b>action</b></p></blockquote><blockquote><p><b>action</b></p></blockquote></blockquote><blockquote><p><b>action</b></p><blockquote><p><b>id</b></p>11</blockquote><p><b>title</b>: Set &quot;Medication change recommended&quot;=TrueUse an alternative antimalarial agent.</p><p><b>description</b>: Set &quot;Medication change recommended&quot;=TrueUse an alternative antimalarial agent.</p><blockquote><p><b>documentation</b></p></blockquote><blockquote><p><b>condition</b></p></blockquote><blockquote><p><b>action</b></p></blockquote><blockquote><p><b>action</b></p></blockquote></blockquote><blockquote><p><b>action</b></p><blockquote><p><b>id</b></p>12</blockquote><p><b>title</b>: Set &quot;Medication change recommended&quot;=TrueUse an alternative statin (such as pravastatin).</p><p><b>description</b>: Set &quot;Medication change recommended&quot;=TrueUse an alternative statin (such as pravastatin).</p><blockquote><p><b>documentation</b></p></blockquote><blockquote><p><b>condition</b></p></blockquote><blockquote><p><b>action</b></p></blockquote><blockquote><p><b>action</b></p></blockquote></blockquote><blockquote><p><b>action</b></p><blockquote><p><b>id</b></p>13</blockquote><p><b>title</b>: Set &quot;Prevention services offered and referrals&quot;='Offer male and female condoms and condom-compatible lubricants'Use alternative or additional contraceptive methods.</p><p><b>description</b>: Set &quot;Prevention services offered and referrals&quot;='Offer male and female condoms and condom-compatible lubricants'Use alternative or additional contraceptive methods.</p><blockquote><p><b>documentation</b></p></blockquote><blockquote><p><b>condition</b></p></blockquote><blockquote><p><b>action</b></p></blockquote><blockquote><p><b>action</b></p></blockquote></blockquote><blockquote><p><b>action</b></p><blockquote><p><b>id</b></p>14</blockquote><p><b>title</b>: Set &quot;Medication change recommended&quot;=TrueUse an alternative antihistamine agent.</p><p><b>description</b>: Set &quot;Medication change recommended&quot;=TrueUse an alternative antihistamine agent.</p><blockquote><p><b>documentation</b></p></blockquote><blockquote><p><b>condition</b></p></blockquote><blockquote><p><b>action</b></p></blockquote><blockquote><p><b>action</b></p></blockquote></blockquote><blockquote><p><b>action</b></p><blockquote><p><b>id</b></p>15</blockquote><p><b>title</b>: Set &quot;Medication change recommended&quot;=TrueMonitor renal function.</p><p><b>description</b>: Set &quot;Medication change recommended&quot;=TrueMonitor renal function.</p><blockquote><p><b>documentation</b></p></blockquote><blockquote><p><b>condition</b></p></blockquote><blockquote><p><b>action</b></p></blockquote><blockquote><p><b>action</b></p></blockquote></blockquote><blockquote><p><b>action</b></p><blockquote><p><b>id</b></p>16</blockquote><p><b>title</b>: Set &quot;Medication change recommended&quot;=TrueUse an alternative direct-acting antiviral agent.</p><p><b>description</b>: Set &quot;Medication change recommended&quot;=TrueUse an alternative direct-acting antiviral agent. 2</p><blockquote><p><b>documentation</b></p></blockquote><blockquote><p><b>condition</b></p></blockquote><blockquote><p><b>action</b></p></blockquote><blockquote><p><b>action</b></p></blockquote></blockquote><blockquote><p><b>action</b></p><blockquote><p><b>id</b></p>17</blockquote><p><b>title</b>: Set &quot;Dose adjustment recommended&quot;=TrueAdjust methadone and buprenorphine doses as appropriate.</p><p><b>description</b>: Set &quot;Dose adjustment recommended&quot;=TrueAdjust methadone and buprenorphine doses as appropriate. 2</p><blockquote><p><b>documentation</b></p></blockquote><blockquote><p><b>condition</b></p></blockquote><blockquote><p><b>action</b></p></blockquote><blockquote><p><b>action</b></p></blockquote></blockquote><blockquote><p><b>action</b></p><blockquote><p><b>id</b></p>18</blockquote><p><b>title</b>: Set &quot;Regimen substitution recommended&quot;=TrueSuggested management is to substitute rifampicin with rifabutin</p><p><b>description</b>: Set &quot;Regimen substitution recommended&quot;=TrueSuggested management is to substitute rifampicin with rifabutin</p><blockquote><p><b>documentation</b></p></blockquote><blockquote><p><b>condition</b></p></blockquote><blockquote><p><b>action</b></p></blockquote><blockquote><p><b>action</b></p></blockquote></blockquote><blockquote><p><b>action</b></p><blockquote><p><b>id</b></p>19</blockquote><p><b>title</b>: Set &quot;Dose adjustment recommended&quot;=TrueSet &quot;Regimen substitution recommended&quot;=TrueSuggested management is to substitute rifampicin with rifabutin, adjust the dose of LPV/r or substitute with three NRTIs (for children)</p><p><b>description</b>: Set &quot;Dose adjustment recommended&quot;=TrueSet &quot;Regimen substitution recommended&quot;=TrueSuggested management is to substitute rifampicin with rifabutin, adjust the dose of LPV/r or substitute with three NRTIs (for children)</p><blockquote><p><b>documentation</b></p></blockquote><blockquote><p><b>condition</b></p></blockquote><blockquote><p><b>action</b></p></blockquote><blockquote><p><b>action</b></p></blockquote></blockquote><blockquote><p><b>action</b></p><blockquote><p><b>id</b></p>20</blockquote><p><b>title</b>: Set &quot;Medication change recommended&quot;=TrueUse an alternative antimalarial agent.</p><p><b>description</b>: Set &quot;Medication change recommended&quot;=TrueUse an alternative antimalarial agent. 2</p><blockquote><p><b>documentation</b></p></blockquote><blockquote><p><b>condition</b></p></blockquote><blockquote><p><b>action</b></p></blockquote><blockquote><p><b>action</b></p></blockquote></blockquote><blockquote><p><b>action</b></p><blockquote><p><b>id</b></p>21</blockquote><p><b>title</b>: Set &quot;Medication change recommended&quot;=TrueUse an alternative statin (such as pravastatin).</p><p><b>description</b>: Set &quot;Medication change recommended&quot;=TrueUse an alternative statin (such as pravastatin). 2</p><blockquote><p><b>documentation</b></p></blockquote><blockquote><p><b>condition</b></p></blockquote><blockquote><p><b>action</b></p></blockquote><blockquote><p><b>action</b></p></blockquote></blockquote><blockquote><p><b>action</b></p><blockquote><p><b>id</b></p>22</blockquote><p><b>title</b>: Set &quot;Prevention services offered and referrals&quot;= 'Offer male and female condoms and condom-compatible lubricants'Use alternative or additional contraceptive methods.</p><p><b>description</b>: Set &quot;Prevention services offered and referrals&quot;= 'Offer male and female condoms and condom-compatible lubricants'Use alternative or additional contraceptive methods.</p><blockquote><p><b>documentation</b></p></blockquote><blockquote><p><b>condition</b></p></blockquote><blockquote><p><b>action</b></p></blockquote><blockquote><p><b>action</b></p></blockquote></blockquote><blockquote><p><b>action</b></p><blockquote><p><b>id</b></p>23</blockquote><p><b>title</b>: Set &quot;Medication change recommended&quot;=TrueUse an alternative antihistamine agent.</p><p><b>description</b>: Set &quot;Medication change recommended&quot;=TrueUse an alternative antihistamine agent. 2</p><blockquote><p><b>documentation</b></p></blockquote><blockquote><p><b>condition</b></p></blockquote><blockquote><p><b>action</b></p></blockquote><blockquote><p><b>action</b></p></blockquote></blockquote><blockquote><p><b>action</b></p><blockquote><p><b>id</b></p>24</blockquote><p><b>title</b>: Set &quot;Medication change recommended&quot;=TrueMonitor renal function.</p><p><b>description</b>: Set &quot;Medication change recommended&quot;=TrueMonitor renal function. 2</p><blockquote><p><b>documentation</b></p></blockquote><blockquote><p><b>condition</b></p></blockquote><blockquote><p><b>action</b></p></blockquote><blockquote><p><b>action</b></p></blockquote></blockquote><blockquote><p><b>action</b></p><blockquote><p><b>id</b></p>25</blockquote><p><b>title</b>: Set &quot;Medication change recommended&quot;=TrueUse an alternative direct-acting antiviral agent.</p><p><b>description</b>: Set &quot;Medication change recommended&quot;=TrueUse an alternative direct-acting antiviral agent. 3</p><blockquote><p><b>documentation</b></p></blockquote><blockquote><p><b>condition</b></p></blockquote><blockquote><p><b>action</b></p></blockquote><blockquote><p><b>action</b></p></blockquote></blockquote><blockquote><p><b>action</b></p><blockquote><p><b>id</b></p>26</blockquote><p><b>title</b>: Set &quot;Dose adjustment recommended&quot;=TrueAdjust methadone and buprenorphine doses as appropriate.</p><p><b>description</b>: Set &quot;Dose adjustment recommended&quot;=TrueAdjust methadone and buprenorphine doses as appropriate. 3</p><blockquote><p><b>documentation</b></p></blockquote><blockquote><p><b>condition</b></p></blockquote><blockquote><p><b>action</b></p></blockquote><blockquote><p><b>action</b></p></blockquote></blockquote><blockquote><p><b>action</b></p><blockquote><p><b>id</b></p>27</blockquote><p><b>title</b>: Set &quot;Regimen substitution recommended&quot;=TrueSubstitute rifampicin with rifabutin.</p><p><b>description</b>: Set &quot;Regimen substitution recommended&quot;=TrueSubstitute rifampicin with rifabutin.</p><blockquote><p><b>documentation</b></p></blockquote><blockquote><p><b>condition</b></p></blockquote><blockquote><p><b>action</b></p></blockquote><blockquote><p><b>action</b></p></blockquote></blockquote><blockquote><p><b>action</b></p><blockquote><p><b>id</b></p>28</blockquote><p><b>title</b>: Set &quot;Dose adjustment recommended&quot;=TrueSet &quot;Regimen substitution recommended&quot;=TrueSubstitute rifampicin with rifabutin.Adjust the dose of LPV/r or substitute with three NRTIs (for children)</p><p><b>description</b>: Set &quot;Dose adjustment recommended&quot;=TrueSet &quot;Regimen substitution recommended&quot;=TrueSubstitute rifampicin with rifabutin.Adjust the dose of LPV/r or substitute with three NRTIs (for children)</p><blockquote><p><b>documentation</b></p></blockquote><blockquote><p><b>condition</b></p></blockquote><blockquote><p><b>action</b></p></blockquote><blockquote><p><b>action</b></p></blockquote></blockquote><blockquote><p><b>action</b></p><blockquote><p><b>id</b></p>29</blockquote><p><b>title</b>: Set &quot;Medication change recommended&quot;=TrueUse an alternative antiarrhythmic agent.</p><p><b>description</b>: Set &quot;Medication change recommended&quot;=TrueUse an alternative antiarrhythmic agent.</p><blockquote><p><b>documentation</b></p></blockquote><blockquote><p><b>condition</b></p></blockquote><blockquote><p><b>action</b></p></blockquote><blockquote><p><b>action</b></p></blockquote></blockquote><blockquote><p><b>action</b></p><blockquote><p><b>id</b></p>30</blockquote><p><b>title</b>: Set &quot;Dose adjustment recommended&quot;=TrueAdjust the dose of DTG or substitute rifampicin with rifabutin.</p><p><b>description</b>: Set &quot;Dose adjustment recommended&quot;=TrueAdjust the dose of DTG or substitute rifampicin with rifabutin.</p><blockquote><p><b>documentation</b></p></blockquote><blockquote><p><b>condition</b></p></blockquote><blockquote><p><b>action</b></p></blockquote><blockquote><p><b>action</b></p></blockquote></blockquote><blockquote><p><b>action</b></p><blockquote><p><b>id</b></p>31</blockquote><p><b>title</b>: Set &quot;Medication change recommended&quot;=TrueUse an alternative anticonvulsant agent (such as valproic acid or gabapentin).</p><p><b>description</b>: Set &quot;Medication change recommended&quot;=TrueUse an alternative anticonvulsant agent (such as valproic acid or gabapentin).</p><blockquote><p><b>documentation</b></p></blockquote><blockquote><p><b>condition</b></p></blockquote><blockquote><p><b>action</b></p></blockquote><blockquote><p><b>action</b></p></blockquote></blockquote><blockquote><p><b>action</b></p><blockquote><p><b>id</b></p>32</blockquote><p><b>title</b>: Set &quot;Medication change recommended&quot;=TrueUse DTG at least two hours before or at least six hours after supplements containing polyvalent cations, including but not limited to the following products: multivitamin supplements containing Fe, Ca, Mg or Zn; mineral supplements, cation-containing laxatives and antacids containing Al, Ca or Mg. Monitor for efficacy in suppressing viral load. </p><p><b>description</b>: Set &quot;Medication change recommended&quot;=TrueUse DTG at least two hours before or at least six hours after supplements containing polyvalent cations, including but not limited to the following products: multivitamin supplements containing Fe, Ca, Mg or Zn; mineral supplements, cation-containing laxatives and antacids containing Al, Ca or Mg. Monitor for efficacy in suppressing viral load. </p><blockquote><p><b>documentation</b></p></blockquote><blockquote><p><b>condition</b></p></blockquote><blockquote><p><b>action</b></p></blockquote><blockquote><p><b>action</b></p></blockquote></blockquote><blockquote><p><b>action</b></p><blockquote><p><b>id</b></p>33</blockquote><p><b>title</b>: Set &quot;Medication change recommended&quot;=TrueUse an alternative antimalarial agent.</p><p><b>description</b>: Set &quot;Medication change recommended&quot;=TrueUse an alternative antimalarial agent. 3</p><blockquote><p><b>documentation</b></p></blockquote><blockquote><p><b>condition</b></p></blockquote><blockquote><p><b>action</b></p></blockquote><blockquote><p><b>action</b></p></blockquote></blockquote><blockquote><p><b>action</b></p><blockquote><p><b>id</b></p>34</blockquote><p><b>title</b>: Set &quot;Medication change recommended&quot;=TrueUse an alternative gastrointestinal agent.</p><p><b>description</b>: Set &quot;Medication change recommended&quot;=TrueUse an alternative gastrointestinal agent.</p><blockquote><p><b>documentation</b></p></blockquote><blockquote><p><b>condition</b></p></blockquote><blockquote><p><b>action</b></p></blockquote><blockquote><p><b>action</b></p></blockquote></blockquote><blockquote><p><b>action</b></p><blockquote><p><b>id</b></p>35</blockquote><p><b>title</b>: Set &quot;Medication change recommended&quot;=TrueAvoid high-dose metformin with DTG; adjust the metformin dose as appropriate</p><p><b>description</b>: Set &quot;Medication change recommended&quot;=TrueAvoid high-dose metformin with DTG; adjust the metformin dose as appropriate</p><blockquote><p><b>documentation</b></p></blockquote><blockquote><p><b>condition</b></p></blockquote><blockquote><p><b>action</b></p></blockquote><blockquote><p><b>action</b></p></blockquote></blockquote><blockquote><p><b>action</b></p><blockquote><p><b>id</b></p>36</blockquote><p><b>title</b>: Set &quot;Dose adjustment recommended&quot;=TrueAdjust the methadone dose as appropriate.</p><p><b>description</b>: Set &quot;Dose adjustment recommended&quot;=TrueAdjust the methadone dose as appropriate.</p><blockquote><p><b>documentation</b></p></blockquote><blockquote><p><b>condition</b></p></blockquote><blockquote><p><b>action</b></p></blockquote><blockquote><p><b>action</b></p></blockquote></blockquote><blockquote><p><b>action</b></p><blockquote><p><b>id</b></p>37</blockquote><p><b>title</b>: Set &quot;Prevention services offered and referrals&quot;='Offer male and female condoms and condom-compatible lubricants'Use alternative or additional contraceptive methods.Advise additional use of male or female condoms.</p><p><b>description</b>: Set &quot;Prevention services offered and referrals&quot;='Offer male and female condoms and condom-compatible lubricants'Use alternative or additional contraceptive methods.Advise additional use of male or female condoms.</p><blockquote><p><b>documentation</b></p></blockquote><blockquote><p><b>condition</b></p></blockquote><blockquote><p><b>action</b></p></blockquote><blockquote><p><b>action</b></p></blockquote></blockquote><blockquote><p><b>action</b></p><blockquote><p><b>id</b></p>38</blockquote><p><b>title</b>: Set &quot;Medication change recommended&quot;=TrueUse an alternative antihistamine agent.</p><p><b>description</b>: Set &quot;Medication change recommended&quot;=TrueUse an alternative antihistamine agent. 3</p><blockquote><p><b>documentation</b></p></blockquote><blockquote><p><b>condition</b></p></blockquote><blockquote><p><b>action</b></p></blockquote><blockquote><p><b>action</b></p></blockquote></blockquote><blockquote><p><b>action</b></p><blockquote><p><b>id</b></p>39</blockquote><p><b>title</b>: Set &quot;Medication change recommended&quot;=TrueUse an alternative antimigraine agent.</p><p><b>description</b>: Set &quot;Medication change recommended&quot;=TrueUse an alternative antimigraine agent.</p><blockquote><p><b>documentation</b></p></blockquote><blockquote><p><b>condition</b></p></blockquote><blockquote><p><b>action</b></p></blockquote><blockquote><p><b>action</b></p></blockquote></blockquote><blockquote><p><b>action</b></p><blockquote><p><b>id</b></p>40</blockquote><p><b>title</b>: Set &quot;Medication change recommended&quot;=TrueUse an alternative direct-acting antiviral agent.</p><p><b>description</b>: Set &quot;Medication change recommended&quot;=TrueUse an alternative direct-acting antiviral agent. 4</p><blockquote><p><b>documentation</b></p></blockquote><blockquote><p><b>condition</b></p></blockquote><blockquote><p><b>action</b></p></blockquote><blockquote><p><b>action</b></p></blockquote></blockquote><blockquote><p><b>action</b></p><blockquote><p><b>id</b></p>41</blockquote><p><b>title</b>: Set &quot;Medication change recommended&quot;=TrueUse an alternative anxiolytic agent.</p><p><b>description</b>: Set &quot;Medication change recommended&quot;=TrueUse an alternative anxiolytic agent.</p><blockquote><p><b>documentation</b></p></blockquote><blockquote><p><b>condition</b></p></blockquote><blockquote><p><b>action</b></p></blockquote><blockquote><p><b>action</b></p></blockquote></blockquote><blockquote><p><b>action</b></p><blockquote><p><b>id</b></p>42</blockquote><p><b>title</b>: Set &quot;Regimen substitution recommended&quot;=TrueSubstitute EFV with nevirapine (NVP).</p><p><b>description</b>: Set &quot;Regimen substitution recommended&quot;=TrueSubstitute EFV with nevirapine (NVP).</p><blockquote><p><b>documentation</b></p></blockquote><blockquote><p><b>condition</b></p></blockquote><blockquote><p><b>action</b></p></blockquote><blockquote><p><b>action</b></p></blockquote></blockquote><blockquote><p><b>action</b></p><blockquote><p><b>id</b></p>43</blockquote><p><b>title</b>: Set &quot;Prevention services offered and referrals&quot;='Offer male and female condoms and condom-compatible lubricants'Advise additional use of male or female condoms.</p><p><b>description</b>: Set &quot;Prevention services offered and referrals&quot;='Offer male and female condoms and condom-compatible lubricants'Advise additional use of male or female condoms.</p><blockquote><p><b>documentation</b></p></blockquote><blockquote><p><b>condition</b></p></blockquote><blockquote><p><b>action</b></p></blockquote><blockquote><p><b>action</b></p></blockquote></blockquote><blockquote><p><b>action</b></p><blockquote><p><b>id</b></p>44</blockquote><p><b>title</b>: Set &quot;Regimen substitution recommended&quot;=TrueFirst-line: substitute AZT with tenofovir (TDF).</p><p><b>description</b>: Set &quot;Regimen substitution recommended&quot;=TrueFirst-line: substitute AZT with tenofovir (TDF).</p><blockquote><p><b>documentation</b></p></blockquote><blockquote><p><b>condition</b></p></blockquote><blockquote><p><b>action</b></p></blockquote><blockquote><p><b>action</b></p></blockquote></blockquote><blockquote><p><b>action</b></p><blockquote><p><b>id</b></p>45</blockquote><p><b>title</b>: Set &quot;Regimen substitution recommended&quot;=TrueSecond-line: substitute AZT with stavudine (d4T).</p><p><b>description</b>: Set &quot;Regimen substitution recommended&quot;=TrueSecond-line: substitute AZT with stavudine (d4T).</p><blockquote><p><b>documentation</b></p></blockquote><blockquote><p><b>condition</b></p></blockquote><blockquote><p><b>action</b></p></blockquote><blockquote><p><b>action</b></p></blockquote></blockquote><blockquote><p><b>action</b></p><blockquote><p><b>id</b></p>46</blockquote><p><b>title</b>: Set &quot;Regimen substitution recommended&quot;=TrueFirst-line: substitute AZT with TDF.</p><p><b>description</b>: Set &quot;Regimen substitution recommended&quot;=TrueFirst-line: substitute AZT with TDF.</p><blockquote><p><b>documentation</b></p></blockquote><blockquote><p><b>condition</b></p></blockquote><blockquote><p><b>action</b></p></blockquote><blockquote><p><b>action</b></p></blockquote></blockquote><blockquote><p><b>action</b></p><blockquote><p><b>id</b></p>47</blockquote><p><b>title</b>: Set &quot;Regimen substitution recommended&quot;=TrueSecond-line: substitute AZT with stavudine (d4T).</p><p><b>description</b>: Set &quot;Regimen substitution recommended&quot;=TrueSecond-line: substitute AZT with stavudine (d4T). 2</p><blockquote><p><b>documentation</b></p></blockquote><blockquote><p><b>condition</b></p></blockquote><blockquote><p><b>action</b></p></blockquote><blockquote><p><b>action</b></p></blockquote></blockquote></blockquote></div>
  </text>
  <url value="http://fhir.org/guides/who/anc-cds/PlanDefinition/HIVD212DT"/>
  <identifier>
    <use value="official"/>
    <value value="HIV.D21.2.DT"/>
  </identifier>
  <version value="0.3.0"/>
  <name value="HIVD212DT"/>
  <title value="HIV.D21.2.DT"/>
  <type>
    <coding>
      <system value="http://terminology.hl7.org/CodeSystem/plan-definition-type"/>
      <code value="eca-rule"/>
    </coding>
  </type>
  <status value="active"/>
  <experimental value="false"/>
  <date value="2024-03-26T13:56:58+03:00"/>
  <publisher value="World Health Organization (WHO) "/>
  <contact>
    <telecom>
      <system value="url"/>
      <value value="https://www.who.int"/>
    </telecom>
  </contact>
  <description value="Check for known drug interactions"/>
  <useContext>
    <code>
      <system value="http://terminology.hl7.org/CodeSystem/usage-context-type"/>
      <code value="task"/>
      <display value="Workflow Task"/>
    </code>
    <valueCodeableConcept>
      <coding>
        <system value="http://fhir.org/guides/who/anc-cds/CodeSystem/activity-codes"/>
        <code value="HIV.D21"/>
        <display value="Determine regimen and treatment options"/>
      </coding>
    </valueCodeableConcept>
  </useContext>
  <jurisdiction>
    <coding>
      <system value="http://unstats.un.org/unsd/methods/m49/m49.htm"/>
      <code value="001"/>
    </coding>
  </jurisdiction>
  <library value="http://fhir.org/guides/who/anc-cds/Library/HIVD212DT"/>
  <action>
    <title value="HIV.D21.2.DT"/>
    <trigger>
      <type value="named-event"/>
      <name value="HIV.D21 Determine regimen and treatment options"/>
    </trigger>
    <action id="1">
      <title value="Set &quot;Regimen substitution recommended&quot;=TrueSuggested management:Substitute rifampicin with rifabutin"/>
      <description value="Set &quot;Regimen substitution recommended&quot;=TrueSuggested management:Substitute rifampicin with rifabutin"/>
      <documentation>
        <type value="citation"/>
        <label value="Consolidated guidelines on HIV prevention, testing, treatment, service delivery and monitoring: recommendations for a public health approach (2021) Table 4.14: Key ARV drug–drug interactions and suggested management, Section 4.1: Key ARV drug interactions, Annex 2: Key drug interactions for ARVs"/>
      </documentation>
      <condition>
        <kind value="applicability"/>
        <expression>
          <description value="(HIV.D21.2.DT.01)&#xA;  AND ( &quot;ART regimen composition&quot; IN 'ATV/r')&#xA;  AND (&quot;Medication/drug&quot;='Rifampicin')&#xA;  AND ( &quot;Age&quot; ≥ 10 years)&#xA;  AND (-)"/>
          <language value="text/cql-identifier"/>
          <expression value="Should Set \&quot;Regimen substitution recommended\&quot;=TrueSuggested management:Substitute rifampicin with rifabutin"/>
        </expression>
      </condition>
      <action>
        <title value="Set &quot;Regimen substitution recommended&quot;=TrueSuggested management:Substitute rifampicin with rifabutin"/>
      </action>
      <action>
        <title value="Suggested management is to substitute rifampicin with rifabutin"/>
      </action>
    </action>
    <action id="2">
      <title value="Set &quot;Dose adjustment recommended&quot;=TrueSet &quot;Regimen substitution recommended&quot;=TrueSuggested management:Substitute rifampicin with rifabutin.Adjust the dose of LPV/r or substitute with three NRTIs (for children)"/>
      <description value="Set &quot;Dose adjustment recommended&quot;=TrueSet &quot;Regimen substitution recommended&quot;=TrueSuggested management:Substitute rifampicin with rifabutin.Adjust the dose of LPV/r or substitute with three NRTIs (for children)"/>
      <documentation>
        <type value="citation"/>
      </documentation>
      <condition>
        <kind value="applicability"/>
        <expression>
          <description value="(HIV.D21.2.DT.02)&#xA;  AND (&quot;ART regimen composition&quot; IN 'ATV/r')&#xA;  AND (&quot;Medication/drug&quot;='Rifampicin')&#xA;  AND ( &quot;Age&quot; &lt; 10 years)&#xA;  AND (-)"/>
          <language value="text/cql-identifier"/>
          <expression value="Should Set \&quot;Dose adjustment recommended\&quot;=TrueSet \&quot;Regimen substitution recommended\&quot;=TrueSuggested management:Substitute rifampicin with rifabutin.Adjust the dose of LPV/r or substitute with three NRTIs (for children)"/>
        </expression>
      </condition>
      <action>
        <title value="Set &quot;Dose adjustment recommended&quot;=TrueSet &quot;Regimen substitution recommended&quot;=TrueSuggested management:Substitute rifampicin with rifabutin.Adjust the dose of LPV/r or substitute with three NRTIs (for children)"/>
      </action>
      <action>
        <title value="Suggested management:Substitute rifampicin with rifabutin.Adjust the dose of LPV/r or substitute with three NRTIs (for children)"/>
      </action>
    </action>
    <action id="3">
      <title value="Set &quot;Medication change recommended&quot;=TrueSuggested management: Use an alternative antimalarial agent"/>
      <description value="Set &quot;Medication change recommended&quot;=TrueSuggested management: Use an alternative antimalarial agent"/>
      <documentation>
        <type value="citation"/>
      </documentation>
      <condition>
        <kind value="applicability"/>
        <expression>
          <description value="(HIV.D21.2.DT.03)&#xA;  AND (&quot;ART regimen composition&quot; IN 'ATV/r')&#xA;  AND (&quot;Medication/drug&quot;='Halofantrine')&#xA;  AND (-)&#xA;  AND (-)"/>
          <language value="text/cql-identifier"/>
          <expression value="Should Set \&quot;Medication change recommended\&quot;=TrueSuggested management: Use an alternative antimalarial agent"/>
        </expression>
      </condition>
      <action>
        <title value="Set &quot;Medication change recommended&quot;=TrueSuggested management: Use an alternative antimalarial agent"/>
      </action>
      <action>
        <title value="Suggested management: Use an alternative antimalarial agent"/>
      </action>
    </action>
    <action id="4">
      <title value="Set &quot;Medication change recommended&quot;=TrueSuggested management: Use an alternative statin (such as pravastatin)"/>
      <description value="Set &quot;Medication change recommended&quot;=TrueSuggested management: Use an alternative statin (such as pravastatin)"/>
      <documentation>
        <type value="citation"/>
      </documentation>
      <condition>
        <kind value="applicability"/>
        <expression>
          <description value="(HIV.D21.2.DT.04)&#xA;  AND (&quot;ART regimen composition&quot; IN 'ATV/r')&#xA;  AND (&quot;Medication/drug&quot;='Lovastatin')&#xA;  AND (-)&#xA;  AND (-)"/>
          <language value="text/cql-identifier"/>
          <expression value="Should Set \&quot;Medication change recommended\&quot;=TrueSuggested management: Use an alternative statin (such as pravastatin)"/>
        </expression>
      </condition>
      <action>
        <title value="Set &quot;Medication change recommended&quot;=TrueSuggested management: Use an alternative statin (such as pravastatin)"/>
      </action>
      <action>
        <title value="Suggested management: Use an alternative statin (such as pravastatin)"/>
      </action>
    </action>
    <action id="5">
      <title value="Set &quot;Medication change recommended&quot;=TrueSuggested management:Use an alternative statin (such as pravastatin)"/>
      <description value="Set &quot;Medication change recommended&quot;=TrueSuggested management:Use an alternative statin (such as pravastatin)"/>
      <documentation>
        <type value="citation"/>
      </documentation>
      <condition>
        <kind value="applicability"/>
        <expression>
          <description value="(HIV.D21.2.DT.05)&#xA;  AND (&quot;ART regimen composition&quot; IN 'ATV/r')&#xA;  AND (&quot;Medication/drug&quot;='Simvastatin')&#xA;  AND (-)&#xA;  AND (-)"/>
          <language value="text/cql-identifier"/>
          <expression value="Should Set \&quot;Medication change recommended\&quot;=TrueSuggested management:Use an alternative statin (such as pravastatin)"/>
        </expression>
      </condition>
      <action>
        <title value="Set &quot;Medication change recommended&quot;=TrueSuggested management:Use an alternative statin (such as pravastatin)"/>
      </action>
      <action>
        <title value="Suggested management:Use an alternative statin (such as pravastatin)"/>
      </action>
    </action>
    <action id="6">
      <title value="Set &quot;Prevention services offered and referrals&quot;='Offer male and female condoms and condom-compatible lubricants'Use alternative or additional contraceptive methods"/>
      <description value="Set &quot;Prevention services offered and referrals&quot;='Offer male and female condoms and condom-compatible lubricants'Use alternative or additional contraceptive methods"/>
      <documentation>
        <type value="citation"/>
      </documentation>
      <condition>
        <kind value="applicability"/>
        <expression>
          <description value="(HIV.D21.2.DT.06)&#xA;  AND (&quot;ART regimen composition&quot; IN 'ATV/r')&#xA;  AND (&quot;Medication/drug&quot;='Hormonal contraception')&#xA;  AND (-)&#xA;  AND (-)"/>
          <language value="text/cql-identifier"/>
          <expression value="Should Set \&quot;Prevention services offered and referrals\&quot;='Offer male and female condoms and condom-compatible lubricants'Use alternative or additional contraceptive methods"/>
        </expression>
      </condition>
      <action>
        <title value="Set &quot;Prevention services offered and referrals&quot;='Offer male and female condoms and condom-compatible lubricants'Use alternative or additional contraceptive methods"/>
      </action>
      <action>
        <title value="Offer male and female condoms and condom-compatible lubricantsUse alternative or additional contraceptive methods"/>
      </action>
    </action>
    <action id="7">
      <title value="Set &quot;Medication change recommended&quot;=TrueUse an alternative antihistamine agent"/>
      <description value="Set &quot;Medication change recommended&quot;=TrueUse an alternative antihistamine agent"/>
      <documentation>
        <type value="citation"/>
      </documentation>
      <condition>
        <kind value="applicability"/>
        <expression>
          <description value="((HIV.D21.2.DT.07)&#xA;  AND (&quot;ART regimen composition&quot; IN 'ATV/r')&#xA;  AND (&quot;Medication/drug&quot;='Astemizole')&#xA;  AND (-)&#xA;  AND (-))&#xA;  OR ((HIV.D21.2.DT.08)&#xA;  AND (&quot;ART regimen composition&quot; IN 'ATV/r')&#xA;  AND (&quot;Medication/drug&quot;='Terfenadine')&#xA;  AND (-)&#xA;  AND (-))"/>
          <language value="text/cql-identifier"/>
          <expression value="Should Set \&quot;Medication change recommended\&quot;=TrueUse an alternative antihistamine agent"/>
        </expression>
      </condition>
      <action>
        <title value="Set &quot;Medication change recommended&quot;=TrueUse an alternative antihistamine agent"/>
      </action>
      <action>
        <title value="Use an alternative antihistamine agent"/>
      </action>
    </action>
    <action id="8">
      <title value="Monitor renal function"/>
      <description value="Monitor renal function"/>
      <documentation>
        <type value="citation"/>
      </documentation>
      <condition>
        <kind value="applicability"/>
        <expression>
          <description value="(HIV.D21.2.DT.09)&#xA;  AND (&quot;ART regimen composition&quot; IN 'ATV/r')&#xA;  AND (&quot;Medication/drug&quot;='TDF')&#xA;  AND (-)&#xA;  AND (-)"/>
          <language value="text/cql-identifier"/>
          <expression value="Should Monitor renal function"/>
        </expression>
      </condition>
      <action>
        <title value="Monitor renal function"/>
      </action>
      <action>
        <title value="Monitor renal function"/>
      </action>
    </action>
    <action id="9">
      <title value="Set &quot;Medication change recommended&quot;=TrueUse an alternative direct-acting antiviral agent."/>
      <description value="Set &quot;Medication change recommended&quot;=TrueUse an alternative direct-acting antiviral agent."/>
      <documentation>
        <type value="citation"/>
      </documentation>
      <condition>
        <kind value="applicability"/>
        <expression>
          <description value="((HIV.D21.2.DT.10)&#xA;  AND (&quot;ART regimen composition&quot; IN 'ATV/r')&#xA;  AND (&quot;Medication/drug&quot;='Simeprevir')&#xA;  AND (-)&#xA;  AND (-))&#xA;  OR ((HIV.D21.2.DT.11)&#xA;  AND (&quot;ART regimen composition&quot; IN 'ATV/r')&#xA;  AND (&quot;Medication/drug&quot;='Ombitasvir + paritaprevir/ritonavir + dasabuvir')&#xA;  AND (-)&#xA;  AND (-))"/>
          <language value="text/cql-identifier"/>
          <expression value="Should Set \&quot;Medication change recommended\&quot;=TrueUse an alternative direct-acting antiviral agent."/>
        </expression>
      </condition>
      <action>
        <title value="Set &quot;Medication change recommended&quot;=TrueUse an alternative direct-acting antiviral agent."/>
      </action>
      <action>
        <title value="Use an alternative direct-acting antiviral agent."/>
      </action>
    </action>
    <action id="10">
      <title value="Set &quot;Dose adjustment recommended&quot;=TrueAdjust methadone and buprenorphine doses as appropriate."/>
      <description value="Set &quot;Dose adjustment recommended&quot;=TrueAdjust methadone and buprenorphine doses as appropriate."/>
      <documentation>
        <type value="citation"/>
      </documentation>
      <condition>
        <kind value="applicability"/>
        <expression>
          <description value="((HIV.D21.2.DT.12)&#xA;  AND (&quot;ART regimen composition&quot; IN 'ATV/r')&#xA;  AND (&quot;Medication/drug&quot;='Methadone')&#xA;  AND (-)&#xA;  AND (-))&#xA;  OR ((HIV.D21.2.DT.13)&#xA;  AND (&quot;ART regimen composition&quot; IN 'ATV/r')&#xA;  AND (&quot;Medication/drug&quot;='Buprenorphine')&#xA;  AND (-)&#xA;  AND (-))"/>
          <language value="text/cql-identifier"/>
          <expression value="Should Set \&quot;Dose adjustment recommended\&quot;=TrueAdjust methadone and buprenorphine doses as appropriate."/>
        </expression>
      </condition>
      <action>
        <title value="Set &quot;Dose adjustment recommended&quot;=TrueAdjust methadone and buprenorphine doses as appropriate."/>
      </action>
      <action>
        <title value="Adjust methadone and buprenorphine doses as appropriate."/>
      </action>
    </action>
    <action id="11">
      <title value="Set &quot;Medication change recommended&quot;=TrueUse an alternative antimalarial agent."/>
      <description value="Set &quot;Medication change recommended&quot;=TrueUse an alternative antimalarial agent."/>
      <documentation>
        <type value="citation"/>
      </documentation>
      <condition>
        <kind value="applicability"/>
        <expression>
          <description value="(HIV.D21.2.DT.14)&#xA;  AND (&quot;ART regimen composition&quot; IN 'DRV/r')&#xA;  AND (&quot;Medication/drug&quot;='Halofantrine')&#xA;  AND (-)&#xA;  AND (-)"/>
          <language value="text/cql-identifier"/>
          <expression value="Should Set \&quot;Medication change recommended\&quot;=TrueUse an alternative antimalarial agent."/>
        </expression>
      </condition>
      <action>
        <title value="Set &quot;Medication change recommended&quot;=TrueUse an alternative antimalarial agent."/>
      </action>
      <action>
        <title value="Use an alternative antimalarial agent."/>
      </action>
    </action>
    <action id="12">
      <title value="Set &quot;Medication change recommended&quot;=TrueUse an alternative statin (such as pravastatin)."/>
      <description value="Set &quot;Medication change recommended&quot;=TrueUse an alternative statin (such as pravastatin)."/>
      <documentation>
        <type value="citation"/>
      </documentation>
      <condition>
        <kind value="applicability"/>
        <expression>
          <description value="((HIV.D21.2.DT.15)&#xA;  AND (&quot;ART regimen composition&quot; IN 'DRV/r')&#xA;  AND (&quot;Medication/drug&quot;='Lovastatin')&#xA;  AND (-)&#xA;  AND (-))&#xA;  OR ((HIV.D21.2.DT.16)&#xA;  AND (&quot;ART regimen composition&quot; IN 'DRV/r')&#xA;  AND (&quot;Medication/drug&quot;='Simvastatin')&#xA;  AND (-)&#xA;  AND (-))"/>
          <language value="text/cql-identifier"/>
          <expression value="Should Set \&quot;Medication change recommended\&quot;=TrueUse an alternative statin (such as pravastatin)."/>
        </expression>
      </condition>
      <action>
        <title value="Set &quot;Medication change recommended&quot;=TrueUse an alternative statin (such as pravastatin)."/>
      </action>
      <action>
        <title value="Use an alternative statin (such as pravastatin)."/>
      </action>
    </action>
    <action id="13">
      <title value="Set &quot;Prevention services offered and referrals&quot;='Offer male and female condoms and condom-compatible lubricants'Use alternative or additional contraceptive methods."/>
      <description value="Set &quot;Prevention services offered and referrals&quot;='Offer male and female condoms and condom-compatible lubricants'Use alternative or additional contraceptive methods."/>
      <documentation>
        <type value="citation"/>
      </documentation>
      <condition>
        <kind value="applicability"/>
        <expression>
          <description value="(HIV.D21.2.DT.17)&#xA;  AND (&quot;ART regimen composition&quot; IN 'DRV/r')&#xA;  AND (&quot;Medication/drug&quot;='Hormonal contraception')&#xA;  AND (-)&#xA;  AND (-)"/>
          <language value="text/cql-identifier"/>
          <expression value="Should Set \&quot;Prevention services offered and referrals\&quot;='Offer male and female condoms and condom-compatible lubricants'Use alternative or additional contraceptive methods."/>
        </expression>
      </condition>
      <action>
        <title value="Set &quot;Prevention services offered and referrals&quot;='Offer male and female condoms and condom-compatible lubricants'Use alternative or additional contraceptive methods."/>
      </action>
      <action>
        <title value="Offer male and female condoms and condom-compatible lubricantsUse alternative or additional contraceptive methods."/>
      </action>
    </action>
    <action id="14">
      <title value="Set &quot;Medication change recommended&quot;=TrueUse an alternative antihistamine agent."/>
      <description value="Set &quot;Medication change recommended&quot;=TrueUse an alternative antihistamine agent."/>
      <documentation>
        <type value="citation"/>
      </documentation>
      <condition>
        <kind value="applicability"/>
        <expression>
          <description value="((HIV.D21.2.DT.18)&#xA;  AND (&quot;ART regimen composition&quot; IN 'DRV/r')&#xA;  AND (&quot;Medication/drug&quot;='Astemizole')&#xA;  AND (-)&#xA;  AND (-))&#xA;  OR ((HIV.D21.2.DT.19)&#xA;  AND (&quot;ART regimen composition&quot; IN 'DRV/r')&#xA;  AND (&quot;Medication/drug&quot;='Terfenadine')&#xA;  AND (-)&#xA;  AND (-))"/>
          <language value="text/cql-identifier"/>
          <expression value="Should Set \&quot;Medication change recommended\&quot;=TrueUse an alternative antihistamine agent."/>
        </expression>
      </condition>
      <action>
        <title value="Set &quot;Medication change recommended&quot;=TrueUse an alternative antihistamine agent."/>
      </action>
      <action>
        <title value="Use an alternative antihistamine agent."/>
      </action>
    </action>
    <action id="15">
      <title value="Set &quot;Medication change recommended&quot;=TrueMonitor renal function."/>
      <description value="Set &quot;Medication change recommended&quot;=TrueMonitor renal function."/>
      <documentation>
        <type value="citation"/>
      </documentation>
      <condition>
        <kind value="applicability"/>
        <expression>
          <description value="(HIV.D21.2.DT.20)&#xA;  AND (&quot;ART regimen composition&quot; IN 'DRV/r')&#xA;  AND (&quot;Medication/drug&quot;='TDF')&#xA;  AND (-)&#xA;  AND (-)"/>
          <language value="text/cql-identifier"/>
          <expression value="Should Set \&quot;Medication change recommended\&quot;=TrueMonitor renal function."/>
        </expression>
      </condition>
      <action>
        <title value="Set &quot;Medication change recommended&quot;=TrueMonitor renal function."/>
      </action>
      <action>
        <title value="Monitor renal function."/>
      </action>
    </action>
    <action id="16">
      <title value="Set &quot;Medication change recommended&quot;=TrueUse an alternative direct-acting antiviral agent."/>
      <description value="Set &quot;Medication change recommended&quot;=TrueUse an alternative direct-acting antiviral agent. 2"/>
      <documentation>
        <type value="citation"/>
      </documentation>
      <condition>
        <kind value="applicability"/>
        <expression>
          <description value="((HIV.D21.2.DT.21)&#xA;  AND (&quot;ART regimen composition&quot; IN 'DRV/r')&#xA;  AND (&quot;Medication/drug&quot;='Simeprevir')&#xA;  AND (-)&#xA;  AND (-))&#xA;  OR ((HIV.D21.2.DT.22)&#xA;  AND (&quot;ART regimen composition&quot; IN 'DRV/r')&#xA;  AND (&quot;Medication/drug&quot;='Ombitasvir + paritaprevir/ritonavir + dasabuvir')&#xA;  AND (-)&#xA;  AND (-))"/>
          <language value="text/cql-identifier"/>
          <expression value="Should Set \&quot;Medication change recommended\&quot;=TrueUse an alternative direct-acting antiviral agent. 2"/>
        </expression>
      </condition>
      <action>
        <title value="Set &quot;Medication change recommended&quot;=TrueUse an alternative direct-acting antiviral agent."/>
      </action>
      <action>
        <title value="Use an alternative direct-acting antiviral agent."/>
      </action>
    </action>
    <action id="17">
      <title value="Set &quot;Dose adjustment recommended&quot;=TrueAdjust methadone and buprenorphine doses as appropriate."/>
      <description value="Set &quot;Dose adjustment recommended&quot;=TrueAdjust methadone and buprenorphine doses as appropriate. 2"/>
      <documentation>
        <type value="citation"/>
      </documentation>
      <condition>
        <kind value="applicability"/>
        <expression>
          <description value="((HIV.D21.2.DT.23)&#xA;  AND (&quot;ART regimen composition&quot; IN 'DRV/r')&#xA;  AND (&quot;Medication/drug&quot;='Methadone')&#xA;  AND (-)&#xA;  AND (-))&#xA;  OR ((HIV.D21.2.DT.24)&#xA;  AND (&quot;ART regimen composition&quot; IN 'DRV/r')&#xA;  AND (&quot;Medication/drug&quot;='Buprenorphine')&#xA;  AND (-)&#xA;  AND (-))"/>
          <language value="text/cql-identifier"/>
          <expression value="Should Set \&quot;Dose adjustment recommended\&quot;=TrueAdjust methadone and buprenorphine doses as appropriate. 2"/>
        </expression>
      </condition>
      <action>
        <title value="Set &quot;Dose adjustment recommended&quot;=TrueAdjust methadone and buprenorphine doses as appropriate."/>
      </action>
      <action>
        <title value="Adjust methadone and buprenorphine doses as appropriate."/>
      </action>
    </action>
    <action id="18">
      <title value="Set &quot;Regimen substitution recommended&quot;=TrueSuggested management is to substitute rifampicin with rifabutin"/>
      <description value="Set &quot;Regimen substitution recommended&quot;=TrueSuggested management is to substitute rifampicin with rifabutin"/>
      <documentation>
        <type value="citation"/>
      </documentation>
      <condition>
        <kind value="applicability"/>
        <expression>
          <description value="(HIV.D21.2.DT.25)&#xA;  AND (&quot;ART regimen composition&quot; IN 'DRV/r')&#xA;  AND ( &quot;Medication/drug&quot;='Rifampicin')&#xA;  AND (&quot;Age&quot; ≥ 10 years)&#xA;  AND (-)"/>
          <language value="text/cql-identifier"/>
          <expression value="Should Set \&quot;Regimen substitution recommended\&quot;=TrueSuggested management is to substitute rifampicin with rifabutin"/>
        </expression>
      </condition>
      <action>
        <title value="Set &quot;Regimen substitution recommended&quot;=TrueSuggested management is to substitute rifampicin with rifabutin"/>
      </action>
      <action>
        <title value="Suggested management is to substitute rifampicin with rifabutin"/>
      </action>
    </action>
    <action id="19">
      <title value="Set &quot;Dose adjustment recommended&quot;=TrueSet &quot;Regimen substitution recommended&quot;=TrueSuggested management is to substitute rifampicin with rifabutin, adjust the dose of LPV/r or substitute with three NRTIs (for children)"/>
      <description value="Set &quot;Dose adjustment recommended&quot;=TrueSet &quot;Regimen substitution recommended&quot;=TrueSuggested management is to substitute rifampicin with rifabutin, adjust the dose of LPV/r or substitute with three NRTIs (for children)"/>
      <documentation>
        <type value="citation"/>
      </documentation>
      <condition>
        <kind value="applicability"/>
        <expression>
          <description value="(HIV.D21.2.DT.26)&#xA;  AND (&quot;ART regimen composition&quot; IN 'DRV/r')&#xA;  AND (&quot;Medication/drug&quot;='Rifampicin')&#xA;  AND ( &quot;Age&quot; &lt; 10 years)&#xA;  AND (-)"/>
          <language value="text/cql-identifier"/>
          <expression value="Should Set \&quot;Dose adjustment recommended\&quot;=TrueSet \&quot;Regimen substitution recommended\&quot;=TrueSuggested management is to substitute rifampicin with rifabutin, adjust the dose of LPV/r or substitute with three NRTIs (for children)"/>
        </expression>
      </condition>
      <action>
        <title value="Set &quot;Dose adjustment recommended&quot;=TrueSet &quot;Regimen substitution recommended&quot;=TrueSuggested management is to substitute rifampicin with rifabutin, adjust the dose of LPV/r or substitute with three NRTIs (for children)"/>
      </action>
      <action>
        <title value="Suggested management is to substitute rifampicin with rifabutin, adjust the dose of LPV/r or substitute with three NRTIs (for children)"/>
      </action>
    </action>
    <action id="20">
      <title value="Set &quot;Medication change recommended&quot;=TrueUse an alternative antimalarial agent."/>
      <description value="Set &quot;Medication change recommended&quot;=TrueUse an alternative antimalarial agent. 2"/>
      <documentation>
        <type value="citation"/>
      </documentation>
      <condition>
        <kind value="applicability"/>
        <expression>
          <description value="(HIV.D21.2.DT.27)&#xA;  AND (&quot;ART regimen composition&quot; IN 'LPV/r')&#xA;  AND (&quot;Medication/drug&quot;='Halofantrine')&#xA;  AND (-)&#xA;  AND (-)"/>
          <language value="text/cql-identifier"/>
          <expression value="Should Set \&quot;Medication change recommended\&quot;=TrueUse an alternative antimalarial agent. 2"/>
        </expression>
      </condition>
      <action>
        <title value="Set &quot;Medication change recommended&quot;=TrueUse an alternative antimalarial agent."/>
      </action>
      <action>
        <title value="Use an alternative antimalarial agent."/>
      </action>
    </action>
    <action id="21">
      <title value="Set &quot;Medication change recommended&quot;=TrueUse an alternative statin (such as pravastatin)."/>
      <description value="Set &quot;Medication change recommended&quot;=TrueUse an alternative statin (such as pravastatin). 2"/>
      <documentation>
        <type value="citation"/>
      </documentation>
      <condition>
        <kind value="applicability"/>
        <expression>
          <description value="((HIV.D21.2.DT.28)&#xA;  AND (&quot;ART regimen composition&quot; IN 'LPV/r')&#xA;  AND (&quot;Medication/drug&quot;='Lovastatin')&#xA;  AND (-)&#xA;  AND (-))&#xA;  OR ((HIV.D21.2.DT.29)&#xA;  AND (&quot;ART regimen composition&quot; IN 'LPV/r')&#xA;  AND (&quot;Medication/drug&quot;='Simvastatin')&#xA;  AND (-)&#xA;  AND (-))"/>
          <language value="text/cql-identifier"/>
          <expression value="Should Set \&quot;Medication change recommended\&quot;=TrueUse an alternative statin (such as pravastatin). 2"/>
        </expression>
      </condition>
      <action>
        <title value="Set &quot;Medication change recommended&quot;=TrueUse an alternative statin (such as pravastatin)."/>
      </action>
      <action>
        <title value="Use an alternative statin (such as pravastatin)."/>
      </action>
    </action>
    <action id="22">
      <title value="Set &quot;Prevention services offered and referrals&quot;= 'Offer male and female condoms and condom-compatible lubricants'Use alternative or additional contraceptive methods."/>
      <description value="Set &quot;Prevention services offered and referrals&quot;= 'Offer male and female condoms and condom-compatible lubricants'Use alternative or additional contraceptive methods."/>
      <documentation>
        <type value="citation"/>
      </documentation>
      <condition>
        <kind value="applicability"/>
        <expression>
          <description value="(HIV.D21.2.DT.30)&#xA;  AND (&quot;ART regimen composition&quot; IN 'LPV/r')&#xA;  AND (&quot;Medication/drug&quot;='Hormonal contraception')&#xA;  AND (-)&#xA;  AND (-)"/>
          <language value="text/cql-identifier"/>
          <expression value="Should Set \&quot;Prevention services offered and referrals\&quot;= 'Offer male and female condoms and condom-compatible lubricants'Use alternative or additional contraceptive methods."/>
        </expression>
      </condition>
      <action>
        <title value="Set &quot;Prevention services offered and referrals&quot;= 'Offer male and female condoms and condom-compatible lubricants'Use alternative or additional contraceptive methods."/>
      </action>
      <action>
        <title value="Offer male and female condoms and condom-compatible lubricantsUse alternative or additional contraceptive methods."/>
      </action>
    </action>
    <action id="23">
      <title value="Set &quot;Medication change recommended&quot;=TrueUse an alternative antihistamine agent."/>
      <description value="Set &quot;Medication change recommended&quot;=TrueUse an alternative antihistamine agent. 2"/>
      <documentation>
        <type value="citation"/>
      </documentation>
      <condition>
        <kind value="applicability"/>
        <expression>
          <description value="((HIV.D21.2.DT.31)&#xA;  AND (&quot;ART regimen composition&quot; IN 'LPV/r')&#xA;  AND (&quot;Medication/drug&quot;='Astemizole')&#xA;  AND (-)&#xA;  AND (-))&#xA;  OR ((HIV.D21.2.DT.32)&#xA;  AND (&quot;ART regimen composition&quot; IN 'LPV/r')&#xA;  AND (&quot;Medication/drug&quot;='Terfenadine')&#xA;  AND (-)&#xA;  AND (-))"/>
          <language value="text/cql-identifier"/>
          <expression value="Should Set \&quot;Medication change recommended\&quot;=TrueUse an alternative antihistamine agent. 2"/>
        </expression>
      </condition>
      <action>
        <title value="Set &quot;Medication change recommended&quot;=TrueUse an alternative antihistamine agent."/>
      </action>
      <action>
        <title value="Use an alternative antihistamine agent."/>
      </action>
    </action>
    <action id="24">
      <title value="Set &quot;Medication change recommended&quot;=TrueMonitor renal function."/>
      <description value="Set &quot;Medication change recommended&quot;=TrueMonitor renal function. 2"/>
      <documentation>
        <type value="citation"/>
      </documentation>
      <condition>
        <kind value="applicability"/>
        <expression>
          <description value="(HIV.D21.2.DT.33)&#xA;  AND (&quot;ART regimen composition&quot; IN 'LPV/r')&#xA;  AND (&quot;Medication/drug&quot;='TDF')&#xA;  AND (-)&#xA;  AND (-)"/>
          <language value="text/cql-identifier"/>
          <expression value="Should Set \&quot;Medication change recommended\&quot;=TrueMonitor renal function. 2"/>
        </expression>
      </condition>
      <action>
        <title value="Set &quot;Medication change recommended&quot;=TrueMonitor renal function."/>
      </action>
      <action>
        <title value="Monitor renal function."/>
      </action>
    </action>
    <action id="25">
      <title value="Set &quot;Medication change recommended&quot;=TrueUse an alternative direct-acting antiviral agent."/>
      <description value="Set &quot;Medication change recommended&quot;=TrueUse an alternative direct-acting antiviral agent. 3"/>
      <documentation>
        <type value="citation"/>
      </documentation>
      <condition>
        <kind value="applicability"/>
        <expression>
          <description value="((HIV.D21.2.DT.34)&#xA;  AND (&quot;ART regimen composition&quot; IN 'LPV/r')&#xA;  AND (&quot;Medication/drug&quot;='Simeprevir')&#xA;  AND (-)&#xA;  AND (-))&#xA;  OR ((HIV.D21.2.DT.35)&#xA;  AND (&quot;ART regimen composition&quot; IN 'LPV/r')&#xA;  AND (&quot;Medication/drug&quot;='Ombitasvir + paritaprevir/ritonavir + dasabuvir')&#xA;  AND (-)&#xA;  AND (-))"/>
          <language value="text/cql-identifier"/>
          <expression value="Should Set \&quot;Medication change recommended\&quot;=TrueUse an alternative direct-acting antiviral agent. 3"/>
        </expression>
      </condition>
      <action>
        <title value="Set &quot;Medication change recommended&quot;=TrueUse an alternative direct-acting antiviral agent."/>
      </action>
      <action>
        <title value="Use an alternative direct-acting antiviral agent."/>
      </action>
    </action>
    <action id="26">
      <title value="Set &quot;Dose adjustment recommended&quot;=TrueAdjust methadone and buprenorphine doses as appropriate."/>
      <description value="Set &quot;Dose adjustment recommended&quot;=TrueAdjust methadone and buprenorphine doses as appropriate. 3"/>
      <documentation>
        <type value="citation"/>
      </documentation>
      <condition>
        <kind value="applicability"/>
        <expression>
          <description value="((HIV.D21.2.DT.36)&#xA;  AND (&quot;ART regimen composition&quot; IN 'LPV/r')&#xA;  AND (&quot;Medication/drug&quot;='Methadone')&#xA;  AND (-)&#xA;  AND (-))&#xA;  OR ((HIV.D21.2.DT.37)&#xA;  AND (&quot;ART regimen composition&quot; IN 'LPV/r')&#xA;  AND (&quot;Medication/drug&quot;='Buprenorphine')&#xA;  AND (-)&#xA;  AND (-))"/>
          <language value="text/cql-identifier"/>
          <expression value="Should Set \&quot;Dose adjustment recommended\&quot;=TrueAdjust methadone and buprenorphine doses as appropriate. 3"/>
        </expression>
      </condition>
      <action>
        <title value="Set &quot;Dose adjustment recommended&quot;=TrueAdjust methadone and buprenorphine doses as appropriate."/>
      </action>
      <action>
        <title value="Adjust methadone and buprenorphine doses as appropriate."/>
      </action>
    </action>
    <action id="27">
      <title value="Set &quot;Regimen substitution recommended&quot;=TrueSubstitute rifampicin with rifabutin."/>
      <description value="Set &quot;Regimen substitution recommended&quot;=TrueSubstitute rifampicin with rifabutin."/>
      <documentation>
        <type value="citation"/>
      </documentation>
      <condition>
        <kind value="applicability"/>
        <expression>
          <description value="(HIV.D21.2.DT.38)&#xA;  AND (&quot;ART regimen composition&quot; IN 'LPV/r')&#xA;  AND (&quot;Medication/drug&quot;='Rifampicin')&#xA;  AND ( &quot;Age&quot; ≥ 10 years)&#xA;  AND (-)"/>
          <language value="text/cql-identifier"/>
          <expression value="Should Set \&quot;Regimen substitution recommended\&quot;=TrueSubstitute rifampicin with rifabutin."/>
        </expression>
      </condition>
      <action>
        <title value="Set &quot;Regimen substitution recommended&quot;=TrueSubstitute rifampicin with rifabutin."/>
      </action>
      <action>
        <title value="Substitute rifampicin with rifabutin."/>
      </action>
    </action>
    <action id="28">
      <title value="Set &quot;Dose adjustment recommended&quot;=TrueSet &quot;Regimen substitution recommended&quot;=TrueSubstitute rifampicin with rifabutin.Adjust the dose of LPV/r or substitute with three NRTIs (for children)"/>
      <description value="Set &quot;Dose adjustment recommended&quot;=TrueSet &quot;Regimen substitution recommended&quot;=TrueSubstitute rifampicin with rifabutin.Adjust the dose of LPV/r or substitute with three NRTIs (for children)"/>
      <documentation>
        <type value="citation"/>
      </documentation>
      <condition>
        <kind value="applicability"/>
        <expression>
          <description value="(HIV.D21.2.DT.39)&#xA;  AND (&quot;ART regimen composition&quot; IN 'LPV/r')&#xA;  AND (&quot;Medication/drug&quot;='Rifampicin')&#xA;  AND ( &quot;Age&quot; &lt; 10 years)&#xA;  AND (-)"/>
          <language value="text/cql-identifier"/>
          <expression value="Should Set \&quot;Dose adjustment recommended\&quot;=TrueSet \&quot;Regimen substitution recommended\&quot;=TrueSubstitute rifampicin with rifabutin.Adjust the dose of LPV/r or substitute with three NRTIs (for children)"/>
        </expression>
      </condition>
      <action>
        <title value="Set &quot;Dose adjustment recommended&quot;=TrueSet &quot;Regimen substitution recommended&quot;=TrueSubstitute rifampicin with rifabutin.Adjust the dose of LPV/r or substitute with three NRTIs (for children)"/>
      </action>
      <action>
        <title value="Substitute rifampicin with rifabutin.Adjust the dose of LPV/r or substitute with three NRTIs (for children)"/>
      </action>
    </action>
    <action id="29">
      <title value="Set &quot;Medication change recommended&quot;=TrueUse an alternative antiarrhythmic agent."/>
      <description value="Set &quot;Medication change recommended&quot;=TrueUse an alternative antiarrhythmic agent."/>
      <documentation>
        <type value="citation"/>
      </documentation>
      <condition>
        <kind value="applicability"/>
        <expression>
          <description value="(HIV.D21.2.DT.40)&#xA;  AND (&quot;ART regimen composition&quot; IN 'DTG')&#xA;  AND (&quot;Medication/drug&quot;='Dofetilide')&#xA;  AND (-)&#xA;  AND (-)"/>
          <language value="text/cql-identifier"/>
          <expression value="Should Set \&quot;Medication change recommended\&quot;=TrueUse an alternative antiarrhythmic agent."/>
        </expression>
      </condition>
      <action>
        <title value="Set &quot;Medication change recommended&quot;=TrueUse an alternative antiarrhythmic agent."/>
      </action>
      <action>
        <title value="Use an alternative antiarrhythmic agent."/>
      </action>
    </action>
    <action id="30">
      <title value="Set &quot;Dose adjustment recommended&quot;=TrueAdjust the dose of DTG or substitute rifampicin with rifabutin."/>
      <description value="Set &quot;Dose adjustment recommended&quot;=TrueAdjust the dose of DTG or substitute rifampicin with rifabutin."/>
      <documentation>
        <type value="citation"/>
      </documentation>
      <condition>
        <kind value="applicability"/>
        <expression>
          <description value="(HIV.D21.2.DT.41)&#xA;  AND (&quot;ART regimen composition&quot; IN 'DTG')&#xA;  AND (&quot;Medication/drug&quot;='Rifampicin')&#xA;  AND (-)&#xA;  AND (-)"/>
          <language value="text/cql-identifier"/>
          <expression value="Should Set \&quot;Dose adjustment recommended\&quot;=TrueAdjust the dose of DTG or substitute rifampicin with rifabutin."/>
        </expression>
      </condition>
      <action>
        <title value="Set &quot;Dose adjustment recommended&quot;=TrueAdjust the dose of DTG or substitute rifampicin with rifabutin."/>
      </action>
      <action>
        <title value="Adjust the dose of DTG or substitute rifampicin with rifabutin."/>
      </action>
    </action>
    <action id="31">
      <title value="Set &quot;Medication change recommended&quot;=TrueUse an alternative anticonvulsant agent (such as valproic acid or gabapentin)."/>
      <description value="Set &quot;Medication change recommended&quot;=TrueUse an alternative anticonvulsant agent (such as valproic acid or gabapentin)."/>
      <documentation>
        <type value="citation"/>
      </documentation>
      <condition>
        <kind value="applicability"/>
        <expression>
          <description value="(((HIV.D21.2.DT.42)&#xA;  AND (&quot;ART regimen composition&quot; IN 'DTG')&#xA;  AND (&quot;Medication/drug&quot;='Carbamazepine')&#xA;  AND (-)&#xA;  AND (-))&#xA;  OR ((HIV.D21.2.DT.43)&#xA;  AND (&quot;ART regimen composition&quot; IN 'DTG')&#xA;  AND (&quot;Medication/drug&quot;='Phenobarbital')&#xA;  AND (-)&#xA;  AND (-)))&#xA;  OR ((HIV.D21.2.DT.44)&#xA;  AND (&quot;ART regimen composition&quot; IN 'DTG')&#xA;  AND (&quot;Medication/drug&quot;='Phenytoin')&#xA;  AND (-)&#xA;  AND (-))"/>
          <language value="text/cql-identifier"/>
          <expression value="Should Set \&quot;Medication change recommended\&quot;=TrueUse an alternative anticonvulsant agent (such as valproic acid or gabapentin)."/>
        </expression>
      </condition>
      <action>
        <title value="Set &quot;Medication change recommended&quot;=TrueUse an alternative anticonvulsant agent (such as valproic acid or gabapentin)."/>
      </action>
      <action>
        <title value="Use an alternative anticonvulsant agent (such as valproic acid or gabapentin)."/>
      </action>
    </action>
    <action id="32">
      <title value="Set &quot;Medication change recommended&quot;=TrueUse DTG at least two hours before or at least six hours after supplements containing polyvalent cations, including but not limited to the following products: multivitamin supplements containing Fe, Ca, Mg or Zn; mineral supplements, cation-containing laxatives and antacids containing Al, Ca or Mg. Monitor for efficacy in suppressing viral load. "/>
      <description value="Set &quot;Medication change recommended&quot;=TrueUse DTG at least two hours before or at least six hours after supplements containing polyvalent cations, including but not limited to the following products: multivitamin supplements containing Fe, Ca, Mg or Zn; mineral supplements, cation-containing laxatives and antacids containing Al, Ca or Mg. Monitor for efficacy in suppressing viral load. "/>
      <documentation>
        <type value="citation"/>
      </documentation>
      <condition>
        <kind value="applicability"/>
        <expression>
          <description value="(HIV.D21.2.DT.45)&#xA;  AND (&quot;ART regimen composition&quot; IN 'DTG')&#xA;  AND (&quot;Medication/drug&quot;='Polyvalent cation products containing Mg, Al, Fe, Ca and Zn')&#xA;  AND (-)&#xA;  AND (-)"/>
          <language value="text/cql-identifier"/>
          <expression value="Should Set \&quot;Medication change recommended\&quot;=TrueUse DTG at least two hours before or at least six hours after supplements containing polyvalent cations, including but not limited to the following products: multivitamin supplements containing Fe, Ca, Mg or Zn; mineral supplements, cation-containing laxatives and antacids containing Al, Ca or Mg. Monitor for efficacy in suppressing viral load. "/>
        </expression>
      </condition>
      <action>
        <title value="Set &quot;Medication change recommended&quot;=TrueUse DTG at least two hours before or at least six hours after supplements containing polyvalent cations, including but not limited to the following products: multivitamin supplements containing Fe, Ca, Mg or Zn; mineral supplements, cation-containing laxatives and antacids containing Al, Ca or Mg. Monitor for efficacy in suppressing viral load. "/>
      </action>
      <action>
        <title value="Use DTG at least two hours before or at least six hours after supplements containing polyvalent cations, including but not limited to the following products: multivitamin supplements containing Fe, Ca, Mg or Zn; mineral supplements, cation-containing laxatives and antacids containing Al, Ca or Mg. Monitor for efficacy in suppressing viral load. "/>
      </action>
    </action>
    <action id="33">
      <title value="Set &quot;Medication change recommended&quot;=TrueUse an alternative antimalarial agent."/>
      <description value="Set &quot;Medication change recommended&quot;=TrueUse an alternative antimalarial agent. 3"/>
      <documentation>
        <type value="citation"/>
      </documentation>
      <condition>
        <kind value="applicability"/>
        <expression>
          <description value="(HIV.D21.2.DT.46)&#xA;  AND (&quot;ART regimen composition&quot; IN 'DTG')&#xA;  AND (&quot;Medication/drug&quot;='Amodiaquine')&#xA;  AND (-)&#xA;  AND (-)"/>
          <language value="text/cql-identifier"/>
          <expression value="Should Set \&quot;Medication change recommended\&quot;=TrueUse an alternative antimalarial agent. 3"/>
        </expression>
      </condition>
      <action>
        <title value="Set &quot;Medication change recommended&quot;=TrueUse an alternative antimalarial agent."/>
      </action>
      <action>
        <title value="Use an alternative antimalarial agent."/>
      </action>
    </action>
    <action id="34">
      <title value="Set &quot;Medication change recommended&quot;=TrueUse an alternative gastrointestinal agent."/>
      <description value="Set &quot;Medication change recommended&quot;=TrueUse an alternative gastrointestinal agent."/>
      <documentation>
        <type value="citation"/>
      </documentation>
      <condition>
        <kind value="applicability"/>
        <expression>
          <description value="(HIV.D21.2.DT.47)&#xA;  AND (&quot;ART regimen composition&quot; IN 'DTG')&#xA;  AND (&quot;Medication/drug&quot;='Cisapride')&#xA;  AND (-)&#xA;  AND (-)"/>
          <language value="text/cql-identifier"/>
          <expression value="Should Set \&quot;Medication change recommended\&quot;=TrueUse an alternative gastrointestinal agent."/>
        </expression>
      </condition>
      <action>
        <title value="Set &quot;Medication change recommended&quot;=TrueUse an alternative gastrointestinal agent."/>
      </action>
      <action>
        <title value="Use an alternative gastrointestinal agent."/>
      </action>
    </action>
    <action id="35">
      <title value="Set &quot;Medication change recommended&quot;=TrueAvoid high-dose metformin with DTG; adjust the metformin dose as appropriate"/>
      <description value="Set &quot;Medication change recommended&quot;=TrueAvoid high-dose metformin with DTG; adjust the metformin dose as appropriate"/>
      <documentation>
        <type value="citation"/>
      </documentation>
      <condition>
        <kind value="applicability"/>
        <expression>
          <description value="(HIV.D21.2.DT.48)&#xA;  AND (&quot;ART regimen composition&quot; IN 'DTG')&#xA;  AND (&quot;Medication/drug&quot;='Metformin')"/>
          <language value="text/cql-identifier"/>
          <expression value="Should Set \&quot;Medication change recommended\&quot;=TrueAvoid high-dose metformin with DTG; adjust the metformin dose as appropriate"/>
        </expression>
      </condition>
      <action>
        <title value="Set &quot;Medication change recommended&quot;=TrueAvoid high-dose metformin with DTG; adjust the metformin dose as appropriate"/>
      </action>
      <action>
        <title value="Avoid high-dose metformin with DTG; adjust the metformin dose as appropriate"/>
      </action>
    </action>
    <action id="36">
      <title value="Set &quot;Dose adjustment recommended&quot;=TrueAdjust the methadone dose as appropriate."/>
      <description value="Set &quot;Dose adjustment recommended&quot;=TrueAdjust the methadone dose as appropriate."/>
      <documentation>
        <type value="citation"/>
      </documentation>
      <condition>
        <kind value="applicability"/>
        <expression>
          <description value="(HIV.D21.2.DT.49)&#xA;  AND (&quot;ART regimen composition&quot; IN 'EFV')&#xA;  AND (&quot;Medication/drug&quot;='Methadone')&#xA;  AND (-)&#xA;  AND (-)"/>
          <language value="text/cql-identifier"/>
          <expression value="Should Set \&quot;Dose adjustment recommended\&quot;=TrueAdjust the methadone dose as appropriate."/>
        </expression>
      </condition>
      <action>
        <title value="Set &quot;Dose adjustment recommended&quot;=TrueAdjust the methadone dose as appropriate."/>
      </action>
      <action>
        <title value="Adjust the methadone dose as appropriate.Co-administering efavirenz (EFV) decreases methadone concentrations. This could subsequently cause withdrawal symptoms and increase the risk of relapse to opioid use. People receiving methadone and EFV should be monitored closely, and those experiencing opioid withdrawal may need to adjust their methadone dose (50)."/>
      </action>
    </action>
    <action id="37">
      <title value="Set &quot;Prevention services offered and referrals&quot;='Offer male and female condoms and condom-compatible lubricants'Use alternative or additional contraceptive methods.Advise additional use of male or female condoms."/>
      <description value="Set &quot;Prevention services offered and referrals&quot;='Offer male and female condoms and condom-compatible lubricants'Use alternative or additional contraceptive methods.Advise additional use of male or female condoms."/>
      <documentation>
        <type value="citation"/>
      </documentation>
      <condition>
        <kind value="applicability"/>
        <expression>
          <description value="(HIV.D21.2.DT.50)&#xA;  AND (&quot;ART regimen composition&quot; IN 'EFV')&#xA;  AND (&quot;Medication/drug&quot;='Hormonal contraception')&#xA;  AND (-)&#xA;  AND (-)"/>
          <language value="text/cql-identifier"/>
          <expression value="Should Set \&quot;Prevention services offered and referrals\&quot;='Offer male and female condoms and condom-compatible lubricants'Use alternative or additional contraceptive methods.Advise additional use of male or female condoms."/>
        </expression>
      </condition>
      <action>
        <title value="Set &quot;Prevention services offered and referrals&quot;='Offer male and female condoms and condom-compatible lubricants'Use alternative or additional contraceptive methods.Advise additional use of male or female condoms."/>
      </action>
      <action>
        <title value="Offer male and female condoms and condom-compatible lubricantsUse alternative or additional contraceptive methods.Advise additional use of male or female condoms."/>
      </action>
    </action>
    <action id="38">
      <title value="Set &quot;Medication change recommended&quot;=TrueUse an alternative antihistamine agent."/>
      <description value="Set &quot;Medication change recommended&quot;=TrueUse an alternative antihistamine agent. 3"/>
      <documentation>
        <type value="citation"/>
      </documentation>
      <condition>
        <kind value="applicability"/>
        <expression>
          <description value="((HIV.D21.2.DT.51)&#xA;  AND (&quot;ART regimen composition&quot; IN 'EFV')&#xA;  AND (&quot;Medication/drug&quot;='Astemizole')&#xA;  AND (-)&#xA;  AND (-))&#xA;  OR ((HIV.D21.2.DT.52)&#xA;  AND (&quot;ART regimen composition&quot; IN 'EFV')&#xA;  AND (&quot;Medication/drug&quot;='Terfenadine')&#xA;  AND (-)&#xA;  AND (-))"/>
          <language value="text/cql-identifier"/>
          <expression value="Should Set \&quot;Medication change recommended\&quot;=TrueUse an alternative antihistamine agent. 3"/>
        </expression>
      </condition>
      <action>
        <title value="Set &quot;Medication change recommended&quot;=TrueUse an alternative antihistamine agent."/>
      </action>
      <action>
        <title value="Use an alternative antihistamine agent."/>
      </action>
    </action>
    <action id="39">
      <title value="Set &quot;Medication change recommended&quot;=TrueUse an alternative antimigraine agent."/>
      <description value="Set &quot;Medication change recommended&quot;=TrueUse an alternative antimigraine agent."/>
      <documentation>
        <type value="citation"/>
      </documentation>
      <condition>
        <kind value="applicability"/>
        <expression>
          <description value="((HIV.D21.2.DT.53)&#xA;  AND (&quot;ART regimen composition&quot; IN 'EFV')&#xA;  AND (&quot;Medication/drug&quot;='Ergotamine')&#xA;  AND (-)&#xA;  AND (-))&#xA;  OR ((HIV.D21.2.DT.54)&#xA;  AND (&quot;ART regimen composition&quot; IN 'EFV')&#xA;  AND (&quot;Medication/drug&quot;='Dihydroergotamine')&#xA;  AND (-)&#xA;  AND (-))"/>
          <language value="text/cql-identifier"/>
          <expression value="Should Set \&quot;Medication change recommended\&quot;=TrueUse an alternative antimigraine agent."/>
        </expression>
      </condition>
      <action>
        <title value="Set &quot;Medication change recommended&quot;=TrueUse an alternative antimigraine agent."/>
      </action>
      <action>
        <title value="Use an alternative antimigraine agent."/>
      </action>
    </action>
    <action id="40">
      <title value="Set &quot;Medication change recommended&quot;=TrueUse an alternative direct-acting antiviral agent."/>
      <description value="Set &quot;Medication change recommended&quot;=TrueUse an alternative direct-acting antiviral agent. 4"/>
      <documentation>
        <type value="citation"/>
      </documentation>
      <condition>
        <kind value="applicability"/>
        <expression>
          <description value="(HIV.D21.2.DT.55)&#xA;  AND (&quot;ART regimen composition&quot; IN 'EFV')&#xA;  AND (&quot;Medication/drug&quot;='Simeprevir')&#xA;  AND (-)&#xA;  AND (-)"/>
          <language value="text/cql-identifier"/>
          <expression value="Should Set \&quot;Medication change recommended\&quot;=TrueUse an alternative direct-acting antiviral agent. 4"/>
        </expression>
      </condition>
      <action>
        <title value="Set &quot;Medication change recommended&quot;=TrueUse an alternative direct-acting antiviral agent."/>
      </action>
      <action>
        <title value="Use an alternative direct-acting antiviral agent."/>
      </action>
    </action>
    <action id="41">
      <title value="Set &quot;Medication change recommended&quot;=TrueUse an alternative anxiolytic agent."/>
      <description value="Set &quot;Medication change recommended&quot;=TrueUse an alternative anxiolytic agent."/>
      <documentation>
        <type value="citation"/>
      </documentation>
      <condition>
        <kind value="applicability"/>
        <expression>
          <description value="((HIV.D21.2.DT.56)&#xA;  AND (&quot;ART regimen composition&quot; IN 'EFV')&#xA;  AND (&quot;Medication/drug&quot;='Midazolam')&#xA;  AND (-)&#xA;  AND (-))&#xA;  OR ((HIV.D21.2.DT.57)&#xA;  AND (&quot;ART regimen composition&quot; IN 'EFV')&#xA;  AND (&quot;Medication/drug&quot;='Triazolam')&#xA;  AND (-)&#xA;  AND (-))"/>
          <language value="text/cql-identifier"/>
          <expression value="Should Set \&quot;Medication change recommended\&quot;=TrueUse an alternative anxiolytic agent."/>
        </expression>
      </condition>
      <action>
        <title value="Set &quot;Medication change recommended&quot;=TrueUse an alternative anxiolytic agent."/>
      </action>
      <action>
        <title value="Use an alternative anxiolytic agent."/>
      </action>
    </action>
    <action id="42">
      <title value="Set &quot;Regimen substitution recommended&quot;=TrueSubstitute EFV with nevirapine (NVP)."/>
      <description value="Set &quot;Regimen substitution recommended&quot;=TrueSubstitute EFV with nevirapine (NVP)."/>
      <documentation>
        <type value="citation"/>
      </documentation>
      <condition>
        <kind value="applicability"/>
        <expression>
          <description value="(HIV.D21.2.DT.58)&#xA;  AND (&quot;ART regimen composition&quot; IN 'EFV')&#xA;  AND (&quot;Medication/drug&quot;='Rifampicin')&#xA;  AND (-)&#xA;  AND (-)"/>
          <language value="text/cql-identifier"/>
          <expression value="Should Set \&quot;Regimen substitution recommended\&quot;=TrueSubstitute EFV with nevirapine (NVP)."/>
        </expression>
      </condition>
      <action>
        <title value="Set &quot;Regimen substitution recommended&quot;=TrueSubstitute EFV with nevirapine (NVP)."/>
      </action>
      <action>
        <title value="Substitute EFV with nevirapine (NVP)."/>
      </action>
    </action>
    <action id="43">
      <title value="Set &quot;Prevention services offered and referrals&quot;='Offer male and female condoms and condom-compatible lubricants'Advise additional use of male or female condoms."/>
      <description value="Set &quot;Prevention services offered and referrals&quot;='Offer male and female condoms and condom-compatible lubricants'Advise additional use of male or female condoms."/>
      <documentation>
        <type value="citation"/>
      </documentation>
      <condition>
        <kind value="applicability"/>
        <expression>
          <description value="(HIV.D21.2.DT.59)&#xA;  AND (&quot;ART regimen composition&quot; IN 'NVP')&#xA;  AND (&quot;Medication/drug&quot;='Estrogen-based hormonal contraception')&#xA;  AND (-)&#xA;  AND (-)"/>
          <language value="text/cql-identifier"/>
          <expression value="Should Set \&quot;Prevention services offered and referrals\&quot;='Offer male and female condoms and condom-compatible lubricants'Advise additional use of male or female condoms."/>
        </expression>
      </condition>
      <action>
        <title value="Set &quot;Prevention services offered and referrals&quot;='Offer male and female condoms and condom-compatible lubricants'Advise additional use of male or female condoms."/>
      </action>
      <action>
        <title value="Offer male and female condoms and condom-compatible lubricantsAdvise additional use of male or female condoms."/>
      </action>
    </action>
    <action id="44">
      <title value="Set &quot;Regimen substitution recommended&quot;=TrueFirst-line: substitute AZT with tenofovir (TDF)."/>
      <description value="Set &quot;Regimen substitution recommended&quot;=TrueFirst-line: substitute AZT with tenofovir (TDF)."/>
      <documentation>
        <type value="citation"/>
      </documentation>
      <condition>
        <kind value="applicability"/>
        <expression>
          <description value="(HIV.D21.2.DT.60)&#xA;  AND (&quot;ART regimen composition&quot; IN 'AZT')&#xA;  AND (&quot;Medication/drug&quot;='Ribavirin')&#xA;  AND (-)&#xA;  AND (&quot;Current ART regimen (first-, second-, or third-line)&quot;='First-line ART regimen for adults and adolescents')"/>
          <language value="text/cql-identifier"/>
          <expression value="Should Set \&quot;Regimen substitution recommended\&quot;=TrueFirst-line: substitute AZT with tenofovir (TDF)."/>
        </expression>
      </condition>
      <action>
        <title value="Set &quot;Regimen substitution recommended&quot;=TrueFirst-line: substitute AZT with tenofovir (TDF)."/>
      </action>
      <action>
        <title value="First-line: substitute AZT with tenofovir (TDF)."/>
      </action>
    </action>
    <action id="45">
      <title value="Set &quot;Regimen substitution recommended&quot;=TrueSecond-line: substitute AZT with stavudine (d4T)."/>
      <description value="Set &quot;Regimen substitution recommended&quot;=TrueSecond-line: substitute AZT with stavudine (d4T)."/>
      <documentation>
        <type value="citation"/>
      </documentation>
      <condition>
        <kind value="applicability"/>
        <expression>
          <description value="(HIV.D21.2.DT.61)&#xA;  AND (&quot;ART regimen composition&quot; IN 'AZT')&#xA;  AND (&quot;Medication/drug&quot;='Ribavirin')&#xA;  AND (-)&#xA;  AND (&quot;Current ART regimen (first-, second-, or third-line)&quot;='Second-line ART regimen for adults and adolescents')"/>
          <language value="text/cql-identifier"/>
          <expression value="Should Set \&quot;Regimen substitution recommended\&quot;=TrueSecond-line: substitute AZT with stavudine (d4T)."/>
        </expression>
      </condition>
      <action>
        <title value="Set &quot;Regimen substitution recommended&quot;=TrueSecond-line: substitute AZT with stavudine (d4T)."/>
      </action>
      <action>
        <title value="Second-line: substitute AZT with stavudine (d4T)."/>
      </action>
    </action>
    <action id="46">
      <title value="Set &quot;Regimen substitution recommended&quot;=TrueFirst-line: substitute AZT with TDF."/>
      <description value="Set &quot;Regimen substitution recommended&quot;=TrueFirst-line: substitute AZT with TDF."/>
      <documentation>
        <type value="citation"/>
      </documentation>
      <condition>
        <kind value="applicability"/>
        <expression>
          <description value="(HIV.D21.2.DT.62)&#xA;  AND (&quot;ART regimen composition&quot; IN 'AZT')&#xA;  AND (&quot;Medication/drug&quot;='Peginterferon alfa-2a')&#xA;  AND (-)&#xA;  AND (&quot;Current ART regimen (first-, second-, or third-line)&quot;='First-line ART regimen for adults and adolescents')"/>
          <language value="text/cql-identifier"/>
          <expression value="Should Set \&quot;Regimen substitution recommended\&quot;=TrueFirst-line: substitute AZT with TDF."/>
        </expression>
      </condition>
      <action>
        <title value="Set &quot;Regimen substitution recommended&quot;=TrueFirst-line: substitute AZT with TDF."/>
      </action>
      <action>
        <title value="First-line: substitute AZT with TDF."/>
      </action>
    </action>
    <action id="47">
      <title value="Set &quot;Regimen substitution recommended&quot;=TrueSecond-line: substitute AZT with stavudine (d4T)."/>
      <description value="Set &quot;Regimen substitution recommended&quot;=TrueSecond-line: substitute AZT with stavudine (d4T). 2"/>
      <documentation>
        <type value="citation"/>
      </documentation>
      <condition>
        <kind value="applicability"/>
        <expression>
          <description value="(HIV.D21.2.DT.63)&#xA;  AND (&quot;ART regimen composition&quot; IN 'AZT')&#xA;  AND (&quot;Medication/drug&quot;='Peginterferon alfa-2a')&#xA;  AND (-)&#xA;  AND (&quot;Current ART regimen (first-, second-, or third-line)&quot;='Second-line ART regimen for adults and adolescents')"/>
          <language value="text/cql-identifier"/>
          <expression value="Should Set \&quot;Regimen substitution recommended\&quot;=TrueSecond-line: substitute AZT with stavudine (d4T). 2"/>
        </expression>
      </condition>
      <action>
        <title value="Set &quot;Regimen substitution recommended&quot;=TrueSecond-line: substitute AZT with stavudine (d4T)."/>
      </action>
      <action>
        <title value="Second-line: substitute AZT with stavudine (d4T)."/>
      </action>
    </action>
  </action>
</PlanDefinition>