<?xml version="1.0" encoding="UTF-8"?>

<PlanDefinition xmlns="http://hl7.org/fhir">
  <id value="HIVB9DT"/>
  <text>
    <status value="generated"/><div xmlns="http://www.w3.org/1999/xhtml"><p><b>Generated Narrative: PlanDefinition</b><a name="HIVB9DT"> </a><a name="hcHIVB9DT"> </a></p><div style="display: inline-block; background-color: #d9e0e7; padding: 6px; margin: 4px; border: 1px solid #8da1b4; border-radius: 5px; line-height: 60%"><p style="margin-bottom: 0px">ResourcePlanDefinition &quot;HIVB9DT&quot; </p></div><p><b>url</b>: <code>http://fhir.org/guides/who/anc-cds/PlanDefinition/HIVB9DT</code></p><p><b>identifier</b>: HIV.B9.DT (use: official)</p><p><b>version</b>: 0.3.0</p><p><b>name</b>: HIVB9DT</p><p><b>title</b>: HIV.B9.DT</p><p><b>type</b>: ECA Rule <span style="background: LightGoldenRodYellow; margin: 4px; border: 1px solid khaki"> (<a href="http://terminology.hl7.org/5.5.0/CodeSystem-plan-definition-type.html">PlanDefinitionType</a>#eca-rule)</span></p><p><b>status</b>: active</p><p><b>experimental</b>: false</p><p><b>date</b>: 2024-03-26 13:56:57+0300</p><p><b>publisher</b>: World Health Organization (WHO) </p><p><b>contact</b>: <a href="https://www.who.int">https://www.who.int</a></p><p><b>description</b>: HIV restesting recommendations</p><h3>UseContexts</h3><table class="grid"><tr><td style="display: none">-</td><td><b>Code</b></td><td><b>Value[x]</b></td></tr><tr><td style="display: none">*</td><td>Workflow Task (Details: UsageContextType code task = 'Workflow Task', stated as 'Workflow Task')</td><td>Determine recommended services <span style="background: LightGoldenRodYellow; margin: 4px; border: 1px solid khaki"> (activity-codes#HIV.B9)</span></td></tr></table><p><b>jurisdiction</b>: Global (Whole world) <span style="background: LightGoldenRodYellow; margin: 4px; border: 1px solid khaki"> (m49.htm#001)</span></p><p><b>library</b>: <a href="http://fhir.org/guides/who/anc-cds/Library/HIVB9DT">http://fhir.org/guides/who/anc-cds/Library/HIVB9DT</a></p><blockquote><p><b>action</b></p><p><b>title</b>: HIV.B9.DT</p><h3>Triggers</h3><table class="grid"><tr><td style="display: none">-</td><td><b>Type</b></td><td><b>Name</b></td></tr><tr><td style="display: none">*</td><td>named-event</td><td>HIV.B9 Determine recommended services</td></tr></table><blockquote><p><b>action</b></p><blockquote><p><b>id</b></p>1</blockquote><p><b>title</b>: Schedule a &quot;Follow-up test recommended date&quot; = &quot;Visit date&quot; + 1 year</p><p><b>description</b>: Schedule a &quot;Follow-up test recommended date&quot; = &quot;Visit date&quot; + 1 year</p><blockquote><p><b>documentation</b></p></blockquote><blockquote><p><b>condition</b></p></blockquote><blockquote><p><b>action</b></p></blockquote><blockquote><p><b>action</b></p></blockquote></blockquote><blockquote><p><b>action</b></p><blockquote><p><b>id</b></p>2</blockquote><p><b>title</b>: Schedule a &quot;Follow-up test recommended date&quot; = 'Visit date' + 1 year</p><p><b>description</b>: Schedule a &quot;Follow-up test recommended date&quot; = 'Visit date' + 1 year</p><blockquote><p><b>documentation</b></p></blockquote><blockquote><p><b>condition</b></p></blockquote><blockquote><p><b>action</b></p></blockquote><blockquote><p><b>action</b></p></blockquote></blockquote><blockquote><p><b>action</b></p><blockquote><p><b>id</b></p>3</blockquote><p><b>title</b>: Schedule a &quot;Follow-up test recommended date&quot; = &quot;Visit date&quot; + 1 year</p><p><b>description</b>: Schedule a &quot;Follow-up test recommended date&quot; = &quot;Visit date&quot; + 1 year 2</p><blockquote><p><b>documentation</b></p></blockquote><blockquote><p><b>condition</b></p></blockquote><blockquote><p><b>action</b></p></blockquote><blockquote><p><b>action</b></p></blockquote></blockquote><blockquote><p><b>action</b></p><blockquote><p><b>id</b></p>4</blockquote><p><b>title</b>: Schedule an annual follow up test.  Schedule a &quot;Follow-up test recommended date&quot; = &quot;Visit date&quot; + 1 year</p><p><b>description</b>: Schedule an annual follow up test.  Schedule a &quot;Follow-up test recommended date&quot; = &quot;Visit date&quot; + 1 year</p><blockquote><p><b>documentation</b></p></blockquote><blockquote><p><b>condition</b></p></blockquote><blockquote><p><b>action</b></p></blockquote><blockquote><p><b>action</b></p></blockquote></blockquote><blockquote><p><b>action</b></p><blockquote><p><b>id</b></p>5</blockquote><p><b>title</b>: Follow-up test recommended</p><p><b>description</b>: Follow-up test recommended</p><blockquote><p><b>documentation</b></p></blockquote><blockquote><p><b>condition</b></p></blockquote><blockquote><p><b>action</b></p></blockquote><blockquote><p><b>action</b></p></blockquote></blockquote><blockquote><p><b>action</b></p><blockquote><p><b>id</b></p>6</blockquote><p><b>title</b>: Schedule quarterly retesting for PrEP users.Set &quot;Follow-up test recommended date&quot; = 'Visit date' + 3 months</p><p><b>description</b>: Schedule quarterly retesting for PrEP users.Set &quot;Follow-up test recommended date&quot; = 'Visit date' + 3 months</p><blockquote><p><b>documentation</b></p></blockquote><blockquote><p><b>condition</b></p></blockquote><blockquote><p><b>action</b></p></blockquote><blockquote><p><b>action</b></p></blockquote></blockquote><blockquote><p><b>action</b></p><blockquote><p><b>id</b></p>7</blockquote><p><b>title</b>: Schedule an HIV test, syphilis test, hepatitis B test as early as possible during this pregnancy</p><p><b>description</b>: Schedule an HIV test, syphilis test, hepatitis B test as early as possible during this pregnancy</p><blockquote><p><b>documentation</b></p></blockquote><blockquote><p><b>condition</b></p></blockquote><blockquote><p><b>action</b></p></blockquote><blockquote><p><b>action</b></p></blockquote></blockquote><blockquote><p><b>action</b></p><blockquote><p><b>id</b></p>8</blockquote><p><b>title</b>: Schedule a &quot;Follow-up test recommended date&quot; during a third trimester visit</p><p><b>description</b>: Schedule a &quot;Follow-up test recommended date&quot; during a third trimester visit</p><blockquote><p><b>documentation</b></p></blockquote><blockquote><p><b>condition</b></p></blockquote><blockquote><p><b>action</b></p></blockquote><blockquote><p><b>action</b></p></blockquote></blockquote><blockquote><p><b>action</b></p><blockquote><p><b>id</b></p>9</blockquote><p><b>title</b>: Schedule a &quot;Follow-up test recommended date&quot; at first &quot;ANC contact date&quot; AND schedule a &quot;Follow-up test recommended date&quot; at during third trimester visit AND schedule a &quot;Follow-up test recommended date&quot; on(Delivery date + 14 weeks) OR(Delivery date + 6 months) OR(Delivery date + 9 months)</p><p><b>description</b>: Schedule a &quot;Follow-up test recommended date&quot; at first &quot;ANC contact date&quot; AND schedule a &quot;Follow-up test recommended date&quot; at during third trimester visit AND schedule a &quot;Follow-up test recommended date&quot; on(Delivery date + 14 weeks) OR(Delivery date + 6 months) OR(Delivery date + 9 months)</p><blockquote><p><b>documentation</b></p></blockquote><blockquote><p><b>condition</b></p></blockquote><blockquote><p><b>action</b></p></blockquote><blockquote><p><b>action</b></p></blockquote></blockquote></blockquote></div>
  </text>
  <url value="http://fhir.org/guides/who/anc-cds/PlanDefinition/HIVB9DT"/>
  <identifier>
    <use value="official"/>
    <value value="HIV.B9.DT"/>
  </identifier>
  <version value="0.3.0"/>
  <name value="HIVB9DT"/>
  <title value="HIV.B9.DT"/>
  <type>
    <coding>
      <system value="http://terminology.hl7.org/CodeSystem/plan-definition-type"/>
      <code value="eca-rule"/>
    </coding>
  </type>
  <status value="active"/>
  <experimental value="false"/>
  <date value="2024-03-26T13:56:57+03:00"/>
  <publisher value="World Health Organization (WHO) "/>
  <contact>
    <telecom>
      <system value="url"/>
      <value value="https://www.who.int"/>
    </telecom>
  </contact>
  <description value="HIV restesting recommendations"/>
  <useContext>
    <code>
      <system value="http://terminology.hl7.org/CodeSystem/usage-context-type"/>
      <code value="task"/>
      <display value="Workflow Task"/>
    </code>
    <valueCodeableConcept>
      <coding>
        <system value="http://fhir.org/guides/who/anc-cds/CodeSystem/activity-codes"/>
        <code value="HIV.B9"/>
        <display value="Determine recommended services"/>
      </coding>
    </valueCodeableConcept>
  </useContext>
  <jurisdiction>
    <coding>
      <system value="http://unstats.un.org/unsd/methods/m49/m49.htm"/>
      <code value="001"/>
    </coding>
  </jurisdiction>
  <library value="http://fhir.org/guides/who/anc-cds/Library/HIVB9DT"/>
  <action>
    <title value="HIV.B9.DT"/>
    <trigger>
      <type value="named-event"/>
      <name value="HIV.B9 Determine recommended services"/>
    </trigger>
    <action id="1">
      <title value="Schedule a &quot;Follow-up test recommended date&quot; = &quot;Visit date&quot; + 1 year"/>
      <description value="Schedule a &quot;Follow-up test recommended date&quot; = &quot;Visit date&quot; + 1 year"/>
      <documentation>
        <type value="citation"/>
        <label value="Consolidated Guidelines on HIV Testing Services. 2019. &#xA;4.3.5 Special messages on retesting &#xA;Retesting among people who are HIV-negative&#xA;7.2.5 Testing pregnant and breastfeeding women&#xA;Table 6.1. Recommended time points for HIV retesting for pregnant and postpartum women"/>
      </documentation>
      <condition>
        <kind value="applicability"/>
        <expression>
          <description value="(HIV.B9.DT.01)&#xA;  AND (&quot;HIV status&quot; IN 'HIV-negative', 'Unknown')&#xA;  AND ( &quot;Partner HIV status (reported)&quot;='HIV-positive')&#xA;  AND (&quot;Sex partner's HIV treatment status&quot;='Partner is not virally suppressed')&#xA;  AND (-)&#xA;  AND (-)&#xA;  AND (-)&#xA;  AND (-)&#xA;  AND (-)&#xA;  AND (-)"/>
          <language value="text/cql-identifier"/>
          <expression value="Should Schedule a \&quot;Follow-up test recommended date\&quot; = \&quot;Visit date\&quot; + 1 year"/>
        </expression>
      </condition>
      <action>
        <title value="Schedule a &quot;Follow-up test recommended date&quot; = &quot;Visit date&quot; + 1 year"/>
      </action>
      <action>
        <title value="Schedule an annual follow-up test.  WHO guidance recommends annual retesting for people who have ongoing HIV-related risks in all settings. These include people with a known HIV-positive partner who is not virally suppressed on ART."/>
      </action>
    </action>
    <action id="2">
      <title value="Schedule a &quot;Follow-up test recommended date&quot; = 'Visit date' + 1 year"/>
      <description value="Schedule a &quot;Follow-up test recommended date&quot; = 'Visit date' + 1 year"/>
      <documentation>
        <type value="citation"/>
        <label value="Consolidated Guidelines on HIV Testing Services. 2019. &#xA;4.3.5 Special messages on retesting &#xA;Retesting among people who are HIV-negative&#xA;7.2.5 Testing pregnant and breastfeeding women&#xA;Table 6.1. Recommended time points for HIV retesting for pregnant and postpartum women"/>
      </documentation>
      <condition>
        <kind value="applicability"/>
        <expression>
          <description value="(HIV.B9.DT.02)&#xA;  AND (&quot;HIV status&quot; IN 'HIV-negative', 'Unknown')&#xA;  AND (-)&#xA;  AND (-)&#xA;  AND (&quot;HIV burden of the setting&quot;='High HIV burden setting')&#xA;  AND (-)&#xA;  AND (-)&#xA;  AND (-)&#xA;  AND (-)&#xA;  AND (-)"/>
          <language value="text/cql-identifier"/>
          <expression value="Should Schedule a \&quot;Follow-up test recommended date\&quot; = 'Visit date' + 1 year"/>
        </expression>
      </condition>
      <action>
        <title value="Schedule a &quot;Follow-up test recommended date&quot; = 'Visit date' + 1 year"/>
      </action>
      <action>
        <title value="Schedule an annual follow-up test.  WHO guidance recommends annual retesting for all sexually active individuals in high HIV burden settings."/>
      </action>
    </action>
    <action id="3">
      <title value="Schedule a &quot;Follow-up test recommended date&quot; = &quot;Visit date&quot; + 1 year"/>
      <description value="Schedule a &quot;Follow-up test recommended date&quot; = &quot;Visit date&quot; + 1 year 2"/>
      <documentation>
        <type value="citation"/>
        <label value="Consolidated Guidelines on HIV Testing Services. 2019. &#xA;4.3.5 Special messages on retesting &#xA;Retesting among people who are HIV-negative&#xA;7.2.5 Testing pregnant and breastfeeding women&#xA;Table 6.1. Recommended time points for HIV retesting for pregnant and postpartum women"/>
      </documentation>
      <condition>
        <kind value="applicability"/>
        <expression>
          <description value="(HIV.B9.DT.03)&#xA;  AND (&quot;HIV status&quot; IN 'HIV-negative', 'Unknown')&#xA;  AND (-)&#xA;  AND (-)&#xA;  AND (-)&#xA;  AND (&quot;Key population member&quot;* = TRUE)&#xA;  AND (-)&#xA;  AND (-)&#xA;  AND (-)&#xA;  AND (-)"/>
          <language value="text/cql-identifier"/>
          <expression value="Should Schedule a \&quot;Follow-up test recommended date\&quot; = \&quot;Visit date\&quot; + 1 year 2"/>
        </expression>
      </condition>
      <action>
        <title value="Schedule a &quot;Follow-up test recommended date&quot; = &quot;Visit date&quot; + 1 year"/>
      </action>
      <action>
        <title value="Schedule an annual follow-up test.  WHO guidance recommends annual retesting for people who have ongoing HIV-related risks in all settings. These include key populations.Frequent retesting in specific groups: Annual retesting for people with ongoing HIV risk is sufficient in most cases, including among members of key populations. However, more frequent retesting – that is, every 3–6 months – may be advisable based on individual risk factors or as part of HIV prevention interventions. This would include, for example, individuals taking PrEP, who require quarterly HIV testing, or members of key populations who present with an STI."/>
      </action>
    </action>
    <action id="4">
      <title value="Schedule an annual follow up test.  Schedule a &quot;Follow-up test recommended date&quot; = &quot;Visit date&quot; + 1 year"/>
      <description value="Schedule an annual follow up test.  Schedule a &quot;Follow-up test recommended date&quot; = &quot;Visit date&quot; + 1 year"/>
      <documentation>
        <type value="citation"/>
        <label value="Consolidated Guidelines on HIV Testing Services. 2019. &#xA;4.3.5 Special messages on retesting &#xA;Retesting among people who are HIV-negative&#xA;7.2.5 Testing pregnant and breastfeeding women&#xA;Table 6.1. Recommended time points for HIV retesting for pregnant and postpartum women"/>
      </documentation>
      <condition>
        <kind value="applicability"/>
        <expression>
          <description value="(HIV.B9.DT.04)&#xA;  AND (&quot;HIV status&quot; IN 'HIV-negative', 'Unknown')&#xA;  AND (&quot;At elevated risk for HIV acquisition&quot;=True)"/>
          <language value="text/cql-identifier"/>
          <expression value="Should Schedule an annual follow up test.  Schedule a \&quot;Follow-up test recommended date\&quot; = \&quot;Visit date\&quot; + 1 year"/>
        </expression>
      </condition>
      <action>
        <title value="Schedule an annual follow up test.  Schedule a &quot;Follow-up test recommended date&quot; = &quot;Visit date&quot; + 1 year"/>
      </action>
      <action>
        <title value="WHO guidance recommends annual retesting for people who have ongoing HIV-related risks in all settings. These include key populations.Frequent retesting in specific groups: Annual retesting for people with ongoing HIV risk is sufficient in most cases, including among members of key populations. However, more frequent retesting – that is, every 3–6 months – may be advisable based on individual risk factors or as part of HIV prevention interventions. This would include, for example, individuals taking PrEP, who require quarterly HIV testing, or members of key populations who present with an STI."/>
      </action>
    </action>
    <action id="5">
      <title value="Follow-up test recommended"/>
      <description value="Follow-up test recommended"/>
      <documentation>
        <type value="citation"/>
        <label value="Consolidated Guidelines on HIV Testing Services. 2019. &#xA;4.3.5 Special messages on retesting &#xA;Retesting among people who are HIV-negative&#xA;7.2.5 Testing pregnant and breastfeeding women&#xA;Table 6.1. Recommended time points for HIV retesting for pregnant and postpartum women"/>
      </documentation>
      <condition>
        <kind value="applicability"/>
        <expression>
          <description value="((HIV.B9.DT.05)&#xA;  AND (&quot;HIV status&quot; IN 'HIV-negative', 'Unknown')&#xA;  AND (-)&#xA;  AND (-)&#xA;  AND (-)&#xA;  AND (-)&#xA;  AND (-)&#xA;  AND (&quot;TB diagnosis result&quot;='Diagnosed TB')&#xA;  AND (-)&#xA;  AND (-))&#xA;  OR ((HIV.B9.DT.06)&#xA;  AND (&quot;HIV status&quot; IN 'HIV-negative', 'Unknown')&#xA;  AND (-)&#xA;  AND (-)&#xA;  AND (-)&#xA;  AND (-)&#xA;  AND (-)&#xA;  AND (-)&#xA;  AND (&quot;Presumptive TB&quot;=True)&#xA;  AND (-)&#xA;  AND (-))"/>
          <language value="text/cql-identifier"/>
          <expression value="Should Follow-up test recommended"/>
        </expression>
      </condition>
      <action>
        <title value="Follow-up test recommended"/>
      </action>
      <action>
        <title value="Recommend a follow-up test.  In certain conditions and situations, individuals who have been tested for HIV in the past can be advised to retest. These include: individuals presenting with a diagnosis or receiving treatment for STIs or viral hepatitis, individuals with a confirmed or presumptive TB diagnosis, outpatients presenting with clinical conditions or symptoms indicative of HIV, individuals with recent HIV risk exposure."/>
      </action>
    </action>
    <action id="6">
      <title value="Schedule quarterly retesting for PrEP users.Set &quot;Follow-up test recommended date&quot; = 'Visit date' + 3 months"/>
      <description value="Schedule quarterly retesting for PrEP users.Set &quot;Follow-up test recommended date&quot; = 'Visit date' + 3 months"/>
      <documentation>
        <type value="citation"/>
        <label value="Consolidated Guidelines on HIV Testing Services. 2019. &#xA;4.3.5 Special messages on retesting &#xA;Retesting among people who are HIV-negative&#xA;7.2.5 Testing pregnant and breastfeeding women&#xA;Table 6.1. Recommended time points for HIV retesting for pregnant and postpartum women"/>
      </documentation>
      <condition>
        <kind value="applicability"/>
        <expression>
          <description value="(HIV.B9.DT.07)&#xA;  AND (&quot;HIV status&quot; IN 'HIV-negative', 'Unknown')&#xA;  AND (-)&#xA;  AND (-)&#xA;  AND (-)&#xA;  AND (-)&#xA;  AND (-)&#xA;  AND (-)&#xA;  AND (&quot;Currently on PrEP&quot;=True)&#xA;  AND (-)"/>
          <language value="text/cql-identifier"/>
          <expression value="Should Schedule quarterly retesting for PrEP users.Set \&quot;Follow-up test recommended date\&quot; = 'Visit date' + 3 months"/>
        </expression>
      </condition>
      <action>
        <title value="Schedule quarterly retesting for PrEP users.Set &quot;Follow-up test recommended date&quot; = 'Visit date' + 3 months"/>
      </action>
      <action>
        <title value="Schedule quarterly retesting for PrEP users."/>
      </action>
    </action>
    <action id="7">
      <title value="Schedule an HIV test, syphilis test, hepatitis B test as early as possible during this pregnancy"/>
      <description value="Schedule an HIV test, syphilis test, hepatitis B test as early as possible during this pregnancy"/>
      <documentation>
        <type value="citation"/>
        <label value="Consolidated Guidelines on HIV Testing Services. 2019. &#xA;4.3.5 Special messages on retesting &#xA;Retesting among people who are HIV-negative&#xA;7.2.5 Testing pregnant and breastfeeding women&#xA;Table 6.1. Recommended time points for HIV retesting for pregnant and postpartum women"/>
      </documentation>
      <condition>
        <kind value="applicability"/>
        <expression>
          <description value="(HIV.B9.DT.08)&#xA;  AND (&quot;HIV status&quot; IN 'HIV-negative', 'Unknown')&#xA;  AND (-)&#xA;  AND (-)&#xA;  AND (&quot;HIV burden of the setting&quot;='High HIV burden setting')&#xA;  AND (-)&#xA;  AND (&quot;Currently pregnant&quot;=True)&#xA;  AND (-)&#xA;  AND (-)&#xA;  AND (-)"/>
          <language value="text/cql-identifier"/>
          <expression value="Should Schedule an HIV test, syphilis test, hepatitis B test as early as possible during this pregnancy"/>
        </expression>
      </condition>
      <action>
        <title value="Schedule an HIV test, syphilis test, hepatitis B test as early as possible during this pregnancy"/>
      </action>
      <action>
        <title value="Schedule an HIV test, syphilis test, hepatitis B test as early as possible during this pregnancyAll pregnant women should be tested for HIV as well as syphilis and hepatitis B virus at least once and as early as possible during pregnancy. "/>
      </action>
    </action>
    <action id="8">
      <title value="Schedule a &quot;Follow-up test recommended date&quot; during a third trimester visit"/>
      <description value="Schedule a &quot;Follow-up test recommended date&quot; during a third trimester visit"/>
      <documentation>
        <type value="citation"/>
        <label value="Consolidated Guidelines on HIV Testing Services. 2019. &#xA;4.3.5 Special messages on retesting &#xA;Retesting among people who are HIV-negative&#xA;7.2.5 Testing pregnant and breastfeeding women&#xA;Table 6.1. Recommended time points for HIV retesting for pregnant and postpartum women"/>
      </documentation>
      <condition>
        <kind value="applicability"/>
        <expression>
          <description value="(HIV.B9.DT.09)&#xA;  AND (&quot;HIV status&quot; IN 'HIV-negative', 'Unknown')&#xA;  AND (-)&#xA;  AND (-)&#xA;  AND (&quot;HIV burden of the setting&quot;='High HIV burden setting')&#xA;  AND (-)&#xA;  AND (&quot;Currently pregnant&quot;=True)&#xA;  AND (-)&#xA;  AND (-)&#xA;  AND (-)"/>
          <language value="text/cql-identifier"/>
          <expression value="Should Schedule a \&quot;Follow-up test recommended date\&quot; during a third trimester visit"/>
        </expression>
      </condition>
      <action>
        <title value="Schedule a &quot;Follow-up test recommended date&quot; during a third trimester visit"/>
      </action>
      <action>
        <title value="All pregnant women should be tested for HIV as well as syphilis and hepatitis B virus at least once and as early as possible during pregnancy. In high HIV burden settings, retesting is advised in late pregnancy – at a third trimester visit – for all pregnant women of unknown or HIV-negative status."/>
      </action>
    </action>
    <action id="9">
      <title value="Schedule a &quot;Follow-up test recommended date&quot; at first &quot;ANC contact date&quot; AND schedule a &quot;Follow-up test recommended date&quot; at during third trimester visit AND schedule a &quot;Follow-up test recommended date&quot; on(Delivery date + 14 weeks) OR(Delivery date + 6 months) OR(Delivery date + 9 months)"/>
      <description value="Schedule a &quot;Follow-up test recommended date&quot; at first &quot;ANC contact date&quot; AND schedule a &quot;Follow-up test recommended date&quot; at during third trimester visit AND schedule a &quot;Follow-up test recommended date&quot; on(Delivery date + 14 weeks) OR(Delivery date + 6 months) OR(Delivery date + 9 months)"/>
      <documentation>
        <type value="citation"/>
        <label value="Consolidated Guidelines on HIV Testing Services. 2019. &#xA;4.3.5 Special messages on retesting &#xA;Retesting among people who are HIV-negative&#xA;7.2.5 Testing pregnant and breastfeeding women&#xA;Table 6.1. Recommended time points for HIV retesting for pregnant and postpartum women"/>
      </documentation>
      <condition>
        <kind value="applicability"/>
        <expression>
          <description value="(((HIV.B9.DT.10)&#xA;  AND (&quot;HIV status&quot; IN 'HIV-negative', 'Unknown')&#xA;  AND (-)&#xA;  AND (-)&#xA;  AND (&quot;HIV burden of the setting&quot;='Low HIV burden setting')&#xA;  AND (&quot;Key population member&quot;* = TRUE)&#xA;  AND (&quot;Currently pregnant&quot;=True)&#xA;  AND (-)&#xA;  AND (-)&#xA;  AND (-))&#xA;  OR ((HIV.B9.DT.11)&#xA;  AND (&quot;HIV status&quot; IN 'HIV-negative', 'Unknown')&#xA;  AND ( &quot;Partner HIV status (reported)&quot;='HIV-positive')&#xA;  AND (&quot;Sex partner's HIV treatment status&quot;='Partner is not virally suppressed')&#xA;  AND (&quot;HIV burden of the setting&quot;='Low HIV burden setting')&#xA;  AND (-)&#xA;  AND (&quot;Currently pregnant&quot;=True)&#xA;  AND (-)&#xA;  AND (-)&#xA;  AND (-)))&#xA;  OR ((HIV.B9.DT.12)&#xA;  AND (&quot;HIV status&quot; IN 'HIV-negative', 'Unknown')&#xA;  AND (-)&#xA;  AND (-)&#xA;  AND (&quot;HIV burden of the setting&quot;='Low HIV burden setting')&#xA;  AND (-)&#xA;  AND (&quot;Currently pregnant&quot;=True)&#xA;  AND (-)&#xA;  AND (-)&#xA;  AND (&quot;At elevated risk for HIV acquisition&quot;=True))"/>
          <language value="text/cql-identifier"/>
          <expression value="Should Schedule a \&quot;Follow-up test recommended date\&quot; at first \&quot;ANC contact date\&quot; AND schedule a \&quot;Follow-up test recommended date\&quot; at during third trimester visit AND schedule a \&quot;Follow-up test recommended date\&quot; on(Delivery date + 14 weeks) OR(Delivery date + 6 months) OR(Delivery date + 9 months)"/>
        </expression>
      </condition>
      <action>
        <title value="Schedule a &quot;Follow-up test recommended date&quot; at first &quot;ANC contact date&quot; AND schedule a &quot;Follow-up test recommended date&quot; at during third trimester visit AND schedule a &quot;Follow-up test recommended date&quot; on(Delivery date + 14 weeks) OR(Delivery date + 6 months) OR(Delivery date + 9 months)"/>
      </action>
      <action>
        <title value="In low HIV burden settings, retesting all pregnant women is not warranted unless focused among women from key populations or at high ongoing risk, such as those from key populations or with partners with HIV who are not virally suppressed. Countries could consider one additional retest in the post-partum period, such as at 14 weeks, six months or nine months for women in high HIV burden or incidence districts or provinces, key populations or women with partners with HIV who are not virally suppressed."/>
      </action>
    </action>
  </action>
</PlanDefinition>