{
  "resourceType" : "ValueSet",
  "id" : "hiv-g-de52",
  "text" : {
    "status" : "extensions",
    "div" : "<div xmlns=\"http://www.w3.org/1999/xhtml\"><ul><li>Include these codes as defined in <a href=\"CodeSystem-concept-codes.html\"><code>http://fhir.org/guides/itech-uw/who-smart-hiv-dak/CodeSystem/concept-codes</code></a><table class=\"none\"><tr><td style=\"white-space:nowrap\"><b>Code</b></td><td><b>Display</b></td><td><b>Definition</b></td></tr><tr><td><a href=\"CodeSystem-concept-codes.html#concept-codes-HIV.46G.46DE52\">HIV.G.DE52</a></td><td>Hepatitis C positive</td><td>Hepatitis C diagnosis - Hepatitis C positive</td></tr><tr><td><a href=\"CodeSystem-concept-codes.html#concept-codes-HIV.46G.46DE53\">HIV.G.DE53</a></td><td>Hepatitis C negative</td><td>Hepatitis C diagnosis - Hepatitis C negative</td></tr></table></li></ul></div>"
  },
  "url" : "http://fhir.org/guides/itech-uw/ValueSet/hiv-g-de52",
  "version" : "0.3.0",
  "name" : "HepatitisCdiagnosisCodes",
  "title" : "Hepatitis C diagnosis Codes",
  "status" : "draft",
  "experimental" : false,
  "date" : "2024-06-10T14:32:54+00:00",
  "publisher" : "World Health Organization (WHO) ",
  "contact" : [{
    "telecom" : [{
      "system" : "url",
      "value" : "https://www.who.int"
    }]
  }],
  "description" : "Codes representing possible values for the Hepatitis C diagnosis element",
  "jurisdiction" : [{
    "coding" : [{
      "system" : "http://unstats.un.org/unsd/methods/m49/m49.htm",
      "code" : "001"
    }]
  }],
  "immutable" : true,
  "compose" : {
    "include" : [{
      "system" : "http://fhir.org/guides/itech-uw/who-smart-hiv-dak/CodeSystem/concept-codes",
      "concept" : [{
        "code" : "HIV.G.DE52",
        "display" : "Hepatitis C positive"
      },
      {
        "code" : "HIV.G.DE53",
        "display" : "Hepatitis C negative"
      }]
    }]
  }
}