<?xml version="1.0" encoding="UTF-8"?>

<ValueSet xmlns="http://hl7.org/fhir">
  <id value="hiv-c-de42"/>
  <text>
    <status value="extensions"/><div xmlns="http://www.w3.org/1999/xhtml"><ul><li>Include these codes as defined in <a href="CodeSystem-concept-codes.html"><code>http://fhir.org/guides/itech-uw/who-smart-hiv-dak/CodeSystem/concept-codes</code></a><table class="none"><tr><td style="white-space:nowrap"><b>Code</b></td><td><b>Display</b></td><td><b>Definition</b></td></tr><tr><td><a href="CodeSystem-concept-codes.html#concept-codes-HIV.46C.46DE42">HIV.C.DE42</a></td><td>Yes, I want to become pregnant</td><td>Pregnancy intention in serodiscordant partnerships - Yes, I want to become pregnant</td></tr><tr><td><a href="CodeSystem-concept-codes.html#concept-codes-HIV.46C.46DE43">HIV.C.DE43</a></td><td>I'm OK either way</td><td>Pregnancy intention in serodiscordant partnerships - I'm OK either way</td></tr><tr><td><a href="CodeSystem-concept-codes.html#concept-codes-HIV.46C.46DE44">HIV.C.DE44</a></td><td>No, I don't want to become pregnant</td><td>Pregnancy intention in serodiscordant partnerships - No, I don't want to become pregnant</td></tr><tr><td><a href="CodeSystem-concept-codes.html#concept-codes-HIV.46C.46DE45">HIV.C.DE45</a></td><td>Unsure</td><td>Pregnancy intention in serodiscordant partnerships - Unsure</td></tr></table></li></ul></div>
  </text>
  <url value="http://fhir.org/guides/itech-uw/ValueSet/hiv-c-de42"/>
  <version value="0.3.0"/>
  <name value="PregnancyintentioninserodiscordantpartnershipsCodes"/>
  <title value="Pregnancy intention in serodiscordant partnerships Codes"/>
  <status value="draft"/>
  <experimental value="false"/>
  <date value="2024-05-15T17:51:55+00:00"/>
  <publisher value="World Health Organization (WHO) "/>
  <contact>
    <telecom>
      <system value="url"/>
      <value value="https://www.who.int"/>
    </telecom>
  </contact>
  <description value="Codes representing possible values for the Pregnancy intention in serodiscordant partnerships element"/>
  <jurisdiction>
    <coding>
      <system value="http://unstats.un.org/unsd/methods/m49/m49.htm"/>
      <code value="001"/>
    </coding>
  </jurisdiction>
  <immutable value="true"/>
  <compose>
    <include>
      <system value="http://fhir.org/guides/itech-uw/who-smart-hiv-dak/CodeSystem/concept-codes"/>
      <concept>
        <code value="HIV.C.DE42"/>
        <display value="Yes, I want to become pregnant"/>
      </concept>
      <concept>
        <code value="HIV.C.DE43"/>
        <display value="I'm OK either way"/>
      </concept>
      <concept>
        <code value="HIV.C.DE44"/>
        <display value="No, I don't want to become pregnant"/>
      </concept>
      <concept>
        <code value="HIV.C.DE45"/>
        <display value="Unsure"/>
      </concept>
    </include>
  </compose>
</ValueSet>