{
  "resourceType" : "ValueSet",
  "id" : "hiv-b-de251",
  "text" : {
    "status" : "extensions",
    "div" : "<div xmlns=\"http://www.w3.org/1999/xhtml\"><ul><li>Include these codes as defined in <a href=\"CodeSystem-concept-codes.html\"><code>http://fhir.org/guides/itech-uw/who-smart-hiv-dak/CodeSystem/concept-codes</code></a><table class=\"none\"><tr><td style=\"white-space:nowrap\"><b>Code</b></td><td><b>Display</b></td><td><b>Definition</b></td></tr><tr><td><a href=\"CodeSystem-concept-codes.html#concept-codes-HIV.46B.46DE251\">HIV.B.DE251</a></td><td>Positive</td><td>Syphilis test result - Positive</td></tr><tr><td><a href=\"CodeSystem-concept-codes.html#concept-codes-HIV.46B.46DE252\">HIV.B.DE252</a></td><td>Negative</td><td>Syphilis test result - Negative</td></tr><tr><td><a href=\"CodeSystem-concept-codes.html#concept-codes-HIV.46B.46DE253\">HIV.B.DE253</a></td><td>Inconclusive</td><td>Syphilis test result - Inconclusive</td></tr><tr><td><a href=\"CodeSystem-concept-codes.html#concept-codes-HIV.46D.46DE803\">HIV.D.DE803</a></td><td>Positive</td><td>Syphilis test result - Positive</td></tr><tr><td><a href=\"CodeSystem-concept-codes.html#concept-codes-HIV.46D.46DE804\">HIV.D.DE804</a></td><td>Negative</td><td>Syphilis test result - Negative</td></tr><tr><td><a href=\"CodeSystem-concept-codes.html#concept-codes-HIV.46D.46DE805\">HIV.D.DE805</a></td><td>Inconclusive</td><td>Syphilis test result - Inconclusive</td></tr><tr><td><a href=\"CodeSystem-concept-codes.html#concept-codes-HIV.46G.46DE71\">HIV.G.DE71</a></td><td>Positive</td><td>Syphilis test result - Positive</td></tr><tr><td><a href=\"CodeSystem-concept-codes.html#concept-codes-HIV.46G.46DE72\">HIV.G.DE72</a></td><td>Negative</td><td>Syphilis test result - Negative</td></tr><tr><td><a href=\"CodeSystem-concept-codes.html#concept-codes-HIV.46G.46DE73\">HIV.G.DE73</a></td><td>Inconclusive</td><td>Syphilis test result - Inconclusive</td></tr></table></li></ul></div>"
  },
  "url" : "http://fhir.org/guides/itech-uw/ValueSet/hiv-b-de251",
  "version" : "0.3.0",
  "name" : "SyphilistestresultCodes",
  "title" : "Syphilis test result Codes",
  "status" : "draft",
  "experimental" : false,
  "date" : "2024-05-15T17:51:55+00:00",
  "publisher" : "World Health Organization (WHO) ",
  "contact" : [{
    "telecom" : [{
      "system" : "url",
      "value" : "https://www.who.int"
    }]
  }],
  "description" : "Codes representing possible values for the Syphilis test result element",
  "jurisdiction" : [{
    "coding" : [{
      "system" : "http://unstats.un.org/unsd/methods/m49/m49.htm",
      "code" : "001"
    }]
  }],
  "immutable" : true,
  "compose" : {
    "include" : [{
      "system" : "http://fhir.org/guides/itech-uw/who-smart-hiv-dak/CodeSystem/concept-codes",
      "concept" : [{
        "code" : "HIV.B.DE251",
        "display" : "Positive"
      },
      {
        "code" : "HIV.B.DE252",
        "display" : "Negative"
      },
      {
        "code" : "HIV.B.DE253",
        "display" : "Inconclusive"
      },
      {
        "code" : "HIV.D.DE803",
        "display" : "Positive"
      },
      {
        "code" : "HIV.D.DE804",
        "display" : "Negative"
      },
      {
        "code" : "HIV.D.DE805",
        "display" : "Inconclusive"
      },
      {
        "code" : "HIV.G.DE71",
        "display" : "Positive"
      },
      {
        "code" : "HIV.G.DE72",
        "display" : "Negative"
      },
      {
        "code" : "HIV.G.DE73",
        "display" : "Inconclusive"
      }]
    }]
  }
}