{
  "resourceType" : "ValueSet",
  "id" : "hiv-d-de974",
  "text" : {
    "status" : "extensions",
    "div" : "<div xmlns=\"http://www.w3.org/1999/xhtml\"><ul><li>Include these codes as defined in <a href=\"CodeSystem-concept-codes.html\"><code>http://fhir.org/guides/itech-uw/who-smart-hiv-dak/CodeSystem/concept-codes</code></a><table class=\"none\"><tr><td style=\"white-space:nowrap\"><b>Code</b></td><td><b>Display</b></td><td><b>Definition</b></td></tr><tr><td><a href=\"CodeSystem-concept-codes.html#concept-codes-HIV.46D.46DE974\">HIV.D.DE974</a></td><td>Current cough</td><td>Symptoms of TB - Current cough</td></tr><tr><td><a href=\"CodeSystem-concept-codes.html#concept-codes-HIV.46D.46DE975\">HIV.D.DE975</a></td><td>Prolonged cough (&gt;=2w)</td><td>Symptoms of TB - Prolonged cough (&gt;=2w)</td></tr><tr><td><a href=\"CodeSystem-concept-codes.html#concept-codes-HIV.46D.46DE976\">HIV.D.DE976</a></td><td>Fever of 39 °C or greater</td><td>Symptoms of TB - Fever of 39 °C or greater</td></tr><tr><td><a href=\"CodeSystem-concept-codes.html#concept-codes-HIV.46D.46DE977\">HIV.D.DE977</a></td><td>Weight loss (reported)</td><td>Symptoms of TB - Weight loss (reported)</td></tr><tr><td><a href=\"CodeSystem-concept-codes.html#concept-codes-HIV.46D.46DE978\">HIV.D.DE978</a></td><td>Night sweats</td><td>Symptoms of TB - Night sweats</td></tr><tr><td><a href=\"CodeSystem-concept-codes.html#concept-codes-HIV.46D.46DE979\">HIV.D.DE979</a></td><td>Poor weight gain</td><td>Symptoms of TB - Poor weight gain</td></tr><tr><td><a href=\"CodeSystem-concept-codes.html#concept-codes-HIV.46D.46DE980\">HIV.D.DE980</a></td><td>Reduced playfulness</td><td>Symptoms of TB - Reduced playfulness</td></tr><tr><td><a href=\"CodeSystem-concept-codes.html#concept-codes-HIV.46D.46DE981\">HIV.D.DE981</a></td><td>Chest pain</td><td>Symptoms of TB - Chest pain</td></tr><tr><td><a href=\"CodeSystem-concept-codes.html#concept-codes-HIV.46D.46DE982\">HIV.D.DE982</a></td><td>Haemoptysis</td><td>Symptoms of TB - Haemoptysis</td></tr><tr><td><a href=\"CodeSystem-concept-codes.html#concept-codes-HIV.46D.46DE983\">HIV.D.DE983</a></td><td>Lethargy</td><td>Symptoms of TB - Lethargy</td></tr><tr><td><a href=\"CodeSystem-concept-codes.html#concept-codes-HIV.46D.46DE984\">HIV.D.DE984</a></td><td>None</td><td>Symptoms of TB - None</td></tr></table></li></ul></div>"
  },
  "url" : "http://fhir.org/guides/itech-uw/ValueSet/hiv-d-de974",
  "version" : "0.3.0",
  "name" : "SymptomsofTBCodes",
  "title" : "Symptoms of TB Codes",
  "status" : "draft",
  "experimental" : false,
  "date" : "2024-06-10T14:32:54+00:00",
  "publisher" : "World Health Organization (WHO) ",
  "contact" : [{
    "telecom" : [{
      "system" : "url",
      "value" : "https://www.who.int"
    }]
  }],
  "description" : "Codes representing possible values for the Symptoms of TB element",
  "jurisdiction" : [{
    "coding" : [{
      "system" : "http://unstats.un.org/unsd/methods/m49/m49.htm",
      "code" : "001"
    }]
  }],
  "immutable" : true,
  "compose" : {
    "include" : [{
      "system" : "http://fhir.org/guides/itech-uw/who-smart-hiv-dak/CodeSystem/concept-codes",
      "concept" : [{
        "code" : "HIV.D.DE974",
        "display" : "Current cough"
      },
      {
        "code" : "HIV.D.DE975",
        "display" : "Prolonged cough (>=2w)"
      },
      {
        "code" : "HIV.D.DE976",
        "display" : "Fever of 39 °C or greater"
      },
      {
        "code" : "HIV.D.DE977",
        "display" : "Weight loss (reported)"
      },
      {
        "code" : "HIV.D.DE978",
        "display" : "Night sweats"
      },
      {
        "code" : "HIV.D.DE979",
        "display" : "Poor weight gain"
      },
      {
        "code" : "HIV.D.DE980",
        "display" : "Reduced playfulness"
      },
      {
        "code" : "HIV.D.DE981",
        "display" : "Chest pain"
      },
      {
        "code" : "HIV.D.DE982",
        "display" : "Haemoptysis"
      },
      {
        "code" : "HIV.D.DE983",
        "display" : "Lethargy"
      },
      {
        "code" : "HIV.D.DE984",
        "display" : "None"
      }]
    }]
  }
}