<?xml version="1.0" encoding="UTF-8"?>

<ValueSet xmlns="http://hl7.org/fhir">
  <id value="hiv-d-de187"/>
  <text>
    <status value="extensions"/><div xmlns="http://www.w3.org/1999/xhtml"><ul><li>Include these codes as defined in <a href="CodeSystem-concept-codes.html"><code>http://fhir.org/guides/itech-uw/who-smart-hiv-dak/CodeSystem/concept-codes</code></a><table class="none"><tr><td style="white-space:nowrap"><b>Code</b></td><td><b>Display</b></td><td><b>Definition</b></td></tr><tr><td><a href="CodeSystem-concept-codes.html#concept-codes-HIV.46D.46DE187">HIV.D.DE187</a></td><td>WHO HIV clinical stage 1</td><td>HIV clinical stage - WHO HIV clinical stage 1</td></tr><tr><td><a href="CodeSystem-concept-codes.html#concept-codes-HIV.46D.46DE188">HIV.D.DE188</a></td><td>WHO HIV clinical stage 2</td><td>HIV clinical stage - WHO HIV clinical stage 2</td></tr><tr><td><a href="CodeSystem-concept-codes.html#concept-codes-HIV.46D.46DE189">HIV.D.DE189</a></td><td>WHO HIV clinical stage 3</td><td>HIV clinical stage - WHO HIV clinical stage 3</td></tr><tr><td><a href="CodeSystem-concept-codes.html#concept-codes-HIV.46D.46DE190">HIV.D.DE190</a></td><td>WHO HIV clinical stage 4</td><td>HIV clinical stage - WHO HIV clinical stage 4</td></tr></table></li></ul></div>
  </text>
  <url value="http://fhir.org/guides/itech-uw/ValueSet/hiv-d-de187"/>
  <version value="0.3.0"/>
  <name value="HIVclinicalstageCodes"/>
  <title value="HIV clinical stage Codes"/>
  <status value="draft"/>
  <experimental value="false"/>
  <date value="2024-05-15T17:51:55+00:00"/>
  <publisher value="World Health Organization (WHO) "/>
  <contact>
    <telecom>
      <system value="url"/>
      <value value="https://www.who.int"/>
    </telecom>
  </contact>
  <description value="Codes representing possible values for the HIV clinical stage element"/>
  <jurisdiction>
    <coding>
      <system value="http://unstats.un.org/unsd/methods/m49/m49.htm"/>
      <code value="001"/>
    </coding>
  </jurisdiction>
  <immutable value="true"/>
  <compose>
    <include>
      <system value="http://fhir.org/guides/itech-uw/who-smart-hiv-dak/CodeSystem/concept-codes"/>
      <concept>
        <code value="HIV.D.DE187"/>
        <display value="WHO HIV clinical stage 1"/>
      </concept>
      <concept>
        <code value="HIV.D.DE188"/>
        <display value="WHO HIV clinical stage 2"/>
      </concept>
      <concept>
        <code value="HIV.D.DE189"/>
        <display value="WHO HIV clinical stage 3"/>
      </concept>
      <concept>
        <code value="HIV.D.DE190"/>
        <display value="WHO HIV clinical stage 4"/>
      </concept>
    </include>
  </compose>
</ValueSet>