{
  "resourceType" : "ValueSet",
  "id" : "hiv-c-de64",
  "text" : {
    "status" : "extensions",
    "div" : "<div xmlns=\"http://www.w3.org/1999/xhtml\"><ul><li>Include these codes as defined in <a href=\"CodeSystem-concept-codes.html\"><code>http://fhir.org/guides/itech-uw/who-smart-hiv-dak/CodeSystem/concept-codes</code></a><table class=\"none\"><tr><td style=\"white-space:nowrap\"><b>Code</b></td><td><b>Display</b></td><td><b>Definition</b></td></tr><tr><td><a href=\"CodeSystem-concept-codes.html#concept-codes-HIV.46C.46DE64\">HIV.C.DE64</a></td><td>Serum creatinine test</td><td>Screenings and diagnostics for PrEP users - Serum creatinine test</td></tr><tr><td><a href=\"CodeSystem-concept-codes.html#concept-codes-HIV.46C.46DE65\">HIV.C.DE65</a></td><td>Hepatitis B test</td><td>Screenings and diagnostics for PrEP users - Hepatitis B test</td></tr><tr><td><a href=\"CodeSystem-concept-codes.html#concept-codes-HIV.46C.46DE66\">HIV.C.DE66</a></td><td>Hepatitis C test</td><td>Screenings and diagnostics for PrEP users - Hepatitis C test</td></tr><tr><td><a href=\"CodeSystem-concept-codes.html#concept-codes-HIV.46C.46DE67\">HIV.C.DE67</a></td><td>Syphilis test</td><td>Screenings and diagnostics for PrEP users - Syphilis test</td></tr><tr><td><a href=\"CodeSystem-concept-codes.html#concept-codes-HIV.46C.46DE68\">HIV.C.DE68</a></td><td>Other screening for STIs</td><td>Screenings and diagnostics for PrEP users - Other screening for STIs</td></tr><tr><td><a href=\"CodeSystem-concept-codes.html#concept-codes-HIV.46C.46DE69\">HIV.C.DE69</a></td><td>Pregnancy testing</td><td>Screenings and diagnostics for PrEP users - Pregnancy testing</td></tr><tr><td><a href=\"CodeSystem-concept-codes.html#concept-codes-HIV.46C.46DE70\">HIV.C.DE70</a></td><td>Review vaccination history</td><td>Screenings and diagnostics for PrEP users - Review vaccination history</td></tr></table></li></ul></div>"
  },
  "url" : "http://fhir.org/guides/itech-uw/ValueSet/hiv-c-de64",
  "version" : "0.3.0",
  "name" : "ScreeningsanddiagnosticsforPrEPusersCodes",
  "title" : "Screenings and diagnostics for PrEP users Codes",
  "status" : "draft",
  "experimental" : false,
  "date" : "2024-04-30T19:50:03+00:00",
  "publisher" : "World Health Organization (WHO) ",
  "contact" : [{
    "telecom" : [{
      "system" : "url",
      "value" : "https://www.who.int"
    }]
  }],
  "description" : "Codes representing possible values for the Screenings and diagnostics for PrEP users element",
  "jurisdiction" : [{
    "coding" : [{
      "system" : "http://unstats.un.org/unsd/methods/m49/m49.htm",
      "code" : "001"
    }]
  }],
  "immutable" : true,
  "compose" : {
    "include" : [{
      "system" : "http://fhir.org/guides/itech-uw/who-smart-hiv-dak/CodeSystem/concept-codes",
      "concept" : [{
        "code" : "HIV.C.DE64",
        "display" : "Serum creatinine test"
      },
      {
        "code" : "HIV.C.DE65",
        "display" : "Hepatitis B test"
      },
      {
        "code" : "HIV.C.DE66",
        "display" : "Hepatitis C test"
      },
      {
        "code" : "HIV.C.DE67",
        "display" : "Syphilis test"
      },
      {
        "code" : "HIV.C.DE68",
        "display" : "Other screening for STIs"
      },
      {
        "code" : "HIV.C.DE69",
        "display" : "Pregnancy testing"
      },
      {
        "code" : "HIV.C.DE70",
        "display" : "Review vaccination history"
      }]
    }]
  }
}