<?xml version="1.0" encoding="UTF-8"?>

<ValueSet xmlns="http://hl7.org/fhir">
  <id value="hiv-b-de208"/>
  <text>
    <status value="extensions"/><div xmlns="http://www.w3.org/1999/xhtml"><ul><li>Include these codes as defined in <a href="CodeSystem-concept-codes.html"><code>http://fhir.org/guides/itech-uw/who-smart-hiv-dak/CodeSystem/concept-codes</code></a><table class="none"><tr><td style="white-space:nowrap"><b>Code</b></td><td><b>Display</b></td><td><b>Definition</b></td></tr><tr><td><a href="CodeSystem-concept-codes.html#concept-codes-HIV.46B.46DE208">HIV.B.DE208</a></td><td>Abnormal pain</td><td>Type of adverse VMMC event - Abnormal pain</td></tr><tr><td><a href="CodeSystem-concept-codes.html#concept-codes-HIV.46B.46DE209">HIV.B.DE209</a></td><td>Anaesthesia-related effects</td><td>Type of adverse VMMC event - Anaesthesia-related effects</td></tr><tr><td><a href="CodeSystem-concept-codes.html#concept-codes-HIV.46B.46DE210">HIV.B.DE210</a></td><td>Bleeding</td><td>Type of adverse VMMC event - Bleeding</td></tr><tr><td><a href="CodeSystem-concept-codes.html#concept-codes-HIV.46B.46DE211">HIV.B.DE211</a></td><td>Damage to the penis</td><td>Type of adverse VMMC event - Damage to the penis</td></tr><tr><td><a href="CodeSystem-concept-codes.html#concept-codes-HIV.46B.46DE212">HIV.B.DE212</a></td><td>Difficulty urinating</td><td>Type of adverse VMMC event - Difficulty urinating</td></tr><tr><td><a href="CodeSystem-concept-codes.html#concept-codes-HIV.46B.46DE213">HIV.B.DE213</a></td><td>Excessive bleeding</td><td>Type of adverse VMMC event - Excessive bleeding</td></tr><tr><td><a href="CodeSystem-concept-codes.html#concept-codes-HIV.46B.46DE214">HIV.B.DE214</a></td><td>Excessive skin removal</td><td>Type of adverse VMMC event - Excessive skin removal</td></tr><tr><td><a href="CodeSystem-concept-codes.html#concept-codes-HIV.46B.46DE215">HIV.B.DE215</a></td><td>Excessive swelling</td><td>Type of adverse VMMC event - Excessive swelling</td></tr><tr><td><a href="CodeSystem-concept-codes.html#concept-codes-HIV.46B.46DE216">HIV.B.DE216</a></td><td>Haematoma</td><td>Type of adverse VMMC event - Haematoma</td></tr><tr><td><a href="CodeSystem-concept-codes.html#concept-codes-HIV.46B.46DE217">HIV.B.DE217</a></td><td>Infection</td><td>Type of adverse VMMC event - Infection</td></tr><tr><td><a href="CodeSystem-concept-codes.html#concept-codes-HIV.46B.46DE218">HIV.B.DE218</a></td><td>Injury to glans</td><td>Type of adverse VMMC event - Injury to glans</td></tr><tr><td><a href="CodeSystem-concept-codes.html#concept-codes-HIV.46B.46DE219">HIV.B.DE219</a></td><td>Scar or disfigurement</td><td>Type of adverse VMMC event - Scar or disfigurement</td></tr><tr><td><a href="CodeSystem-concept-codes.html#concept-codes-HIV.46B.46DE220">HIV.B.DE220</a></td><td>Sharps injury to personnel</td><td>Type of adverse VMMC event - Sharps injury to personnel</td></tr><tr><td><a href="CodeSystem-concept-codes.html#concept-codes-HIV.46B.46DE221">HIV.B.DE221</a></td><td>Wound disruption</td><td>Type of adverse VMMC event - Wound disruption</td></tr><tr><td><a href="CodeSystem-concept-codes.html#concept-codes-HIV.46B.46DE222">HIV.B.DE222</a></td><td>Other</td><td>Type of adverse VMMC event - Other</td></tr></table></li></ul></div>
  </text>
  <url value="http://fhir.org/guides/itech-uw/ValueSet/hiv-b-de208"/>
  <version value="0.3.0"/>
  <name value="TypeofadverseVMMCeventCodes"/>
  <title value="Type of adverse VMMC event Codes"/>
  <status value="draft"/>
  <experimental value="false"/>
  <date value="2024-04-30T19:24:27+00:00"/>
  <publisher value="World Health Organization (WHO) "/>
  <contact>
    <telecom>
      <system value="url"/>
      <value value="https://www.who.int"/>
    </telecom>
  </contact>
  <description value="Codes representing possible values for the Type of adverse VMMC event element"/>
  <jurisdiction>
    <coding>
      <system value="http://unstats.un.org/unsd/methods/m49/m49.htm"/>
      <code value="001"/>
    </coding>
  </jurisdiction>
  <immutable value="true"/>
  <compose>
    <include>
      <system value="http://fhir.org/guides/itech-uw/who-smart-hiv-dak/CodeSystem/concept-codes"/>
      <concept>
        <code value="HIV.B.DE208"/>
        <display value="Abnormal pain"/>
      </concept>
      <concept>
        <code value="HIV.B.DE209"/>
        <display value="Anaesthesia-related effects"/>
      </concept>
      <concept>
        <code value="HIV.B.DE210"/>
        <display value="Bleeding"/>
      </concept>
      <concept>
        <code value="HIV.B.DE211"/>
        <display value="Damage to the penis"/>
      </concept>
      <concept>
        <code value="HIV.B.DE212"/>
        <display value="Difficulty urinating"/>
      </concept>
      <concept>
        <code value="HIV.B.DE213"/>
        <display value="Excessive bleeding"/>
      </concept>
      <concept>
        <code value="HIV.B.DE214"/>
        <display value="Excessive skin removal"/>
      </concept>
      <concept>
        <code value="HIV.B.DE215"/>
        <display value="Excessive swelling"/>
      </concept>
      <concept>
        <code value="HIV.B.DE216"/>
        <display value="Haematoma"/>
      </concept>
      <concept>
        <code value="HIV.B.DE217"/>
        <display value="Infection"/>
      </concept>
      <concept>
        <code value="HIV.B.DE218"/>
        <display value="Injury to glans"/>
      </concept>
      <concept>
        <code value="HIV.B.DE219"/>
        <display value="Scar or disfigurement"/>
      </concept>
      <concept>
        <code value="HIV.B.DE220"/>
        <display value="Sharps injury to personnel"/>
      </concept>
      <concept>
        <code value="HIV.B.DE221"/>
        <display value="Wound disruption"/>
      </concept>
      <concept>
        <code value="HIV.B.DE222"/>
        <display value="Other"/>
      </concept>
    </include>
  </compose>
</ValueSet>