<?xml version="1.0" encoding="UTF-8"?>

<ValueSet xmlns="http://hl7.org/fhir">
  <id value="hiv-d-de467"/>
  <text>
    <status value="extensions"/><div xmlns="http://www.w3.org/1999/xhtml"><ul><li>Include these codes as defined in <a href="CodeSystem-concept-codes.html"><code>http://fhir.org/guides/itech-uw/who-smart-hiv-dak/CodeSystem/concept-codes</code></a><table class="none"><tr><td style="white-space:nowrap"><b>Code</b></td><td><b>Display</b></td><td><b>Definition</b></td></tr><tr><td><a href="CodeSystem-concept-codes.html#concept-codes-HIV.46D.46DE467">HIV.D.DE467</a></td><td>Gastrointestinal</td><td>Type of treatment-limiting toxicity - Gastrointestinal</td></tr><tr><td><a href="CodeSystem-concept-codes.html#concept-codes-HIV.46D.46DE468">HIV.D.DE468</a></td><td>Skin issues</td><td>Type of treatment-limiting toxicity - Skin issues</td></tr><tr><td><a href="CodeSystem-concept-codes.html#concept-codes-HIV.46D.46DE469">HIV.D.DE469</a></td><td>Peripheral neuropathy</td><td>Type of treatment-limiting toxicity - Peripheral neuropathy</td></tr><tr><td><a href="CodeSystem-concept-codes.html#concept-codes-HIV.46D.46DE470">HIV.D.DE470</a></td><td>Central nervous system symptoms</td><td>Type of treatment-limiting toxicity - Central nervous system symptoms</td></tr><tr><td><a href="CodeSystem-concept-codes.html#concept-codes-HIV.46D.46DE471">HIV.D.DE471</a></td><td>Weight gain</td><td>Type of treatment-limiting toxicity - Weight gain</td></tr><tr><td><a href="CodeSystem-concept-codes.html#concept-codes-HIV.46D.46DE472">HIV.D.DE472</a></td><td>Hepatic dysfunction</td><td>Type of treatment-limiting toxicity - Hepatic dysfunction</td></tr><tr><td><a href="CodeSystem-concept-codes.html#concept-codes-HIV.46D.46DE473">HIV.D.DE473</a></td><td>Haematological disorders</td><td>Type of treatment-limiting toxicity - Haematological disorders</td></tr><tr><td><a href="CodeSystem-concept-codes.html#concept-codes-HIV.46D.46DE474">HIV.D.DE474</a></td><td>Fatigue</td><td>Type of treatment-limiting toxicity - Fatigue</td></tr><tr><td><a href="CodeSystem-concept-codes.html#concept-codes-HIV.46D.46DE475">HIV.D.DE475</a></td><td>Headache</td><td>Type of treatment-limiting toxicity - Headache</td></tr><tr><td><a href="CodeSystem-concept-codes.html#concept-codes-HIV.46D.46DE476">HIV.D.DE476</a></td><td>Bone dysfunction</td><td>Type of treatment-limiting toxicity - Bone dysfunction</td></tr><tr><td><a href="CodeSystem-concept-codes.html#concept-codes-HIV.46D.46DE477">HIV.D.DE477</a></td><td>Metabolic symptoms</td><td>Type of treatment-limiting toxicity - Metabolic symptoms</td></tr><tr><td><a href="CodeSystem-concept-codes.html#concept-codes-HIV.46D.46DE478">HIV.D.DE478</a></td><td>Kidney dysfunction</td><td>Type of treatment-limiting toxicity - Kidney dysfunction</td></tr><tr><td><a href="CodeSystem-concept-codes.html#concept-codes-HIV.46D.46DE479">HIV.D.DE479</a></td><td>Unexpected adverse drug reaction</td><td>Type of treatment-limiting toxicity - Unexpected adverse drug reaction</td></tr></table></li></ul></div>
  </text>
  <url value="http://fhir.org/guides/itech-uw/ValueSet/hiv-d-de467"/>
  <version value="0.3.0"/>
  <name value="TypeoftreatmentlimitingtoxicityCodes"/>
  <title value="Type of treatment-limiting toxicity Codes"/>
  <status value="draft"/>
  <experimental value="false"/>
  <date value="2024-04-30T19:50:03+00:00"/>
  <publisher value="World Health Organization (WHO) "/>
  <contact>
    <telecom>
      <system value="url"/>
      <value value="https://www.who.int"/>
    </telecom>
  </contact>
  <description value="Codes representing possible values for the Type of treatment-limiting toxicity element"/>
  <jurisdiction>
    <coding>
      <system value="http://unstats.un.org/unsd/methods/m49/m49.htm"/>
      <code value="001"/>
    </coding>
  </jurisdiction>
  <immutable value="true"/>
  <compose>
    <include>
      <system value="http://fhir.org/guides/itech-uw/who-smart-hiv-dak/CodeSystem/concept-codes"/>
      <concept>
        <code value="HIV.D.DE467"/>
        <display value="Gastrointestinal"/>
      </concept>
      <concept>
        <code value="HIV.D.DE468"/>
        <display value="Skin issues"/>
      </concept>
      <concept>
        <code value="HIV.D.DE469"/>
        <display value="Peripheral neuropathy"/>
      </concept>
      <concept>
        <code value="HIV.D.DE470"/>
        <display value="Central nervous system symptoms"/>
      </concept>
      <concept>
        <code value="HIV.D.DE471"/>
        <display value="Weight gain"/>
      </concept>
      <concept>
        <code value="HIV.D.DE472"/>
        <display value="Hepatic dysfunction"/>
      </concept>
      <concept>
        <code value="HIV.D.DE473"/>
        <display value="Haematological disorders"/>
      </concept>
      <concept>
        <code value="HIV.D.DE474"/>
        <display value="Fatigue"/>
      </concept>
      <concept>
        <code value="HIV.D.DE475"/>
        <display value="Headache"/>
      </concept>
      <concept>
        <code value="HIV.D.DE476"/>
        <display value="Bone dysfunction"/>
      </concept>
      <concept>
        <code value="HIV.D.DE477"/>
        <display value="Metabolic symptoms"/>
      </concept>
      <concept>
        <code value="HIV.D.DE478"/>
        <display value="Kidney dysfunction"/>
      </concept>
      <concept>
        <code value="HIV.D.DE479"/>
        <display value="Unexpected adverse drug reaction"/>
      </concept>
    </include>
  </compose>
</ValueSet>