{
  "resourceType" : "ValueSet",
  "id" : "hiv-b-de62",
  "text" : {
    "status" : "extensions",
    "div" : "<div xmlns=\"http://www.w3.org/1999/xhtml\"><ul><li>Include these codes as defined in <a href=\"CodeSystem-concept-codes.html\"><code>http://fhir.org/guides/itech-uw/who-smart-hiv-dak/CodeSystem/concept-codes</code></a><table class=\"none\"><tr><td style=\"white-space:nowrap\"><b>Code</b></td><td><b>Display</b></td><td><b>Definition</b></td></tr><tr><td><a href=\"CodeSystem-concept-codes.html#concept-codes-HIV.46B.46DE62\">HIV.B.DE62</a></td><td>Occupational</td><td>HIV exposure type* - Occupational</td></tr><tr><td><a href=\"CodeSystem-concept-codes.html#concept-codes-HIV.46B.46DE63\">HIV.B.DE63</a></td><td>Non-occupational violent</td><td>HIV exposure type* - Non-occupational violent</td></tr><tr><td><a href=\"CodeSystem-concept-codes.html#concept-codes-HIV.46B.46DE64\">HIV.B.DE64</a></td><td>Non-occupational consensual sex</td><td>HIV exposure type* - Non-occupational consensual sex</td></tr></table></li></ul></div>"
  },
  "url" : "http://fhir.org/guides/itech-uw/ValueSet/hiv-b-de62",
  "version" : "0.3.0",
  "name" : "HIVexposuretype*Codes",
  "title" : "HIV exposure type* Codes",
  "status" : "draft",
  "experimental" : false,
  "date" : "2024-04-30T19:50:03+00:00",
  "publisher" : "World Health Organization (WHO) ",
  "contact" : [{
    "telecom" : [{
      "system" : "url",
      "value" : "https://www.who.int"
    }]
  }],
  "description" : "Codes representing possible values for the HIV exposure type* element",
  "jurisdiction" : [{
    "coding" : [{
      "system" : "http://unstats.un.org/unsd/methods/m49/m49.htm",
      "code" : "001"
    }]
  }],
  "immutable" : true,
  "compose" : {
    "include" : [{
      "system" : "http://fhir.org/guides/itech-uw/who-smart-hiv-dak/CodeSystem/concept-codes",
      "concept" : [{
        "code" : "HIV.B.DE62",
        "display" : "Occupational"
      },
      {
        "code" : "HIV.B.DE63",
        "display" : "Non-occupational violent"
      },
      {
        "code" : "HIV.B.DE64",
        "display" : "Non-occupational consensual sex"
      }]
    }]
  }
}