{
  "resourceType" : "ValueSet",
  "id" : "hiv-c-de42",
  "text" : {
    "status" : "extensions",
    "div" : "<div xmlns=\"http://www.w3.org/1999/xhtml\"><ul><li>Include these codes as defined in <a href=\"CodeSystem-concept-codes.html\"><code>http://fhir.org/guides/itech-uw/who-smart-hiv-dak/CodeSystem/concept-codes</code></a><table class=\"none\"><tr><td style=\"white-space:nowrap\"><b>Code</b></td><td><b>Display</b></td><td><b>Definition</b></td></tr><tr><td><a href=\"CodeSystem-concept-codes.html#concept-codes-HIV.46C.46DE42\">HIV.C.DE42</a></td><td>Yes, I want to become pregnant</td><td>Pregnancy intention in serodiscordant partnerships - Yes, I want to become pregnant</td></tr><tr><td><a href=\"CodeSystem-concept-codes.html#concept-codes-HIV.46C.46DE43\">HIV.C.DE43</a></td><td>I'm OK either way</td><td>Pregnancy intention in serodiscordant partnerships - I'm OK either way</td></tr><tr><td><a href=\"CodeSystem-concept-codes.html#concept-codes-HIV.46C.46DE44\">HIV.C.DE44</a></td><td>No, I don't want to become pregnant</td><td>Pregnancy intention in serodiscordant partnerships - No, I don't want to become pregnant</td></tr><tr><td><a href=\"CodeSystem-concept-codes.html#concept-codes-HIV.46C.46DE45\">HIV.C.DE45</a></td><td>Unsure</td><td>Pregnancy intention in serodiscordant partnerships - Unsure</td></tr></table></li></ul></div>"
  },
  "url" : "http://fhir.org/guides/itech-uw/ValueSet/hiv-c-de42",
  "version" : "0.3.0",
  "name" : "PregnancyintentioninserodiscordantpartnershipsCodes",
  "title" : "Pregnancy intention in serodiscordant partnerships Codes",
  "status" : "draft",
  "experimental" : false,
  "date" : "2024-04-30T19:53:06+00:00",
  "publisher" : "World Health Organization (WHO) ",
  "contact" : [{
    "telecom" : [{
      "system" : "url",
      "value" : "https://www.who.int"
    }]
  }],
  "description" : "Codes representing possible values for the Pregnancy intention in serodiscordant partnerships element",
  "jurisdiction" : [{
    "coding" : [{
      "system" : "http://unstats.un.org/unsd/methods/m49/m49.htm",
      "code" : "001"
    }]
  }],
  "immutable" : true,
  "compose" : {
    "include" : [{
      "system" : "http://fhir.org/guides/itech-uw/who-smart-hiv-dak/CodeSystem/concept-codes",
      "concept" : [{
        "code" : "HIV.C.DE42",
        "display" : "Yes, I want to become pregnant"
      },
      {
        "code" : "HIV.C.DE43",
        "display" : "I'm OK either way"
      },
      {
        "code" : "HIV.C.DE44",
        "display" : "No, I don't want to become pregnant"
      },
      {
        "code" : "HIV.C.DE45",
        "display" : "Unsure"
      }]
    }]
  }
}