{
  "resourceType" : "ValueSet",
  "id" : "hiv-b-de302",
  "text" : {
    "status" : "extensions",
    "div" : "<div xmlns=\"http://www.w3.org/1999/xhtml\"><ul><li>Include these codes as defined in <a href=\"CodeSystem-concept-codes.html\"><code>http://fhir.org/guides/itech-uw/who-smart-hiv-dak/CodeSystem/concept-codes</code></a><table class=\"none\"><tr><td style=\"white-space:nowrap\"><b>Code</b></td><td><b>Display</b></td><td><b>Definition</b></td></tr><tr><td><a href=\"CodeSystem-concept-codes.html#concept-codes-HIV.46B.46DE302\">HIV.B.DE302</a></td><td>NAAT</td><td>Herpes simplex virus (HSV) test type - NAAT</td></tr><tr><td><a href=\"CodeSystem-concept-codes.html#concept-codes-HIV.46B.46DE303\">HIV.B.DE303</a></td><td>Antibody test</td><td>Herpes simplex virus (HSV) test type - Antibody test</td></tr><tr><td><a href=\"CodeSystem-concept-codes.html#concept-codes-HIV.46B.46DE304\">HIV.B.DE304</a></td><td>Other</td><td>Herpes simplex virus (HSV) test type - Other</td></tr><tr><td><a href=\"CodeSystem-concept-codes.html#concept-codes-HIV.46D.46DE854\">HIV.D.DE854</a></td><td>NAAT</td><td>Herpes simplex virus (HSV) test type - NAAT</td></tr><tr><td><a href=\"CodeSystem-concept-codes.html#concept-codes-HIV.46D.46DE855\">HIV.D.DE855</a></td><td>Antibody test</td><td>Herpes simplex virus (HSV) test type - Antibody test</td></tr><tr><td><a href=\"CodeSystem-concept-codes.html#concept-codes-HIV.46D.46DE856\">HIV.D.DE856</a></td><td>Other</td><td>Herpes simplex virus (HSV) test type - Other</td></tr></table></li></ul></div>"
  },
  "url" : "http://fhir.org/guides/itech-uw/ValueSet/hiv-b-de302",
  "version" : "0.3.0",
  "name" : "HerpessimplexvirusHSVtesttypeCodes",
  "title" : "Herpes simplex virus (HSV) test type Codes",
  "status" : "draft",
  "experimental" : false,
  "date" : "2024-06-10T14:32:54+00:00",
  "publisher" : "World Health Organization (WHO) ",
  "contact" : [{
    "telecom" : [{
      "system" : "url",
      "value" : "https://www.who.int"
    }]
  }],
  "description" : "Codes representing possible values for the Herpes simplex virus (HSV) test type element",
  "jurisdiction" : [{
    "coding" : [{
      "system" : "http://unstats.un.org/unsd/methods/m49/m49.htm",
      "code" : "001"
    }]
  }],
  "immutable" : true,
  "compose" : {
    "include" : [{
      "system" : "http://fhir.org/guides/itech-uw/who-smart-hiv-dak/CodeSystem/concept-codes",
      "concept" : [{
        "code" : "HIV.B.DE302",
        "display" : "NAAT"
      },
      {
        "code" : "HIV.B.DE303",
        "display" : "Antibody test"
      },
      {
        "code" : "HIV.B.DE304",
        "display" : "Other"
      },
      {
        "code" : "HIV.D.DE854",
        "display" : "NAAT"
      },
      {
        "code" : "HIV.D.DE855",
        "display" : "Antibody test"
      },
      {
        "code" : "HIV.D.DE856",
        "display" : "Other"
      }]
    }]
  }
}