<?xml version="1.0" encoding="UTF-8"?>

<ValueSet xmlns="http://hl7.org/fhir">
  <id value="hiv-c-de144"/>
  <text>
    <status value="extensions"/><div xmlns="http://www.w3.org/1999/xhtml"><ul><li>Include these codes as defined in <a href="CodeSystem-concept-codes.html"><code>http://fhir.org/guides/itech-uw/who-smart-hiv-dak/CodeSystem/concept-codes</code></a><table class="none"><tr><td style="white-space:nowrap"><b>Code</b></td><td><b>Display</b></td><td><b>Definition</b></td></tr><tr><td><a href="CodeSystem-concept-codes.html#concept-codes-HIV.46C.46DE144">HIV.C.DE144</a></td><td>Self</td><td>HIV self-test distributed for use by - Self</td></tr><tr><td><a href="CodeSystem-concept-codes.html#concept-codes-HIV.46C.46DE145">HIV.C.DE145</a></td><td>Family member</td><td>HIV self-test distributed for use by - Family member</td></tr><tr><td><a href="CodeSystem-concept-codes.html#concept-codes-HIV.46C.46DE146">HIV.C.DE146</a></td><td>Drug-injecting partner</td><td>HIV self-test distributed for use by - Drug-injecting partner</td></tr><tr><td><a href="CodeSystem-concept-codes.html#concept-codes-HIV.46C.46DE147">HIV.C.DE147</a></td><td>Sexual partner</td><td>HIV self-test distributed for use by - Sexual partner</td></tr><tr><td><a href="CodeSystem-concept-codes.html#concept-codes-HIV.46C.46DE148">HIV.C.DE148</a></td><td>Social contact</td><td>HIV self-test distributed for use by - Social contact</td></tr></table></li></ul></div>
  </text>
  <url value="http://fhir.org/guides/itech-uw/ValueSet/hiv-c-de144"/>
  <version value="0.3.0"/>
  <name value="HIVselftestdistributedforusebyCodes"/>
  <title value="HIV self-test distributed for use by Codes"/>
  <status value="draft"/>
  <experimental value="false"/>
  <date value="2024-04-30T19:50:03+00:00"/>
  <publisher value="World Health Organization (WHO) "/>
  <contact>
    <telecom>
      <system value="url"/>
      <value value="https://www.who.int"/>
    </telecom>
  </contact>
  <description value="Codes representing possible values for the HIV self-test distributed for use by element"/>
  <jurisdiction>
    <coding>
      <system value="http://unstats.un.org/unsd/methods/m49/m49.htm"/>
      <code value="001"/>
    </coding>
  </jurisdiction>
  <immutable value="true"/>
  <compose>
    <include>
      <system value="http://fhir.org/guides/itech-uw/who-smart-hiv-dak/CodeSystem/concept-codes"/>
      <concept>
        <code value="HIV.C.DE144"/>
        <display value="Self"/>
      </concept>
      <concept>
        <code value="HIV.C.DE145"/>
        <display value="Family member"/>
      </concept>
      <concept>
        <code value="HIV.C.DE146"/>
        <display value="Drug-injecting partner"/>
      </concept>
      <concept>
        <code value="HIV.C.DE147"/>
        <display value="Sexual partner"/>
      </concept>
      <concept>
        <code value="HIV.C.DE148"/>
        <display value="Social contact"/>
      </concept>
    </include>
  </compose>
</ValueSet>