{
  "resourceType" : "ValueSet",
  "id" : "hiv-a-de31",
  "text" : {
    "status" : "extensions",
    "div" : "<div xmlns=\"http://www.w3.org/1999/xhtml\"><ul><li>Include these codes as defined in <a href=\"CodeSystem-concept-codes.html\"><code>http://fhir.org/guides/itech-uw/who-smart-hiv-dak/CodeSystem/concept-codes</code></a><table class=\"none\"><tr><td style=\"white-space:nowrap\"><b>Code</b></td><td><b>Display</b></td><td><b>Definition</b></td></tr><tr><td><a href=\"CodeSystem-concept-codes.html#concept-codes-HIV.46A.46DE31\">HIV.A.DE31</a></td><td>Unmarried</td><td>Marital Status - Unmarried</td></tr><tr><td><a href=\"CodeSystem-concept-codes.html#concept-codes-HIV.46A.46DE32\">HIV.A.DE32</a></td><td>Never married</td><td>Marital Status - Never married</td></tr><tr><td><a href=\"CodeSystem-concept-codes.html#concept-codes-HIV.46A.46DE33\">HIV.A.DE33</a></td><td>Married</td><td>Marital Status - Married</td></tr><tr><td><a href=\"CodeSystem-concept-codes.html#concept-codes-HIV.46A.46DE34\">HIV.A.DE34</a></td><td>Polygamous</td><td>Marital Status - Polygamous</td></tr><tr><td><a href=\"CodeSystem-concept-codes.html#concept-codes-HIV.46A.46DE35\">HIV.A.DE35</a></td><td>Divorced</td><td>Marital Status - Divorced</td></tr><tr><td><a href=\"CodeSystem-concept-codes.html#concept-codes-HIV.46A.46DE36\">HIV.A.DE36</a></td><td>Widowed</td><td>Marital Status - Widowed</td></tr><tr><td><a href=\"CodeSystem-concept-codes.html#concept-codes-HIV.46A.46DE37\">HIV.A.DE37</a></td><td>Unknown</td><td>Marital Status - Unknown</td></tr><tr><td><a href=\"CodeSystem-concept-codes.html#concept-codes-HIV.46A.46DE38\">HIV.A.DE38</a></td><td>Domestic partner</td><td>Marital Status - Domestic partner</td></tr><tr><td><a href=\"CodeSystem-concept-codes.html#concept-codes-HIV.46A.46DE39\">HIV.A.DE39</a></td><td>Annulled</td><td>Marital Status - Annulled</td></tr><tr><td><a href=\"CodeSystem-concept-codes.html#concept-codes-HIV.46A.46DE40\">HIV.A.DE40</a></td><td>Legally separated</td><td>Marital Status - Legally separated</td></tr><tr><td><a href=\"CodeSystem-concept-codes.html#concept-codes-HIV.46A.46DE41\">HIV.A.DE41</a></td><td>Interlocutory</td><td>Marital Status - Interlocutory</td></tr></table></li></ul></div>"
  },
  "url" : "http://fhir.org/guides/itech-uw/ValueSet/hiv-a-de31",
  "version" : "0.3.0",
  "name" : "MaritalStatusCodes",
  "title" : "Marital Status Codes",
  "status" : "draft",
  "experimental" : false,
  "date" : "2024-06-10T14:32:54+00:00",
  "publisher" : "World Health Organization (WHO) ",
  "contact" : [{
    "telecom" : [{
      "system" : "url",
      "value" : "https://www.who.int"
    }]
  }],
  "description" : "Codes representing possible values for the Marital Status element",
  "jurisdiction" : [{
    "coding" : [{
      "system" : "http://unstats.un.org/unsd/methods/m49/m49.htm",
      "code" : "001"
    }]
  }],
  "immutable" : true,
  "compose" : {
    "include" : [{
      "system" : "http://fhir.org/guides/itech-uw/who-smart-hiv-dak/CodeSystem/concept-codes",
      "concept" : [{
        "code" : "HIV.A.DE31",
        "display" : "Unmarried"
      },
      {
        "code" : "HIV.A.DE32",
        "display" : "Never married"
      },
      {
        "code" : "HIV.A.DE33",
        "display" : "Married"
      },
      {
        "code" : "HIV.A.DE34",
        "display" : "Polygamous"
      },
      {
        "code" : "HIV.A.DE35",
        "display" : "Divorced"
      },
      {
        "code" : "HIV.A.DE36",
        "display" : "Widowed"
      },
      {
        "code" : "HIV.A.DE37",
        "display" : "Unknown"
      },
      {
        "code" : "HIV.A.DE38",
        "display" : "Domestic partner"
      },
      {
        "code" : "HIV.A.DE39",
        "display" : "Annulled"
      },
      {
        "code" : "HIV.A.DE40",
        "display" : "Legally separated"
      },
      {
        "code" : "HIV.A.DE41",
        "display" : "Interlocutory"
      }]
    }]
  }
}