{
  "resourceType" : "ValueSet",
  "id" : "hiv-prv-de3",
  "text" : {
    "status" : "extensions",
    "div" : "<div xmlns=\"http://www.w3.org/1999/xhtml\"><ul><li>Include these codes as defined in <a href=\"CodeSystem-concept-codes.html\"><code>http://fhir.org/guides/itech-uw/who-smart-hiv-dak/CodeSystem/concept-codes</code></a><table class=\"none\"><tr><td style=\"white-space:nowrap\"><b>Code</b></td><td><b>Display</b></td><td><b>Definition</b></td></tr><tr><td><a href=\"CodeSystem-concept-codes.html#concept-codes-HIV.46PRV.46DE3\">HIV.PRV.DE3</a></td><td>PrEP service</td><td>HIV prevention intervention - PrEP service</td></tr><tr><td><a href=\"CodeSystem-concept-codes.html#concept-codes-HIV.46PRV.46DE4\">HIV.PRV.DE4</a></td><td>OAMT</td><td>HIV prevention intervention - OAMT</td></tr><tr><td><a href=\"CodeSystem-concept-codes.html#concept-codes-HIV.46PRV.46DE5\">HIV.PRV.DE5</a></td><td>NSP</td><td>HIV prevention intervention - NSP</td></tr><tr><td><a href=\"CodeSystem-concept-codes.html#concept-codes-HIV.46PRV.46DE6\">HIV.PRV.DE6</a></td><td>STI services</td><td>HIV prevention intervention - STI services</td></tr><tr><td><a href=\"CodeSystem-concept-codes.html#concept-codes-HIV.46PRV.46DE7\">HIV.PRV.DE7</a></td><td>VMMC</td><td>HIV prevention intervention - VMMC</td></tr><tr><td><a href=\"CodeSystem-concept-codes.html#concept-codes-HIV.46PRV.46DE8\">HIV.PRV.DE8</a></td><td>Other</td><td>HIV prevention intervention - Other</td></tr></table></li></ul></div>"
  },
  "url" : "http://fhir.org/guides/itech-uw/ValueSet/hiv-prv-de3",
  "version" : "0.3.0",
  "name" : "HIVpreventioninterventionCodes",
  "title" : "HIV prevention intervention Codes",
  "status" : "draft",
  "experimental" : false,
  "date" : "2024-04-30T19:24:27+00:00",
  "publisher" : "World Health Organization (WHO) ",
  "contact" : [{
    "telecom" : [{
      "system" : "url",
      "value" : "https://www.who.int"
    }]
  }],
  "description" : "Codes representing possible values for the HIV prevention intervention element",
  "jurisdiction" : [{
    "coding" : [{
      "system" : "http://unstats.un.org/unsd/methods/m49/m49.htm",
      "code" : "001"
    }]
  }],
  "immutable" : true,
  "compose" : {
    "include" : [{
      "system" : "http://fhir.org/guides/itech-uw/who-smart-hiv-dak/CodeSystem/concept-codes",
      "concept" : [{
        "code" : "HIV.PRV.DE3",
        "display" : "PrEP service"
      },
      {
        "code" : "HIV.PRV.DE4",
        "display" : "OAMT"
      },
      {
        "code" : "HIV.PRV.DE5",
        "display" : "NSP"
      },
      {
        "code" : "HIV.PRV.DE6",
        "display" : "STI services"
      },
      {
        "code" : "HIV.PRV.DE7",
        "display" : "VMMC"
      },
      {
        "code" : "HIV.PRV.DE8",
        "display" : "Other"
      }]
    }]
  }
}