{
  "resourceType" : "ValueSet",
  "id" : "hiv-e-de128",
  "text" : {
    "status" : "extensions",
    "div" : "<div xmlns=\"http://www.w3.org/1999/xhtml\"><ul><li>Include these codes as defined in <a href=\"CodeSystem-concept-codes.html\"><code>http://fhir.org/guides/itech-uw/who-smart-hiv-dak/CodeSystem/concept-codes</code></a><table class=\"none\"><tr><td style=\"white-space:nowrap\"><b>Code</b></td><td><b>Display</b></td><td><b>Definition</b></td></tr><tr><td><a href=\"CodeSystem-concept-codes.html#concept-codes-HIV.46E.46DE128\">HIV.E.DE128</a></td><td>Exclusively breastfeeding</td><td>Infant feeding practice - Exclusively breastfeeding</td></tr><tr><td><a href=\"CodeSystem-concept-codes.html#concept-codes-HIV.46E.46DE129\">HIV.E.DE129</a></td><td>Replacement feeding</td><td>Infant feeding practice - Replacement feeding</td></tr><tr><td><a href=\"CodeSystem-concept-codes.html#concept-codes-HIV.46E.46DE130\">HIV.E.DE130</a></td><td>Mixed feeding</td><td>Infant feeding practice - Mixed feeding</td></tr></table></li></ul></div>"
  },
  "url" : "http://fhir.org/guides/itech-uw/ValueSet/hiv-e-de128",
  "version" : "0.3.0",
  "name" : "InfantfeedingpracticeCodes",
  "title" : "Infant feeding practice Codes",
  "status" : "draft",
  "experimental" : false,
  "date" : "2024-06-06T18:10:14+00:00",
  "publisher" : "World Health Organization (WHO) ",
  "contact" : [{
    "telecom" : [{
      "system" : "url",
      "value" : "https://www.who.int"
    }]
  }],
  "description" : "Codes representing possible values for the Infant feeding practice element",
  "jurisdiction" : [{
    "coding" : [{
      "system" : "http://unstats.un.org/unsd/methods/m49/m49.htm",
      "code" : "001"
    }]
  }],
  "immutable" : true,
  "compose" : {
    "include" : [{
      "system" : "http://fhir.org/guides/itech-uw/who-smart-hiv-dak/CodeSystem/concept-codes",
      "concept" : [{
        "code" : "HIV.E.DE128",
        "display" : "Exclusively breastfeeding"
      },
      {
        "code" : "HIV.E.DE129",
        "display" : "Replacement feeding"
      },
      {
        "code" : "HIV.E.DE130",
        "display" : "Mixed feeding"
      }]
    }]
  }
}