<?xml version="1.0" encoding="UTF-8"?>

<ValueSet xmlns="http://hl7.org/fhir">
  <id value="hiv-d-de720"/>
  <text>
    <status value="extensions"/><div xmlns="http://www.w3.org/1999/xhtml"><ul><li>Include these codes as defined in <a href="CodeSystem-concept-codes.html"><code>http://fhir.org/guides/itech-uw/who-smart-hiv-dak/CodeSystem/concept-codes</code></a><table class="none"><tr><td style="white-space:nowrap"><b>Code</b></td><td><b>Display</b></td><td><b>Definition</b></td></tr><tr><td><a href="CodeSystem-concept-codes.html#concept-codes-HIV.46D.46DE720">HIV.D.DE720</a></td><td>Cryotherapy</td><td>Treatment method for cervical precancer lesions - Cryotherapy</td></tr><tr><td><a href="CodeSystem-concept-codes.html#concept-codes-HIV.46D.46DE721">HIV.D.DE721</a></td><td>Thermal ablation</td><td>Treatment method for cervical precancer lesions - Thermal ablation</td></tr><tr><td><a href="CodeSystem-concept-codes.html#concept-codes-HIV.46D.46DE722">HIV.D.DE722</a></td><td>Laser ablation</td><td>Treatment method for cervical precancer lesions - Laser ablation</td></tr><tr><td><a href="CodeSystem-concept-codes.html#concept-codes-HIV.46D.46DE723">HIV.D.DE723</a></td><td>CKC</td><td>Treatment method for cervical precancer lesions - CKC</td></tr><tr><td><a href="CodeSystem-concept-codes.html#concept-codes-HIV.46D.46DE724">HIV.D.DE724</a></td><td>Laser cone biopsy</td><td>Treatment method for cervical precancer lesions - Laser cone biopsy</td></tr><tr><td><a href="CodeSystem-concept-codes.html#concept-codes-HIV.46D.46DE725">HIV.D.DE725</a></td><td>LLETZ/LEEP</td><td>Treatment method for cervical precancer lesions - LLETZ/LEEP</td></tr><tr><td><a href="CodeSystem-concept-codes.html#concept-codes-HIV.46D.46DE726">HIV.D.DE726</a></td><td>Other</td><td>Treatment method for cervical precancer lesions - Other</td></tr></table></li></ul></div>
  </text>
  <url value="http://fhir.org/guides/itech-uw/ValueSet/hiv-d-de720"/>
  <version value="0.3.0"/>
  <name value="TreatmentmethodforcervicalprecancerlesionsCodes"/>
  <title value="Treatment method for cervical precancer lesions Codes"/>
  <status value="draft"/>
  <experimental value="false"/>
  <date value="2024-06-06T18:10:14+00:00"/>
  <publisher value="World Health Organization (WHO) "/>
  <contact>
    <telecom>
      <system value="url"/>
      <value value="https://www.who.int"/>
    </telecom>
  </contact>
  <description value="Codes representing possible values for the Treatment method for cervical precancer lesions element"/>
  <jurisdiction>
    <coding>
      <system value="http://unstats.un.org/unsd/methods/m49/m49.htm"/>
      <code value="001"/>
    </coding>
  </jurisdiction>
  <immutable value="true"/>
  <compose>
    <include>
      <system value="http://fhir.org/guides/itech-uw/who-smart-hiv-dak/CodeSystem/concept-codes"/>
      <concept>
        <code value="HIV.D.DE720"/>
        <display value="Cryotherapy"/>
      </concept>
      <concept>
        <code value="HIV.D.DE721"/>
        <display value="Thermal ablation"/>
      </concept>
      <concept>
        <code value="HIV.D.DE722"/>
        <display value="Laser ablation"/>
      </concept>
      <concept>
        <code value="HIV.D.DE723"/>
        <display value="CKC"/>
      </concept>
      <concept>
        <code value="HIV.D.DE724"/>
        <display value="Laser cone biopsy"/>
      </concept>
      <concept>
        <code value="HIV.D.DE725"/>
        <display value="LLETZ/LEEP"/>
      </concept>
      <concept>
        <code value="HIV.D.DE726"/>
        <display value="Other"/>
      </concept>
    </include>
  </compose>
</ValueSet>