{
  "resourceType" : "ValueSet",
  "id" : "hiv-a-de19",
  "text" : {
    "status" : "extensions",
    "div" : "<div xmlns=\"http://www.w3.org/1999/xhtml\"><ul><li>Include these codes as defined in <a href=\"CodeSystem-concept-codes.html\"><code>http://fhir.org/guides/itech-uw/who-smart-hiv-dak/CodeSystem/concept-codes</code></a><table class=\"none\"><tr><td style=\"white-space:nowrap\"><b>Code</b></td><td><b>Display</b></td><td><b>Definition</b></td></tr><tr><td><a href=\"CodeSystem-concept-codes.html#concept-codes-HIV.46A.46DE19\">HIV.A.DE19</a></td><td>Female</td><td>Gender* - Female</td></tr><tr><td><a href=\"CodeSystem-concept-codes.html#concept-codes-HIV.46A.46DE20\">HIV.A.DE20</a></td><td>Male</td><td>Gender* - Male</td></tr><tr><td><a href=\"CodeSystem-concept-codes.html#concept-codes-HIV.46A.46DE21\">HIV.A.DE21</a></td><td>Transgender male</td><td>Gender* - Transgender male</td></tr><tr><td><a href=\"CodeSystem-concept-codes.html#concept-codes-HIV.46A.46DE22\">HIV.A.DE22</a></td><td>Transgender female</td><td>Gender* - Transgender female</td></tr><tr><td><a href=\"CodeSystem-concept-codes.html#concept-codes-HIV.46A.46DE23\">HIV.A.DE23</a></td><td>Other</td><td>Gender* - Other</td></tr></table></li></ul></div>"
  },
  "url" : "http://fhir.org/guides/itech-uw/ValueSet/hiv-a-de19",
  "version" : "0.3.0",
  "name" : "Gender*Codes",
  "title" : "Gender* Codes",
  "status" : "draft",
  "experimental" : false,
  "date" : "2024-04-30T19:50:03+00:00",
  "publisher" : "World Health Organization (WHO) ",
  "contact" : [{
    "telecom" : [{
      "system" : "url",
      "value" : "https://www.who.int"
    }]
  }],
  "description" : "Codes representing possible values for the Gender* element",
  "jurisdiction" : [{
    "coding" : [{
      "system" : "http://unstats.un.org/unsd/methods/m49/m49.htm",
      "code" : "001"
    }]
  }],
  "immutable" : true,
  "compose" : {
    "include" : [{
      "system" : "http://fhir.org/guides/itech-uw/who-smart-hiv-dak/CodeSystem/concept-codes",
      "concept" : [{
        "code" : "HIV.A.DE19",
        "display" : "Female"
      },
      {
        "code" : "HIV.A.DE20",
        "display" : "Male"
      },
      {
        "code" : "HIV.A.DE21",
        "display" : "Transgender male"
      },
      {
        "code" : "HIV.A.DE22",
        "display" : "Transgender female"
      },
      {
        "code" : "HIV.A.DE23",
        "display" : "Other"
      }]
    }]
  }
}