<?xml version="1.0" encoding="UTF-8"?>

<ValueSet xmlns="http://hl7.org/fhir">
  <id value="hiv-c-de2"/>
  <text>
    <status value="extensions"/><div xmlns="http://www.w3.org/1999/xhtml"><ul><li>Include these codes as defined in <a href="CodeSystem-concept-codes.html"><code>http://fhir.org/guides/itech-uw/who-smart-hiv-dak/CodeSystem/concept-codes</code></a><table class="none"><tr><td style="white-space:nowrap"><b>Code</b></td><td><b>Display</b></td><td><b>Definition</b></td></tr><tr><td><a href="CodeSystem-concept-codes.html#concept-codes-HIV.46C.46DE2">HIV.C.DE2</a></td><td>First time counselling on PrEP</td><td>Reason for PrEP visit - First time counselling on PrEP</td></tr><tr><td><a href="CodeSystem-concept-codes.html#concept-codes-HIV.46C.46DE3">HIV.C.DE3</a></td><td>Follow-up appointment for PrEP or PEP</td><td>Reason for PrEP visit - Follow-up appointment for PrEP or PEP</td></tr><tr><td><a href="CodeSystem-concept-codes.html#concept-codes-HIV.46C.46DE4">HIV.C.DE4</a></td><td>Restarting PrEP</td><td>Reason for PrEP visit - Restarting PrEP</td></tr><tr><td><a href="CodeSystem-concept-codes.html#concept-codes-HIV.46C.46DE5">HIV.C.DE5</a></td><td>Counselling on PEP</td><td>Reason for PrEP visit - Counselling on PEP</td></tr><tr><td><a href="CodeSystem-concept-codes.html#concept-codes-HIV.46C.46DE6">HIV.C.DE6</a></td><td>Unscheduled visit for side effects</td><td>Reason for PrEP visit - Unscheduled visit for side effects</td></tr></table></li></ul></div>
  </text>
  <url value="http://fhir.org/guides/itech-uw/ValueSet/hiv-c-de2"/>
  <version value="0.3.0"/>
  <name value="ReasonforPrEPvisitCodes"/>
  <title value="Reason for PrEP visit Codes"/>
  <status value="draft"/>
  <experimental value="false"/>
  <date value="2024-05-15T17:51:55+00:00"/>
  <publisher value="World Health Organization (WHO) "/>
  <contact>
    <telecom>
      <system value="url"/>
      <value value="https://www.who.int"/>
    </telecom>
  </contact>
  <description value="Codes representing possible values for the Reason for PrEP visit element"/>
  <jurisdiction>
    <coding>
      <system value="http://unstats.un.org/unsd/methods/m49/m49.htm"/>
      <code value="001"/>
    </coding>
  </jurisdiction>
  <immutable value="true"/>
  <compose>
    <include>
      <system value="http://fhir.org/guides/itech-uw/who-smart-hiv-dak/CodeSystem/concept-codes"/>
      <concept>
        <code value="HIV.C.DE2"/>
        <display value="First time counselling on PrEP"/>
      </concept>
      <concept>
        <code value="HIV.C.DE3"/>
        <display value="Follow-up appointment for PrEP or PEP"/>
      </concept>
      <concept>
        <code value="HIV.C.DE4"/>
        <display value="Restarting PrEP"/>
      </concept>
      <concept>
        <code value="HIV.C.DE5"/>
        <display value="Counselling on PEP"/>
      </concept>
      <concept>
        <code value="HIV.C.DE6"/>
        <display value="Unscheduled visit for side effects"/>
      </concept>
    </include>
  </compose>
</ValueSet>