<?xml version="1.0" encoding="UTF-8"?>

<ValueSet xmlns="http://hl7.org/fhir">
  <id value="hiv-e-de7"/>
  <text>
    <status value="extensions"/><div xmlns="http://www.w3.org/1999/xhtml"><ul><li>Include these codes as defined in <a href="CodeSystem-concept-codes.html"><code>http://fhir.org/guides/itech-uw/who-smart-hiv-dak/CodeSystem/concept-codes</code></a><table class="none"><tr><td style="white-space:nowrap"><b>Code</b></td><td><b>Display</b></td><td><b>Definition</b></td></tr><tr><td><a href="CodeSystem-concept-codes.html#concept-codes-HIV.46E.46DE7">HIV.E.DE7</a></td><td>Last menstrual period (LMP)</td><td>Source of gestational age - Last menstrual period (LMP)</td></tr><tr><td><a href="CodeSystem-concept-codes.html#concept-codes-HIV.46E.46DE8">HIV.E.DE8</a></td><td>Ultrasound</td><td>Source of gestational age - Ultrasound</td></tr><tr><td><a href="CodeSystem-concept-codes.html#concept-codes-HIV.46E.46DE9">HIV.E.DE9</a></td><td>Symphysis fundal height (SFH) or abdominal palpation</td><td>Source of gestational age - Symphysis fundal height (SFH) or abdominal palpation</td></tr></table></li></ul></div>
  </text>
  <url value="http://fhir.org/guides/itech-uw/ValueSet/hiv-e-de7"/>
  <version value="0.3.0"/>
  <name value="SourceofgestationalageCodes"/>
  <title value="Source of gestational age Codes"/>
  <status value="draft"/>
  <experimental value="false"/>
  <date value="2024-05-15T17:51:55+00:00"/>
  <publisher value="World Health Organization (WHO) "/>
  <contact>
    <telecom>
      <system value="url"/>
      <value value="https://www.who.int"/>
    </telecom>
  </contact>
  <description value="Codes representing possible values for the Source of gestational age element"/>
  <jurisdiction>
    <coding>
      <system value="http://unstats.un.org/unsd/methods/m49/m49.htm"/>
      <code value="001"/>
    </coding>
  </jurisdiction>
  <immutable value="true"/>
  <compose>
    <include>
      <system value="http://fhir.org/guides/itech-uw/who-smart-hiv-dak/CodeSystem/concept-codes"/>
      <concept>
        <code value="HIV.E.DE7"/>
        <display value="Last menstrual period (LMP)"/>
      </concept>
      <concept>
        <code value="HIV.E.DE8"/>
        <display value="Ultrasound"/>
      </concept>
      <concept>
        <code value="HIV.E.DE9"/>
        <display value="Symphysis fundal height (SFH) or abdominal palpation"/>
      </concept>
    </include>
  </compose>
</ValueSet>