<?xml version="1.0" encoding="UTF-8"?>

<ValueSet xmlns="http://hl7.org/fhir">
  <id value="hiv-d-de129"/>
  <text>
    <status value="extensions"/><div xmlns="http://www.w3.org/1999/xhtml"><ul><li>Include these codes as defined in <a href="CodeSystem-concept-codes.html"><code>http://fhir.org/guides/itech-uw/who-smart-hiv-dak/CodeSystem/concept-codes</code></a><table class="none"><tr><td style="white-space:nowrap"><b>Code</b></td><td><b>Display</b></td><td><b>Definition</b></td></tr><tr><td><a href="CodeSystem-concept-codes.html#concept-codes-HIV.46D.46DE129">HIV.D.DE129</a></td><td>ABC</td><td>ART regimen composition - ABC</td></tr><tr><td><a href="CodeSystem-concept-codes.html#concept-codes-HIV.46D.46DE130">HIV.D.DE130</a></td><td>FTC</td><td>ART regimen composition - FTC</td></tr><tr><td><a href="CodeSystem-concept-codes.html#concept-codes-HIV.46D.46DE131">HIV.D.DE131</a></td><td>3TC</td><td>ART regimen composition - 3TC</td></tr><tr><td><a href="CodeSystem-concept-codes.html#concept-codes-HIV.46D.46DE132">HIV.D.DE132</a></td><td>AZT</td><td>ART regimen composition - AZT</td></tr><tr><td><a href="CodeSystem-concept-codes.html#concept-codes-HIV.46D.46DE133">HIV.D.DE133</a></td><td>DDI</td><td>ART regimen composition - DDI</td></tr><tr><td><a href="CodeSystem-concept-codes.html#concept-codes-HIV.46D.46DE134">HIV.D.DE134</a></td><td>D4T</td><td>ART regimen composition - D4T</td></tr><tr><td><a href="CodeSystem-concept-codes.html#concept-codes-HIV.46D.46DE135">HIV.D.DE135</a></td><td>TDF</td><td>ART regimen composition - TDF</td></tr><tr><td><a href="CodeSystem-concept-codes.html#concept-codes-HIV.46D.46DE136">HIV.D.DE136</a></td><td>EFV</td><td>ART regimen composition - EFV</td></tr><tr><td><a href="CodeSystem-concept-codes.html#concept-codes-HIV.46D.46DE137">HIV.D.DE137</a></td><td>ETV</td><td>ART regimen composition - ETV</td></tr><tr><td><a href="CodeSystem-concept-codes.html#concept-codes-HIV.46D.46DE138">HIV.D.DE138</a></td><td>NVP</td><td>ART regimen composition - NVP</td></tr><tr><td><a href="CodeSystem-concept-codes.html#concept-codes-HIV.46D.46DE139">HIV.D.DE139</a></td><td>RIL</td><td>ART regimen composition - RIL</td></tr><tr><td><a href="CodeSystem-concept-codes.html#concept-codes-HIV.46D.46DE140">HIV.D.DE140</a></td><td>ATV/r</td><td>ART regimen composition - ATV/r</td></tr><tr><td><a href="CodeSystem-concept-codes.html#concept-codes-HIV.46D.46DE141">HIV.D.DE141</a></td><td>LPV/r</td><td>ART regimen composition - LPV/r</td></tr><tr><td><a href="CodeSystem-concept-codes.html#concept-codes-HIV.46D.46DE142">HIV.D.DE142</a></td><td>DRV/r</td><td>ART regimen composition - DRV/r</td></tr><tr><td><a href="CodeSystem-concept-codes.html#concept-codes-HIV.46D.46DE143">HIV.D.DE143</a></td><td>RTV</td><td>ART regimen composition - RTV</td></tr><tr><td><a href="CodeSystem-concept-codes.html#concept-codes-HIV.46D.46DE144">HIV.D.DE144</a></td><td>DTG</td><td>ART regimen composition - DTG</td></tr><tr><td><a href="CodeSystem-concept-codes.html#concept-codes-HIV.46D.46DE145">HIV.D.DE145</a></td><td>RAL</td><td>ART regimen composition - RAL</td></tr></table></li></ul></div>
  </text>
  <url value="http://fhir.org/guides/itech-uw/ValueSet/hiv-d-de129"/>
  <version value="0.3.0"/>
  <name value="ARTregimencompositionCodes"/>
  <title value="ART regimen composition Codes"/>
  <status value="draft"/>
  <experimental value="false"/>
  <date value="2024-05-15T17:51:55+00:00"/>
  <publisher value="World Health Organization (WHO) "/>
  <contact>
    <telecom>
      <system value="url"/>
      <value value="https://www.who.int"/>
    </telecom>
  </contact>
  <description value="Codes representing possible values for the ART regimen composition element"/>
  <jurisdiction>
    <coding>
      <system value="http://unstats.un.org/unsd/methods/m49/m49.htm"/>
      <code value="001"/>
    </coding>
  </jurisdiction>
  <immutable value="true"/>
  <compose>
    <include>
      <system value="http://fhir.org/guides/itech-uw/who-smart-hiv-dak/CodeSystem/concept-codes"/>
      <concept>
        <code value="HIV.D.DE129"/>
        <display value="ABC"/>
      </concept>
      <concept>
        <code value="HIV.D.DE130"/>
        <display value="FTC"/>
      </concept>
      <concept>
        <code value="HIV.D.DE131"/>
        <display value="3TC"/>
      </concept>
      <concept>
        <code value="HIV.D.DE132"/>
        <display value="AZT"/>
      </concept>
      <concept>
        <code value="HIV.D.DE133"/>
        <display value="DDI"/>
      </concept>
      <concept>
        <code value="HIV.D.DE134"/>
        <display value="D4T"/>
      </concept>
      <concept>
        <code value="HIV.D.DE135"/>
        <display value="TDF"/>
      </concept>
      <concept>
        <code value="HIV.D.DE136"/>
        <display value="EFV"/>
      </concept>
      <concept>
        <code value="HIV.D.DE137"/>
        <display value="ETV"/>
      </concept>
      <concept>
        <code value="HIV.D.DE138"/>
        <display value="NVP"/>
      </concept>
      <concept>
        <code value="HIV.D.DE139"/>
        <display value="RIL"/>
      </concept>
      <concept>
        <code value="HIV.D.DE140"/>
        <display value="ATV/r"/>
      </concept>
      <concept>
        <code value="HIV.D.DE141"/>
        <display value="LPV/r"/>
      </concept>
      <concept>
        <code value="HIV.D.DE142"/>
        <display value="DRV/r"/>
      </concept>
      <concept>
        <code value="HIV.D.DE143"/>
        <display value="RTV"/>
      </concept>
      <concept>
        <code value="HIV.D.DE144"/>
        <display value="DTG"/>
      </concept>
      <concept>
        <code value="HIV.D.DE145"/>
        <display value="RAL"/>
      </concept>
    </include>
  </compose>
</ValueSet>