{
  "resourceType" : "ValueSet",
  "id" : "hiv-d-de1011",
  "text" : {
    "status" : "extensions",
    "div" : "<div xmlns=\"http://www.w3.org/1999/xhtml\"><ul><li>Include these codes as defined in <a href=\"CodeSystem-concept-codes.html\"><code>http://fhir.org/guides/itech-uw/who-smart-hiv-dak/CodeSystem/concept-codes</code></a><table class=\"none\"><tr><td style=\"white-space:nowrap\"><b>Code</b></td><td><b>Display</b></td><td><b>Definition</b></td></tr><tr><td><a href=\"CodeSystem-concept-codes.html#concept-codes-HIV.46D.46DE1011\">HIV.D.DE1011</a></td><td>Isoniazid</td><td>TB treatment regimen composition - Isoniazid</td></tr><tr><td><a href=\"CodeSystem-concept-codes.html#concept-codes-HIV.46D.46DE1012\">HIV.D.DE1012</a></td><td>Rifampicin</td><td>TB treatment regimen composition - Rifampicin</td></tr><tr><td><a href=\"CodeSystem-concept-codes.html#concept-codes-HIV.46D.46DE1013\">HIV.D.DE1013</a></td><td>Rifabutin</td><td>TB treatment regimen composition - Rifabutin</td></tr><tr><td><a href=\"CodeSystem-concept-codes.html#concept-codes-HIV.46D.46DE1014\">HIV.D.DE1014</a></td><td>Ethambutol</td><td>TB treatment regimen composition - Ethambutol</td></tr><tr><td><a href=\"CodeSystem-concept-codes.html#concept-codes-HIV.46D.46DE1015\">HIV.D.DE1015</a></td><td>Levofloxacin</td><td>TB treatment regimen composition - Levofloxacin</td></tr><tr><td><a href=\"CodeSystem-concept-codes.html#concept-codes-HIV.46D.46DE1016\">HIV.D.DE1016</a></td><td>Pyrazinamide</td><td>TB treatment regimen composition - Pyrazinamide</td></tr></table></li></ul></div>"
  },
  "url" : "http://fhir.org/guides/itech-uw/ValueSet/hiv-d-de1011",
  "version" : "0.3.0",
  "name" : "TBtreatmentregimencompositionCodes",
  "title" : "TB treatment regimen composition Codes",
  "status" : "draft",
  "experimental" : false,
  "date" : "2024-06-06T18:10:14+00:00",
  "publisher" : "World Health Organization (WHO) ",
  "contact" : [{
    "telecom" : [{
      "system" : "url",
      "value" : "https://www.who.int"
    }]
  }],
  "description" : "Codes representing possible values for the TB treatment regimen composition element",
  "jurisdiction" : [{
    "coding" : [{
      "system" : "http://unstats.un.org/unsd/methods/m49/m49.htm",
      "code" : "001"
    }]
  }],
  "immutable" : true,
  "compose" : {
    "include" : [{
      "system" : "http://fhir.org/guides/itech-uw/who-smart-hiv-dak/CodeSystem/concept-codes",
      "concept" : [{
        "code" : "HIV.D.DE1011",
        "display" : "Isoniazid"
      },
      {
        "code" : "HIV.D.DE1012",
        "display" : "Rifampicin"
      },
      {
        "code" : "HIV.D.DE1013",
        "display" : "Rifabutin"
      },
      {
        "code" : "HIV.D.DE1014",
        "display" : "Ethambutol"
      },
      {
        "code" : "HIV.D.DE1015",
        "display" : "Levofloxacin"
      },
      {
        "code" : "HIV.D.DE1016",
        "display" : "Pyrazinamide"
      }]
    }]
  }
}