<?xml version="1.0" encoding="UTF-8"?>

<ValueSet xmlns="http://hl7.org/fhir">
  <id value="hiv-d-de561"/>
  <text>
    <status value="extensions"/><div xmlns="http://www.w3.org/1999/xhtml"><ul><li>Include these codes as defined in <a href="CodeSystem-concept-codes.html"><code>http://fhir.org/guides/itech-uw/who-smart-hiv-dak/CodeSystem/concept-codes</code></a><table class="none"><tr><td style="white-space:nowrap"><b>Code</b></td><td><b>Display</b></td><td><b>Definition</b></td></tr><tr><td><a href="CodeSystem-concept-codes.html#concept-codes-HIV.46D.46DE561">HIV.D.DE561</a></td><td>No known allergies</td><td>Allergies - No known allergies</td></tr><tr><td><a href="CodeSystem-concept-codes.html#concept-codes-HIV.46D.46DE562">HIV.D.DE562</a></td><td>Don't know of any allergies</td><td>Allergies - Don't know of any allergies</td></tr><tr><td><a href="CodeSystem-concept-codes.html#concept-codes-HIV.46D.46DE563">HIV.D.DE563</a></td><td>Albendazole</td><td>Allergies - Albendazole</td></tr><tr><td><a href="CodeSystem-concept-codes.html#concept-codes-HIV.46D.46DE564">HIV.D.DE564</a></td><td>Malaria medication (sulfadoxine-pyrimethamine)</td><td>Allergies - Malaria medication (sulfadoxine-pyrimethamine)</td></tr><tr><td><a href="CodeSystem-concept-codes.html#concept-codes-HIV.46D.46DE565">HIV.D.DE565</a></td><td>Penicillin</td><td>Allergies - Penicillin</td></tr><tr><td><a href="CodeSystem-concept-codes.html#concept-codes-HIV.46D.46DE566">HIV.D.DE566</a></td><td>Tenofovir disoproxil fumarate (TDF)</td><td>Allergies - Tenofovir disoproxil fumarate (TDF)</td></tr><tr><td><a href="CodeSystem-concept-codes.html#concept-codes-HIV.46D.46DE567">HIV.D.DE567</a></td><td>Other allergies</td><td>Allergies - Other allergies</td></tr></table></li></ul></div>
  </text>
  <url value="http://fhir.org/guides/itech-uw/ValueSet/hiv-d-de561"/>
  <version value="0.3.0"/>
  <name value="AllergiesCodes"/>
  <title value="Allergies Codes"/>
  <status value="draft"/>
  <experimental value="false"/>
  <date value="2024-04-30T19:24:27+00:00"/>
  <publisher value="World Health Organization (WHO) "/>
  <contact>
    <telecom>
      <system value="url"/>
      <value value="https://www.who.int"/>
    </telecom>
  </contact>
  <description value="Codes representing possible values for the Allergies element"/>
  <jurisdiction>
    <coding>
      <system value="http://unstats.un.org/unsd/methods/m49/m49.htm"/>
      <code value="001"/>
    </coding>
  </jurisdiction>
  <immutable value="true"/>
  <compose>
    <include>
      <system value="http://fhir.org/guides/itech-uw/who-smart-hiv-dak/CodeSystem/concept-codes"/>
      <concept>
        <code value="HIV.D.DE561"/>
        <display value="No known allergies"/>
      </concept>
      <concept>
        <code value="HIV.D.DE562"/>
        <display value="Don't know of any allergies"/>
      </concept>
      <concept>
        <code value="HIV.D.DE563"/>
        <display value="Albendazole"/>
      </concept>
      <concept>
        <code value="HIV.D.DE564"/>
        <display value="Malaria medication (sulfadoxine-pyrimethamine)"/>
      </concept>
      <concept>
        <code value="HIV.D.DE565"/>
        <display value="Penicillin"/>
      </concept>
      <concept>
        <code value="HIV.D.DE566"/>
        <display value="Tenofovir disoproxil fumarate (TDF)"/>
      </concept>
      <concept>
        <code value="HIV.D.DE567"/>
        <display value="Other allergies"/>
      </concept>
    </include>
  </compose>
</ValueSet>