{"resourceType":"ConceptMap","id":"ICF","text":{"status":"extensions","div":"<div xmlns=\"http://www.w3.org/1999/xhtml\"><p>Mapping from (not specified) to (not specified)</p><p>DRAFT. Published on 2024-05-15 17:51:55+0000 by World Health Organization (WHO)   (<a href=\"https://www.who.int\">https://www.who.int</a>). </p><div><p>Concept mapping from content extended codes to ICF</p>\n</div><br/><p><b>Group 1 </b>Mapping from <a href=\"CodeSystem-concept-codes.html\">itech-uw Concept Codes</a> to <a href=\"http://terminology.hl7.org/5.3.0/CodeSystem-ICFDut.html\">International Classification of Functioning, Disability and Health, Dutch Translation</a></p><table class=\"grid\"><tr><td><b>Source Code</b></td><td><b>Relationship</b></td><td><b>Target Code</b></td></tr><tr><td>HIV.A.DE47 (Text message/SMS)</td><td><a href=\"http://hl7.org/fhir/extensions/5.1.0-snapshot1/CodeSystem-concept-map-equivalence.html#equivalent\" title=\"equivalent\">is equivalent to</a></td><td>d3600.9 Using telecommunication devices (Using telecommunication devices)</td></tr><tr><td>HIV.A.DE48 (Voice call)</td><td><a href=\"http://hl7.org/fhir/extensions/5.1.0-snapshot1/CodeSystem-concept-map-equivalence.html#equivalent\" title=\"equivalent\">is equivalent to</a></td><td>d3600.9 Using telecommunication devices (Using telecommunication devices)</td></tr><tr><td>HIV.A.DE49 (Client's email)</td><td><a href=\"http://hl7.org/fhir/extensions/5.1.0-snapshot1/CodeSystem-concept-map-equivalence.html#equivalent\" title=\"equivalent\">is equivalent to</a></td><td>d325.9 (Communicating with - receiving - written messages)</td></tr><tr><td>HIV.B.DE6 (Partner or contact of an index case)</td><td><a href=\"http://hl7.org/fhir/extensions/5.1.0-snapshot1/CodeSystem-concept-map-equivalence.html#equivalent\" title=\"equivalent\">is equivalent to</a></td><td>d7709.9 (Parent Foundation URI : http://id.who.int/icd/entity/680339969)</td></tr><tr><td>HIV.B.DE7 (Partner or contact of an HIV testing client (non-index case))</td><td><a href=\"http://hl7.org/fhir/extensions/5.1.0-snapshot1/CodeSystem-concept-map-equivalence.html#equivalent\" title=\"equivalent\">is equivalent to</a></td><td>d7709.9 (Parent Foundation URI : http://id.who.int/icd/entity/680339969)</td></tr><tr><td>HIV.C.DE47 (Fever)</td><td><a href=\"http://hl7.org/fhir/extensions/5.1.0-snapshot1/CodeSystem-concept-map-equivalence.html#equivalent\" title=\"equivalent\">is equivalent to</a></td><td>b5500.9 (Body temperature)</td></tr><tr><td>HIV.C.DE48 (Sore throat)</td><td><a href=\"http://hl7.org/fhir/extensions/5.1.0-snapshot1/CodeSystem-concept-map-equivalence.html#equivalent\" title=\"equivalent\">is equivalent to</a></td><td>b28010.9 (Pain in head and neck)</td></tr><tr><td>HIV.C.DE49 (Aches)</td><td><a href=\"http://hl7.org/fhir/extensions/5.1.0-snapshot1/CodeSystem-concept-map-equivalence.html#equivalent\" title=\"equivalent\">is equivalent to</a></td><td>b2800.9 (Generalized pain)</td></tr><tr><td>HIV.C.DE50 (Pains)</td><td><a href=\"http://hl7.org/fhir/extensions/5.1.0-snapshot1/CodeSystem-concept-map-equivalence.html#equivalent\" title=\"equivalent\">is equivalent to</a></td><td>b2800.9 (Generalized pain)</td></tr><tr><td>HIV.C.DE51 (Swollen glands)</td><td><a href=\"http://hl7.org/fhir/extensions/5.1.0-snapshot1/CodeSystem-concept-map-equivalence.html#equivalent\" title=\"equivalent\">is equivalent to</a></td><td>b4353.9 (Functions of lymph nodes)</td></tr><tr><td>HIV.C.DE53 (Headaches)</td><td><a href=\"http://hl7.org/fhir/extensions/5.1.0-snapshot1/CodeSystem-concept-map-equivalence.html#equivalent\" title=\"equivalent\">is equivalent to</a></td><td>b28010.9 (Pain in head and neck)</td></tr><tr><td>HIV.C.DE113 (Tenofovir disoproxil fumarate (TDF) allergy or contraindication)</td><td><a href=\"http://hl7.org/fhir/extensions/5.1.0-snapshot1/CodeSystem-concept-map-equivalence.html#equivalent\" title=\"equivalent\">is equivalent to</a></td><td>b43500.9 (Specific immune response)</td></tr><tr><td>HIV.C.DE115 (Low estimated creatinine clearance)</td><td><a href=\"http://hl7.org/fhir/extensions/5.1.0-snapshot1/CodeSystem-concept-map-equivalence.html#equivalent\" title=\"equivalent\">is equivalent to</a></td><td>b6108.9 (Other specified urinary excretory functions)</td></tr><tr><td>HIV.C.DE118 (Other allergy or contraindication to a medicine in the PrEP regimen)</td><td><a href=\"http://hl7.org/fhir/extensions/5.1.0-snapshot1/CodeSystem-concept-map-equivalence.html#equivalent\" title=\"equivalent\">is equivalent to</a></td><td>b43500.9 (Specific immune response)</td></tr><tr><td>HIV.C.DE119 (Other allergy or contraindication to a medicine in the PrEP regimen (specify))</td><td><a href=\"http://hl7.org/fhir/extensions/5.1.0-snapshot1/CodeSystem-concept-map-equivalence.html#equivalent\" title=\"equivalent\">is equivalent to</a></td><td>b43500.9 (Specific immune response)</td></tr><tr><td>HIV.D.DE9 (Body temperature)</td><td><a href=\"http://hl7.org/fhir/extensions/5.1.0-snapshot1/CodeSystem-concept-map-equivalence.html#equivalent\" title=\"equivalent\">is equivalent to</a></td><td>b5500.9 (Body temperature)</td></tr><tr><td>HIV.D.DE10 (Respiratory rate)</td><td><a href=\"http://hl7.org/fhir/extensions/5.1.0-snapshot1/CodeSystem-concept-map-equivalence.html#equivalent\" title=\"equivalent\">is equivalent to</a></td><td>b4400.9 (Respiration rate)</td></tr><tr><td>HIV.D.DE11 (Heart rate)</td><td><a href=\"http://hl7.org/fhir/extensions/5.1.0-snapshot1/CodeSystem-concept-map-equivalence.html#equivalent\" title=\"equivalent\">is equivalent to</a></td><td>b4100.9 (Heart rate)</td></tr><tr><td>HIV.D.DE14 (Systolic blood pressure)</td><td><a href=\"http://hl7.org/fhir/extensions/5.1.0-snapshot1/CodeSystem-concept-map-equivalence.html#equivalent\" title=\"equivalent\">is equivalent to</a></td><td>b4202.9 (Maintenance of blood pressure)</td></tr><tr><td>HIV.D.DE15 (Diastolic blood pressure)</td><td><a href=\"http://hl7.org/fhir/extensions/5.1.0-snapshot1/CodeSystem-concept-map-equivalence.html#equivalent\" title=\"equivalent\">is equivalent to</a></td><td>b4202.9 (Maintenance of blood pressure)</td></tr><tr><td>HIV.D.DE19 (Tachycardia)</td><td><a href=\"http://hl7.org/fhir/extensions/5.1.0-snapshot1/CodeSystem-concept-map-equivalence.html#equivalent\" title=\"equivalent\">is equivalent to</a></td><td>b4100.9 (Heart rate)</td></tr><tr><td>HIV.D.DE20 (Tachypnea)</td><td><a href=\"http://hl7.org/fhir/extensions/5.1.0-snapshot1/CodeSystem-concept-map-equivalence.html#equivalent\" title=\"equivalent\">is equivalent to</a></td><td>b4400.9 (Respiration rate)</td></tr><tr><td>HIV.D.DE21 (Unable to walk unaided)</td><td><a href=\"http://hl7.org/fhir/extensions/5.1.0-snapshot1/CodeSystem-concept-map-equivalence.html#equivalent\" title=\"equivalent\">is equivalent to</a></td><td>d4509.9 (Walking, unspecified)</td></tr><tr><td>HIV.D.DE22 (Lethargy)</td><td><a href=\"http://hl7.org/fhir/extensions/5.1.0-snapshot1/CodeSystem-concept-map-equivalence.html#equivalent\" title=\"equivalent\">is equivalent to</a></td><td>b4552.9 (Fatiguability)</td></tr><tr><td>HIV.D.DE23 (Unconsciousness)</td><td><a href=\"http://hl7.org/fhir/extensions/5.1.0-snapshot1/CodeSystem-concept-map-equivalence.html#equivalent\" title=\"equivalent\">is equivalent to</a></td><td>b1109.9 (Consciousness functions, unspecified)</td></tr><tr><td>HIV.D.DE25 (Unable to drink)</td><td><a href=\"http://hl7.org/fhir/extensions/5.1.0-snapshot1/CodeSystem-concept-map-equivalence.html#equivalent\" title=\"equivalent\">is equivalent to</a></td><td>d560.9 (Drinking)</td></tr><tr><td>HIV.D.DE26 (Unable to breastfeed)</td><td><a href=\"http://hl7.org/fhir/extensions/5.1.0-snapshot1/CodeSystem-concept-map-equivalence.html#equivalent\" title=\"equivalent\">is equivalent to</a></td><td>b6603.9 (Lactation)</td></tr><tr><td>HIV.D.DE27 (Repeated vomiting)</td><td><a href=\"http://hl7.org/fhir/extensions/5.1.0-snapshot1/CodeSystem-concept-map-equivalence.html#equivalent\" title=\"equivalent\">is equivalent to</a></td><td>b51060.9 (Vomiting)</td></tr><tr><td>HIV.D.DE28 (Headache)</td><td><a href=\"http://hl7.org/fhir/extensions/5.1.0-snapshot1/CodeSystem-concept-map-equivalence.html#equivalent\" title=\"equivalent\">is equivalent to</a></td><td>b28010.9 (Pain in head and neck)</td></tr><tr><td>HIV.D.DE33 (Number of pregnancies (gravida))</td><td><a href=\"http://hl7.org/fhir/extensions/5.1.0-snapshot1/CodeSystem-concept-map-equivalence.html#equivalent\" title=\"equivalent\">is equivalent to</a></td><td>b6601.9 (Functions related to pregnancy)</td></tr><tr><td>HIV.D.DE68 (Diabetes other or unspecified)</td><td><a href=\"http://hl7.org/fhir/extensions/5.1.0-snapshot1/CodeSystem-concept-map-equivalence.html#equivalent\" title=\"equivalent\">is equivalent to</a></td><td>b598 (Other specified functions of the digestive, metabolic and endocrine systems)</td></tr><tr><td>HIV.D.DE69 (Diabetes pre-existing type 1)</td><td><a href=\"http://hl7.org/fhir/extensions/5.1.0-snapshot1/CodeSystem-concept-map-equivalence.html#equivalent\" title=\"equivalent\">is equivalent to</a></td><td>b598 (Other specified functions of the digestive, metabolic and endocrine systems)</td></tr><tr><td>HIV.D.DE70 (Diabetes pre-existing type 2)</td><td><a href=\"http://hl7.org/fhir/extensions/5.1.0-snapshot1/CodeSystem-concept-map-equivalence.html#equivalent\" title=\"equivalent\">is equivalent to</a></td><td>b598 (Other specified functions of the digestive, metabolic and endocrine systems)</td></tr><tr><td>HIV.D.DE71 (Hypertension)</td><td><a href=\"http://hl7.org/fhir/extensions/5.1.0-snapshot1/CodeSystem-concept-map-equivalence.html#equivalent\" title=\"equivalent\">is equivalent to</a></td><td>b4200.9 (Increased blood pressure)</td></tr><tr><td>HIV.D.DE243 (Manage pain and symptoms)</td><td><a href=\"http://hl7.org/fhir/extensions/5.1.0-snapshot1/CodeSystem-concept-map-equivalence.html#equivalent\" title=\"equivalent\">is equivalent to</a></td><td>b2800.9 (Generalized pain)</td></tr><tr><td>HIV.D.DE244 (Conduct a nutritional assessment and counsel on nutrition)</td><td><a href=\"http://hl7.org/fhir/extensions/5.1.0-snapshot1/CodeSystem-concept-map-equivalence.html#equivalent\" title=\"equivalent\">is equivalent to</a></td><td>d5701.9 (Managing diet and fitness)</td></tr><tr><td>HIV.D.DE246 (Provide support on infant and child feeding)</td><td><a href=\"http://hl7.org/fhir/extensions/5.1.0-snapshot1/CodeSystem-concept-map-equivalence.html#equivalent\" title=\"equivalent\">is equivalent to</a></td><td>d550.9 (Eating)</td></tr><tr><td>HIV.D.DE262 (Cough)</td><td><a href=\"http://hl7.org/fhir/extensions/5.1.0-snapshot1/CodeSystem-concept-map-equivalence.html#equivalent\" title=\"equivalent\">is equivalent to</a></td><td>b4501.9 (Functions of coughing)</td></tr><tr><td>HIV.D.DE263 (Prolonged fever)</td><td><a href=\"http://hl7.org/fhir/extensions/5.1.0-snapshot1/CodeSystem-concept-map-equivalence.html#equivalent\" title=\"equivalent\">is equivalent to</a></td><td>b5500.9 (Body temperature)</td></tr><tr><td>HIV.D.DE264 (Night sweats)</td><td><a href=\"http://hl7.org/fhir/extensions/5.1.0-snapshot1/CodeSystem-concept-map-equivalence.html#equivalent\" title=\"equivalent\">is equivalent to</a></td><td>b830.9 (Other functions of the skin)</td></tr><tr><td>HIV.D.DE265 (Weight loss)</td><td><a href=\"http://hl7.org/fhir/extensions/5.1.0-snapshot1/CodeSystem-concept-map-equivalence.html#equivalent\" title=\"equivalent\">is equivalent to</a></td><td>b530.9 (Weight maintenance functions)</td></tr><tr><td>HIV.D.DE266 (Difficulty breathing)</td><td><a href=\"http://hl7.org/fhir/extensions/5.1.0-snapshot1/CodeSystem-concept-map-equivalence.html#equivalent\" title=\"equivalent\">is equivalent to</a></td><td>b4451 (Functions of the diaphragm)</td></tr><tr><td>HIV.D.DE277 (Hypertension)</td><td><a href=\"http://hl7.org/fhir/extensions/5.1.0-snapshot1/CodeSystem-concept-map-equivalence.html#equivalent\" title=\"equivalent\">is equivalent to</a></td><td>b4200.9 (Increased blood pressure)</td></tr><tr><td>HIV.D.DE278 (Diabetes)</td><td><a href=\"http://hl7.org/fhir/extensions/5.1.0-snapshot1/CodeSystem-concept-map-equivalence.html#equivalent\" title=\"equivalent\">is equivalent to</a></td><td>b598 (Other specified functions of the digestive, metabolic and endocrine systems)</td></tr><tr><td>HIV.D.DE279 (Gestational diabetes)</td><td><a href=\"http://hl7.org/fhir/extensions/5.1.0-snapshot1/CodeSystem-concept-map-equivalence.html#equivalent\" title=\"equivalent\">is equivalent to</a></td><td>b598 (Other specified functions of the digestive, metabolic and endocrine systems)</td></tr><tr><td>HIV.D.DE281 (Diarrhoea or abdominal pain)</td><td><a href=\"http://hl7.org/fhir/extensions/5.1.0-snapshot1/CodeSystem-concept-map-equivalence.html#equivalent\" title=\"equivalent\">is equivalent to</a></td><td>b5251.9 (Faecal consistency)</td></tr><tr><td>HIV.D.DE292 (Moderate unexplained weight loss)</td><td><a href=\"http://hl7.org/fhir/extensions/5.1.0-snapshot1/CodeSystem-concept-map-equivalence.html#equivalent\" title=\"equivalent\">is equivalent to</a></td><td>b530.9 (Weight maintenance functions)</td></tr><tr><td>HIV.D.DE305 (Unexplained severe weight loss in adults)</td><td><a href=\"http://hl7.org/fhir/extensions/5.1.0-snapshot1/CodeSystem-concept-map-equivalence.html#equivalent\" title=\"equivalent\">is equivalent to</a></td><td>b530.9 (Weight maintenance functions)</td></tr><tr><td>HIV.D.DE307 (Unexplained chronic diarrhoea for longer than 1 month)</td><td><a href=\"http://hl7.org/fhir/extensions/5.1.0-snapshot1/CodeSystem-concept-map-equivalence.html#equivalent\" title=\"equivalent\">is equivalent to</a></td><td>b5251.9 (Faecal consistency)</td></tr><tr><td>HIV.D.DE308 (Unexplained persistent diarrhoea (14 days or more))</td><td><a href=\"http://hl7.org/fhir/extensions/5.1.0-snapshot1/CodeSystem-concept-map-equivalence.html#equivalent\" title=\"equivalent\">is equivalent to</a></td><td>b5251.9 (Faecal consistency)</td></tr><tr><td>HIV.D.DE309 (Unexplained persistent fever (above 37.5 C, intermittent or constant, for longer than one 1 month))</td><td><a href=\"http://hl7.org/fhir/extensions/5.1.0-snapshot1/CodeSystem-concept-map-equivalence.html#equivalent\" title=\"equivalent\">is equivalent to</a></td><td>b5500.9 (Body temperature)</td></tr><tr><td>HIV.D.DE421 (Pregnancy)</td><td><a href=\"http://hl7.org/fhir/extensions/5.1.0-snapshot1/CodeSystem-concept-map-equivalence.html#equivalent\" title=\"equivalent\">is equivalent to</a></td><td>b6601.9 (Functions related to pregnancy)</td></tr><tr><td>HIV.D.DE432 (Immunological failure)</td><td><a href=\"http://hl7.org/fhir/extensions/5.1.0-snapshot1/CodeSystem-concept-map-equivalence.html#equivalent\" title=\"equivalent\">is equivalent to</a></td><td>b4359 (Immunological system functions, unspecified)</td></tr><tr><td>HIV.D.DE467 (Gastrointestinal)</td><td><a href=\"http://hl7.org/fhir/extensions/5.1.0-snapshot1/CodeSystem-concept-map-equivalence.html#equivalent\" title=\"equivalent\">is equivalent to</a></td><td>b5159.9 (Digestive functions, unspecified)</td></tr><tr><td>HIV.D.DE468 (Skin issues)</td><td><a href=\"http://hl7.org/fhir/extensions/5.1.0-snapshot1/CodeSystem-concept-map-equivalence.html#equivalent\" title=\"equivalent\">is equivalent to</a></td><td>b849.9 (Functions of the skin, other specified and unspecified)</td></tr><tr><td>HIV.D.DE469 (Peripheral neuropathy)</td><td><a href=\"http://hl7.org/fhir/extensions/5.1.0-snapshot1/CodeSystem-concept-map-equivalence.html#equivalent\" title=\"equivalent\">is equivalent to</a></td><td>b299.9 (Sensory functions and pain, unspecified)</td></tr><tr><td>HIV.D.DE470 (Central nervous system symptoms)</td><td><a href=\"http://hl7.org/fhir/extensions/5.1.0-snapshot1/CodeSystem-concept-map-equivalence.html#equivalent\" title=\"equivalent\">is equivalent to</a></td><td>b299.9 (Sensory functions and pain, unspecified)</td></tr><tr><td>HIV.D.DE472 (Hepatic dysfunction)</td><td><a href=\"http://hl7.org/fhir/extensions/5.1.0-snapshot1/CodeSystem-concept-map-equivalence.html#equivalent\" title=\"equivalent\">is equivalent to</a></td><td>b5159.9 (Digestive functions, unspecified)</td></tr><tr><td>HIV.D.DE473 (Haematological disorders)</td><td><a href=\"http://hl7.org/fhir/extensions/5.1.0-snapshot1/CodeSystem-concept-map-equivalence.html#equivalent\" title=\"equivalent\">is equivalent to</a></td><td>b4309.9 (Haematological system functions, unspecified)</td></tr><tr><td>HIV.D.DE474 (Fatigue)</td><td><a href=\"http://hl7.org/fhir/extensions/5.1.0-snapshot1/CodeSystem-concept-map-equivalence.html#equivalent\" title=\"equivalent\">is equivalent to</a></td><td>b4552.9 (Fatiguability)</td></tr><tr><td>HIV.D.DE475 (Headache)</td><td><a href=\"http://hl7.org/fhir/extensions/5.1.0-snapshot1/CodeSystem-concept-map-equivalence.html#equivalent\" title=\"equivalent\">is equivalent to</a></td><td>b28010.9 (Pain in head and neck)</td></tr><tr><td>HIV.D.DE476 (Bone dysfunction)</td><td><a href=\"http://hl7.org/fhir/extensions/5.1.0-snapshot1/CodeSystem-concept-map-equivalence.html#equivalent\" title=\"equivalent\">is equivalent to</a></td><td>b729.9 (Functions of the joints and bones, other specified and unspecified)</td></tr><tr><td>HIV.D.DE477 (Metabolic symptoms)</td><td><a href=\"http://hl7.org/fhir/extensions/5.1.0-snapshot1/CodeSystem-concept-map-equivalence.html#equivalent\" title=\"equivalent\">is equivalent to</a></td><td>b5409.9 (General metabolic functions, unspecified)</td></tr><tr><td>HIV.D.DE478 (Kidney dysfunction)</td><td><a href=\"http://hl7.org/fhir/extensions/5.1.0-snapshot1/CodeSystem-concept-map-equivalence.html#equivalent\" title=\"equivalent\">is equivalent to</a></td><td>b639.9 (Urinary functions, other specified and unspecified)</td></tr><tr><td>HIV.D.DE898 (Working, able to perform usual work inside and outside the home)</td><td><a href=\"http://hl7.org/fhir/extensions/5.1.0-snapshot1/CodeSystem-concept-map-equivalence.html#equivalent\" title=\"equivalent\">is equivalent to</a></td><td>d8451.9 (Maintaining a job)</td></tr><tr><td>HIV.D.DE899 (Ambulatory, able to perform activity of daily living (ADL), not able to work)</td><td><a href=\"http://hl7.org/fhir/extensions/5.1.0-snapshot1/CodeSystem-concept-map-equivalence.html#equivalent\" title=\"equivalent\">is equivalent to</a></td><td>d599 (Self-care, unspecified)</td></tr><tr><td>HIV.D.DE974 (Current cough)</td><td><a href=\"http://hl7.org/fhir/extensions/5.1.0-snapshot1/CodeSystem-concept-map-equivalence.html#equivalent\" title=\"equivalent\">is equivalent to</a></td><td>b4501.9 (Functions of coughing)</td></tr><tr><td>HIV.D.DE975 (Prolonged cough (&gt;=2w))</td><td><a href=\"http://hl7.org/fhir/extensions/5.1.0-snapshot1/CodeSystem-concept-map-equivalence.html#equivalent\" title=\"equivalent\">is equivalent to</a></td><td>b4501.9 (Functions of coughing)</td></tr><tr><td>HIV.D.DE976 (Fever of 39 °C or greater)</td><td><a href=\"http://hl7.org/fhir/extensions/5.1.0-snapshot1/CodeSystem-concept-map-equivalence.html#equivalent\" title=\"equivalent\">is equivalent to</a></td><td>b5501.9 (Maintenance of body temperature)</td></tr><tr><td>HIV.D.DE977 (Weight loss (reported))</td><td><a href=\"http://hl7.org/fhir/extensions/5.1.0-snapshot1/CodeSystem-concept-map-equivalence.html#equivalent\" title=\"equivalent\">is equivalent to</a></td><td>b530.9 (Weight maintenance functions)</td></tr><tr><td>HIV.D.DE978 (Night sweats)</td><td><a href=\"http://hl7.org/fhir/extensions/5.1.0-snapshot1/CodeSystem-concept-map-equivalence.html#equivalent\" title=\"equivalent\">is equivalent to</a></td><td>b830 (Other functions of the skin)</td></tr><tr><td>HIV.D.DE979 (Poor weight gain)</td><td><a href=\"http://hl7.org/fhir/extensions/5.1.0-snapshot1/CodeSystem-concept-map-equivalence.html#equivalent\" title=\"equivalent\">is equivalent to</a></td><td>b530.9 (Weight maintenance functions)</td></tr><tr><td>HIV.D.DE981 (Chest pain)</td><td><a href=\"http://hl7.org/fhir/extensions/5.1.0-snapshot1/CodeSystem-concept-map-equivalence.html#equivalent\" title=\"equivalent\">is equivalent to</a></td><td>b28011.9 (Pain in chest)</td></tr><tr><td>HIV.D.DE983 (Lethargy)</td><td><a href=\"http://hl7.org/fhir/extensions/5.1.0-snapshot1/CodeSystem-concept-map-equivalence.html#equivalent\" title=\"equivalent\">is equivalent to</a></td><td>b1300.9 (Energy level)</td></tr></table></div>"},"url":"http://fhir.org/guides/itech-uw/ConceptMap/ICF","version":"0.3.0","name":"ICF","title":"ICF","status":"draft","experimental":false,"date":"2024-05-15T17:51:55+00:00","publisher":"World Health Organization (WHO) ","contact":[{"telecom":[{"system":"url","value":"https://www.who.int"}]}],"description":"Concept mapping from content extended codes to ICF","jurisdiction":[{"coding":[{"system":"http://unstats.un.org/unsd/methods/m49/m49.htm","code":"001"}]}],"group":[{"source":"http://fhir.org/guides/itech-uw/who-smart-hiv-dak/CodeSystem/concept-codes","target":"http://hl7.org/fhir/sid/icf-nl","element":[{"code":"HIV.A.DE47","display":"Text message/SMS","target":[{"modifierExtension":[{"url":"http://hl7.org/fhir/1.0/StructureDefinition/extension-ConceptMap.element.target.equivalence","valueCode":"equivalent"}],"code":"d3600.9 Using telecommunication devices","display":"Using telecommunication devices","equivalence":"equivalent"}]},{"code":"HIV.A.DE48","display":"Voice call","target":[{"modifierExtension":[{"url":"http://hl7.org/fhir/1.0/StructureDefinition/extension-ConceptMap.element.target.equivalence","valueCode":"equivalent"}],"code":"d3600.9 Using telecommunication devices","display":"Using telecommunication devices","equivalence":"equivalent"}]},{"code":"HIV.A.DE49","display":"Client's email","target":[{"modifierExtension":[{"url":"http://hl7.org/fhir/1.0/StructureDefinition/extension-ConceptMap.element.target.equivalence","valueCode":"equivalent"}],"code":"d325.9","display":"Communicating with - receiving - written messages","equivalence":"equivalent"}]},{"code":"HIV.B.DE6","display":"Partner or contact of an index case","target":[{"modifierExtension":[{"url":"http://hl7.org/fhir/1.0/StructureDefinition/extension-ConceptMap.element.target.equivalence","valueCode":"equivalent"}],"code":"d7709.9","display":"Parent Foundation URI : http://id.who.int/icd/entity/680339969","equivalence":"equivalent"}]},{"code":"HIV.B.DE7","display":"Partner or contact of an HIV testing client (non-index case)","target":[{"modifierExtension":[{"url":"http://hl7.org/fhir/1.0/StructureDefinition/extension-ConceptMap.element.target.equivalence","valueCode":"equivalent"}],"code":"d7709.9","display":"Parent Foundation URI : http://id.who.int/icd/entity/680339969","equivalence":"equivalent"}]},{"code":"HIV.C.DE47","display":"Fever","target":[{"modifierExtension":[{"url":"http://hl7.org/fhir/1.0/StructureDefinition/extension-ConceptMap.element.target.equivalence","valueCode":"equivalent"}],"code":"b5500.9","display":"Body temperature","equivalence":"equivalent"}]},{"code":"HIV.C.DE48","display":"Sore throat","target":[{"modifierExtension":[{"url":"http://hl7.org/fhir/1.0/StructureDefinition/extension-ConceptMap.element.target.equivalence","valueCode":"equivalent"}],"code":"b28010.9","display":"Pain in head and neck","equivalence":"equivalent"}]},{"code":"HIV.C.DE49","display":"Aches","target":[{"modifierExtension":[{"url":"http://hl7.org/fhir/1.0/StructureDefinition/extension-ConceptMap.element.target.equivalence","valueCode":"equivalent"}],"code":"b2800.9","display":"Generalized pain","equivalence":"equivalent"}]},{"code":"HIV.C.DE50","display":"Pains","target":[{"modifierExtension":[{"url":"http://hl7.org/fhir/1.0/StructureDefinition/extension-ConceptMap.element.target.equivalence","valueCode":"equivalent"}],"code":"b2800.9","display":"Generalized pain","equivalence":"equivalent"}]},{"code":"HIV.C.DE51","display":"Swollen glands","target":[{"modifierExtension":[{"url":"http://hl7.org/fhir/1.0/StructureDefinition/extension-ConceptMap.element.target.equivalence","valueCode":"equivalent"}],"code":"b4353.9","display":"Functions of lymph nodes","equivalence":"equivalent"}]},{"code":"HIV.C.DE53","display":"Headaches","target":[{"modifierExtension":[{"url":"http://hl7.org/fhir/1.0/StructureDefinition/extension-ConceptMap.element.target.equivalence","valueCode":"equivalent"}],"code":"b28010.9","display":"Pain in head and neck","equivalence":"equivalent"}]},{"code":"HIV.C.DE113","display":"Tenofovir disoproxil fumarate (TDF) allergy or contraindication","target":[{"modifierExtension":[{"url":"http://hl7.org/fhir/1.0/StructureDefinition/extension-ConceptMap.element.target.equivalence","valueCode":"equivalent"}],"code":"b43500.9","display":"Specific immune response","equivalence":"equivalent"}]},{"code":"HIV.C.DE115","display":"Low estimated creatinine clearance","target":[{"modifierExtension":[{"url":"http://hl7.org/fhir/1.0/StructureDefinition/extension-ConceptMap.element.target.equivalence","valueCode":"equivalent"}],"code":"b6108.9","display":"Other specified urinary excretory functions","equivalence":"equivalent"}]},{"code":"HIV.C.DE118","display":"Other allergy or contraindication to a medicine in the PrEP regimen","target":[{"modifierExtension":[{"url":"http://hl7.org/fhir/1.0/StructureDefinition/extension-ConceptMap.element.target.equivalence","valueCode":"equivalent"}],"code":"b43500.9","display":"Specific immune response","equivalence":"equivalent"}]},{"code":"HIV.C.DE119","display":"Other allergy or contraindication to a medicine in the PrEP regimen (specify)","target":[{"modifierExtension":[{"url":"http://hl7.org/fhir/1.0/StructureDefinition/extension-ConceptMap.element.target.equivalence","valueCode":"equivalent"}],"code":"b43500.9","display":"Specific immune response","equivalence":"equivalent"}]},{"code":"HIV.D.DE9","display":"Body temperature","target":[{"modifierExtension":[{"url":"http://hl7.org/fhir/1.0/StructureDefinition/extension-ConceptMap.element.target.equivalence","valueCode":"equivalent"}],"code":"b5500.9","display":"Body temperature","equivalence":"equivalent"}]},{"code":"HIV.D.DE10","display":"Respiratory rate","target":[{"modifierExtension":[{"url":"http://hl7.org/fhir/1.0/StructureDefinition/extension-ConceptMap.element.target.equivalence","valueCode":"equivalent"}],"code":"b4400.9","display":"Respiration rate","equivalence":"equivalent"}]},{"code":"HIV.D.DE11","display":"Heart rate","target":[{"modifierExtension":[{"url":"http://hl7.org/fhir/1.0/StructureDefinition/extension-ConceptMap.element.target.equivalence","valueCode":"equivalent"}],"code":"b4100.9","display":"Heart rate","equivalence":"equivalent"}]},{"code":"HIV.D.DE14","display":"Systolic blood pressure","target":[{"modifierExtension":[{"url":"http://hl7.org/fhir/1.0/StructureDefinition/extension-ConceptMap.element.target.equivalence","valueCode":"equivalent"}],"code":"b4202.9","display":"Maintenance of blood pressure","equivalence":"equivalent"}]},{"code":"HIV.D.DE15","display":"Diastolic blood pressure","target":[{"modifierExtension":[{"url":"http://hl7.org/fhir/1.0/StructureDefinition/extension-ConceptMap.element.target.equivalence","valueCode":"equivalent"}],"code":"b4202.9","display":"Maintenance of blood pressure","equivalence":"equivalent"}]},{"code":"HIV.D.DE19","display":"Tachycardia","target":[{"modifierExtension":[{"url":"http://hl7.org/fhir/1.0/StructureDefinition/extension-ConceptMap.element.target.equivalence","valueCode":"equivalent"}],"code":"b4100.9","display":"Heart rate","equivalence":"equivalent"}]},{"code":"HIV.D.DE20","display":"Tachypnea","target":[{"modifierExtension":[{"url":"http://hl7.org/fhir/1.0/StructureDefinition/extension-ConceptMap.element.target.equivalence","valueCode":"equivalent"}],"code":"b4400.9","display":"Respiration rate","equivalence":"equivalent"}]},{"code":"HIV.D.DE21","display":"Unable to walk unaided","target":[{"modifierExtension":[{"url":"http://hl7.org/fhir/1.0/StructureDefinition/extension-ConceptMap.element.target.equivalence","valueCode":"equivalent"}],"code":"d4509.9","display":"Walking, unspecified","equivalence":"equivalent"}]},{"code":"HIV.D.DE22","display":"Lethargy","target":[{"modifierExtension":[{"url":"http://hl7.org/fhir/1.0/StructureDefinition/extension-ConceptMap.element.target.equivalence","valueCode":"equivalent"}],"code":"b4552.9","display":"Fatiguability","equivalence":"equivalent"}]},{"code":"HIV.D.DE23","display":"Unconsciousness","target":[{"modifierExtension":[{"url":"http://hl7.org/fhir/1.0/StructureDefinition/extension-ConceptMap.element.target.equivalence","valueCode":"equivalent"}],"code":"b1109.9","display":"Consciousness functions, unspecified","equivalence":"equivalent"}]},{"code":"HIV.D.DE25","display":"Unable to drink","target":[{"modifierExtension":[{"url":"http://hl7.org/fhir/1.0/StructureDefinition/extension-ConceptMap.element.target.equivalence","valueCode":"equivalent"}],"code":"d560.9","display":"Drinking","equivalence":"equivalent"}]},{"code":"HIV.D.DE26","display":"Unable to breastfeed","target":[{"modifierExtension":[{"url":"http://hl7.org/fhir/1.0/StructureDefinition/extension-ConceptMap.element.target.equivalence","valueCode":"equivalent"}],"code":"b6603.9","display":"Lactation","equivalence":"equivalent"}]},{"code":"HIV.D.DE27","display":"Repeated vomiting","target":[{"modifierExtension":[{"url":"http://hl7.org/fhir/1.0/StructureDefinition/extension-ConceptMap.element.target.equivalence","valueCode":"equivalent"}],"code":"b51060.9","display":"Vomiting","equivalence":"equivalent"}]},{"code":"HIV.D.DE28","display":"Headache","target":[{"modifierExtension":[{"url":"http://hl7.org/fhir/1.0/StructureDefinition/extension-ConceptMap.element.target.equivalence","valueCode":"equivalent"}],"code":"b28010.9","display":"Pain in head and neck","equivalence":"equivalent"}]},{"code":"HIV.D.DE33","display":"Number of pregnancies (gravida)","target":[{"modifierExtension":[{"url":"http://hl7.org/fhir/1.0/StructureDefinition/extension-ConceptMap.element.target.equivalence","valueCode":"equivalent"}],"code":"b6601.9","display":"Functions related to pregnancy","equivalence":"equivalent"}]},{"code":"HIV.D.DE68","display":"Diabetes other or unspecified","target":[{"modifierExtension":[{"url":"http://hl7.org/fhir/1.0/StructureDefinition/extension-ConceptMap.element.target.equivalence","valueCode":"equivalent"}],"code":"b598","display":"Other specified functions of the digestive, metabolic and endocrine systems","equivalence":"equivalent"}]},{"code":"HIV.D.DE69","display":"Diabetes pre-existing type 1","target":[{"modifierExtension":[{"url":"http://hl7.org/fhir/1.0/StructureDefinition/extension-ConceptMap.element.target.equivalence","valueCode":"equivalent"}],"code":"b598","display":"Other specified functions of the digestive, metabolic and endocrine systems","equivalence":"equivalent"}]},{"code":"HIV.D.DE70","display":"Diabetes pre-existing type 2","target":[{"modifierExtension":[{"url":"http://hl7.org/fhir/1.0/StructureDefinition/extension-ConceptMap.element.target.equivalence","valueCode":"equivalent"}],"code":"b598","display":"Other specified functions of the digestive, metabolic and endocrine systems","equivalence":"equivalent"}]},{"code":"HIV.D.DE71","display":"Hypertension","target":[{"modifierExtension":[{"url":"http://hl7.org/fhir/1.0/StructureDefinition/extension-ConceptMap.element.target.equivalence","valueCode":"equivalent"}],"code":"b4200.9","display":"Increased blood pressure","equivalence":"equivalent"}]},{"code":"HIV.D.DE243","display":"Manage pain and symptoms","target":[{"modifierExtension":[{"url":"http://hl7.org/fhir/1.0/StructureDefinition/extension-ConceptMap.element.target.equivalence","valueCode":"equivalent"}],"code":"b2800.9","display":"Generalized pain","equivalence":"equivalent"}]},{"code":"HIV.D.DE244","display":"Conduct a nutritional assessment and counsel on nutrition","target":[{"modifierExtension":[{"url":"http://hl7.org/fhir/1.0/StructureDefinition/extension-ConceptMap.element.target.equivalence","valueCode":"equivalent"}],"code":"d5701.9","display":"Managing diet and fitness","equivalence":"equivalent"}]},{"code":"HIV.D.DE246","display":"Provide support on infant and child feeding","target":[{"modifierExtension":[{"url":"http://hl7.org/fhir/1.0/StructureDefinition/extension-ConceptMap.element.target.equivalence","valueCode":"equivalent"}],"code":"d550.9","display":"Eating","equivalence":"equivalent"}]},{"code":"HIV.D.DE262","display":"Cough","target":[{"modifierExtension":[{"url":"http://hl7.org/fhir/1.0/StructureDefinition/extension-ConceptMap.element.target.equivalence","valueCode":"equivalent"}],"code":"b4501.9","display":"Functions of coughing","equivalence":"equivalent"}]},{"code":"HIV.D.DE263","display":"Prolonged fever","target":[{"modifierExtension":[{"url":"http://hl7.org/fhir/1.0/StructureDefinition/extension-ConceptMap.element.target.equivalence","valueCode":"equivalent"}],"code":"b5500.9","display":"Body temperature","equivalence":"equivalent"}]},{"code":"HIV.D.DE264","display":"Night sweats","target":[{"modifierExtension":[{"url":"http://hl7.org/fhir/1.0/StructureDefinition/extension-ConceptMap.element.target.equivalence","valueCode":"equivalent"}],"code":"b830.9","display":"Other functions of the skin","equivalence":"equivalent"}]},{"code":"HIV.D.DE265","display":"Weight loss","target":[{"modifierExtension":[{"url":"http://hl7.org/fhir/1.0/StructureDefinition/extension-ConceptMap.element.target.equivalence","valueCode":"equivalent"}],"code":"b530.9","display":"Weight maintenance functions","equivalence":"equivalent"}]},{"code":"HIV.D.DE266","display":"Difficulty breathing","target":[{"modifierExtension":[{"url":"http://hl7.org/fhir/1.0/StructureDefinition/extension-ConceptMap.element.target.equivalence","valueCode":"equivalent"}],"code":"b4451","display":"Functions of the diaphragm","equivalence":"equivalent"}]},{"code":"HIV.D.DE277","display":"Hypertension","target":[{"modifierExtension":[{"url":"http://hl7.org/fhir/1.0/StructureDefinition/extension-ConceptMap.element.target.equivalence","valueCode":"equivalent"}],"code":"b4200.9","display":"Increased blood pressure","equivalence":"equivalent"}]},{"code":"HIV.D.DE278","display":"Diabetes","target":[{"modifierExtension":[{"url":"http://hl7.org/fhir/1.0/StructureDefinition/extension-ConceptMap.element.target.equivalence","valueCode":"equivalent"}],"code":"b598","display":"Other specified functions of the digestive, metabolic and endocrine systems","equivalence":"equivalent"}]},{"code":"HIV.D.DE279","display":"Gestational diabetes","target":[{"modifierExtension":[{"url":"http://hl7.org/fhir/1.0/StructureDefinition/extension-ConceptMap.element.target.equivalence","valueCode":"equivalent"}],"code":"b598","display":"Other specified functions of the digestive, metabolic and endocrine systems","equivalence":"equivalent"}]},{"code":"HIV.D.DE281","display":"Diarrhoea or abdominal pain","target":[{"modifierExtension":[{"url":"http://hl7.org/fhir/1.0/StructureDefinition/extension-ConceptMap.element.target.equivalence","valueCode":"equivalent"}],"code":"b5251.9","display":"Faecal consistency","equivalence":"equivalent"}]},{"code":"HIV.D.DE292","display":"Moderate unexplained weight loss","target":[{"modifierExtension":[{"url":"http://hl7.org/fhir/1.0/StructureDefinition/extension-ConceptMap.element.target.equivalence","valueCode":"equivalent"}],"code":"b530.9","display":"Weight maintenance functions","equivalence":"equivalent"}]},{"code":"HIV.D.DE305","display":"Unexplained severe weight loss in adults","target":[{"modifierExtension":[{"url":"http://hl7.org/fhir/1.0/StructureDefinition/extension-ConceptMap.element.target.equivalence","valueCode":"equivalent"}],"code":"b530.9","display":"Weight maintenance functions","equivalence":"equivalent"}]},{"code":"HIV.D.DE307","display":"Unexplained chronic diarrhoea for longer than 1 month","target":[{"modifierExtension":[{"url":"http://hl7.org/fhir/1.0/StructureDefinition/extension-ConceptMap.element.target.equivalence","valueCode":"equivalent"}],"code":"b5251.9","display":"Faecal consistency","equivalence":"equivalent"}]},{"code":"HIV.D.DE308","display":"Unexplained persistent diarrhoea (14 days or more)","target":[{"modifierExtension":[{"url":"http://hl7.org/fhir/1.0/StructureDefinition/extension-ConceptMap.element.target.equivalence","valueCode":"equivalent"}],"code":"b5251.9","display":"Faecal consistency","equivalence":"equivalent"}]},{"code":"HIV.D.DE309","display":"Unexplained persistent fever (above 37.5 C, intermittent or constant, for longer than one 1 month)","target":[{"modifierExtension":[{"url":"http://hl7.org/fhir/1.0/StructureDefinition/extension-ConceptMap.element.target.equivalence","valueCode":"equivalent"}],"code":"b5500.9","display":"Body temperature","equivalence":"equivalent"}]},{"code":"HIV.D.DE421","display":"Pregnancy","target":[{"modifierExtension":[{"url":"http://hl7.org/fhir/1.0/StructureDefinition/extension-ConceptMap.element.target.equivalence","valueCode":"equivalent"}],"code":"b6601.9","display":"Functions related to pregnancy","equivalence":"equivalent"}]},{"code":"HIV.D.DE432","display":"Immunological failure","target":[{"modifierExtension":[{"url":"http://hl7.org/fhir/1.0/StructureDefinition/extension-ConceptMap.element.target.equivalence","valueCode":"equivalent"}],"code":"b4359","display":"Immunological system functions, unspecified","equivalence":"equivalent"}]},{"code":"HIV.D.DE467","display":"Gastrointestinal","target":[{"modifierExtension":[{"url":"http://hl7.org/fhir/1.0/StructureDefinition/extension-ConceptMap.element.target.equivalence","valueCode":"equivalent"}],"code":"b5159.9","display":"Digestive functions, unspecified","equivalence":"equivalent"}]},{"code":"HIV.D.DE468","display":"Skin issues","target":[{"modifierExtension":[{"url":"http://hl7.org/fhir/1.0/StructureDefinition/extension-ConceptMap.element.target.equivalence","valueCode":"equivalent"}],"code":"b849.9","display":"Functions of the skin, other specified and unspecified","equivalence":"equivalent"}]},{"code":"HIV.D.DE469","display":"Peripheral neuropathy","target":[{"modifierExtension":[{"url":"http://hl7.org/fhir/1.0/StructureDefinition/extension-ConceptMap.element.target.equivalence","valueCode":"equivalent"}],"code":"b299.9","display":"Sensory functions and pain, unspecified","equivalence":"equivalent"}]},{"code":"HIV.D.DE470","display":"Central nervous system symptoms","target":[{"modifierExtension":[{"url":"http://hl7.org/fhir/1.0/StructureDefinition/extension-ConceptMap.element.target.equivalence","valueCode":"equivalent"}],"code":"b299.9","display":"Sensory functions and pain, unspecified","equivalence":"equivalent"}]},{"code":"HIV.D.DE472","display":"Hepatic dysfunction","target":[{"modifierExtension":[{"url":"http://hl7.org/fhir/1.0/StructureDefinition/extension-ConceptMap.element.target.equivalence","valueCode":"equivalent"}],"code":"b5159.9","display":"Digestive functions, unspecified","equivalence":"equivalent"}]},{"code":"HIV.D.DE473","display":"Haematological disorders","target":[{"modifierExtension":[{"url":"http://hl7.org/fhir/1.0/StructureDefinition/extension-ConceptMap.element.target.equivalence","valueCode":"equivalent"}],"code":"b4309.9","display":"Haematological system functions, unspecified","equivalence":"equivalent"}]},{"code":"HIV.D.DE474","display":"Fatigue","target":[{"modifierExtension":[{"url":"http://hl7.org/fhir/1.0/StructureDefinition/extension-ConceptMap.element.target.equivalence","valueCode":"equivalent"}],"code":"b4552.9","display":"Fatiguability","equivalence":"equivalent"}]},{"code":"HIV.D.DE475","display":"Headache","target":[{"modifierExtension":[{"url":"http://hl7.org/fhir/1.0/StructureDefinition/extension-ConceptMap.element.target.equivalence","valueCode":"equivalent"}],"code":"b28010.9","display":"Pain in head and neck","equivalence":"equivalent"}]},{"code":"HIV.D.DE476","display":"Bone dysfunction","target":[{"modifierExtension":[{"url":"http://hl7.org/fhir/1.0/StructureDefinition/extension-ConceptMap.element.target.equivalence","valueCode":"equivalent"}],"code":"b729.9","display":"Functions of the joints and bones, other specified and unspecified","equivalence":"equivalent"}]},{"code":"HIV.D.DE477","display":"Metabolic symptoms","target":[{"modifierExtension":[{"url":"http://hl7.org/fhir/1.0/StructureDefinition/extension-ConceptMap.element.target.equivalence","valueCode":"equivalent"}],"code":"b5409.9","display":"General metabolic functions, unspecified","equivalence":"equivalent"}]},{"code":"HIV.D.DE478","display":"Kidney dysfunction","target":[{"modifierExtension":[{"url":"http://hl7.org/fhir/1.0/StructureDefinition/extension-ConceptMap.element.target.equivalence","valueCode":"equivalent"}],"code":"b639.9","display":"Urinary functions, other specified and unspecified","equivalence":"equivalent"}]},{"code":"HIV.D.DE898","display":"Working, able to perform usual work inside and outside the home","target":[{"modifierExtension":[{"url":"http://hl7.org/fhir/1.0/StructureDefinition/extension-ConceptMap.element.target.equivalence","valueCode":"equivalent"}],"code":"d8451.9","display":"Maintaining a job","equivalence":"equivalent"}]},{"code":"HIV.D.DE899","display":"Ambulatory, able to perform activity of daily living (ADL), not able to work","target":[{"modifierExtension":[{"url":"http://hl7.org/fhir/1.0/StructureDefinition/extension-ConceptMap.element.target.equivalence","valueCode":"equivalent"}],"code":"d599","display":"Self-care, unspecified","equivalence":"equivalent"}]},{"code":"HIV.D.DE974","display":"Current cough","target":[{"modifierExtension":[{"url":"http://hl7.org/fhir/1.0/StructureDefinition/extension-ConceptMap.element.target.equivalence","valueCode":"equivalent"}],"code":"b4501.9","display":"Functions of coughing","equivalence":"equivalent"}]},{"code":"HIV.D.DE975","display":"Prolonged cough (>=2w)","target":[{"modifierExtension":[{"url":"http://hl7.org/fhir/1.0/StructureDefinition/extension-ConceptMap.element.target.equivalence","valueCode":"equivalent"}],"code":"b4501.9","display":"Functions of coughing","equivalence":"equivalent"}]},{"code":"HIV.D.DE976","display":"Fever of 39 °C or greater","target":[{"modifierExtension":[{"url":"http://hl7.org/fhir/1.0/StructureDefinition/extension-ConceptMap.element.target.equivalence","valueCode":"equivalent"}],"code":"b5501.9","display":"Maintenance of body temperature","equivalence":"equivalent"}]},{"code":"HIV.D.DE977","display":"Weight loss (reported)","target":[{"modifierExtension":[{"url":"http://hl7.org/fhir/1.0/StructureDefinition/extension-ConceptMap.element.target.equivalence","valueCode":"equivalent"}],"code":"b530.9","display":"Weight maintenance functions","equivalence":"equivalent"}]},{"code":"HIV.D.DE978","display":"Night sweats","target":[{"modifierExtension":[{"url":"http://hl7.org/fhir/1.0/StructureDefinition/extension-ConceptMap.element.target.equivalence","valueCode":"equivalent"}],"code":"b830","display":"Other functions of the skin","equivalence":"equivalent"}]},{"code":"HIV.D.DE979","display":"Poor weight gain","target":[{"modifierExtension":[{"url":"http://hl7.org/fhir/1.0/StructureDefinition/extension-ConceptMap.element.target.equivalence","valueCode":"equivalent"}],"code":"b530.9","display":"Weight maintenance functions","equivalence":"equivalent"}]},{"code":"HIV.D.DE981","display":"Chest pain","target":[{"modifierExtension":[{"url":"http://hl7.org/fhir/1.0/StructureDefinition/extension-ConceptMap.element.target.equivalence","valueCode":"equivalent"}],"code":"b28011.9","display":"Pain in chest","equivalence":"equivalent"}]},{"code":"HIV.D.DE983","display":"Lethargy","target":[{"modifierExtension":[{"url":"http://hl7.org/fhir/1.0/StructureDefinition/extension-ConceptMap.element.target.equivalence","valueCode":"equivalent"}],"code":"b1300.9","display":"Energy level","equivalence":"equivalent"}]}]}]}