{"resourceType":"PlanDefinition","id":"HIVC23DT","url":"http://fhir.org/guides/who/anc-cds/PlanDefinition/HIVC23DT","identifier":[{"use":"official","value":"HIV.C23.DT"}],"version":"0.3.0","name":"HIVC23DT","title":"HIV.C23.DT","type":{"coding":[{"system":"http://terminology.hl7.org/CodeSystem/plan-definition-type","code":"eca-rule"}]},"status":"active","experimental":false,"date":"2024-03-26T13:56:58+03:00","publisher":"World Health Organization (WHO) ","contact":[{"telecom":[{"system":"url","value":"https://www.who.int"}]}],"description":"Determine PEP or PrEP regimen","useContext":[{"code":{"system":"http://terminology.hl7.org/CodeSystem/usage-context-type","code":"task","display":"Workflow Task"},"valueCodeableConcept":{"coding":[{"system":"http://fhir.org/guides/who/anc-cds/CodeSystem/activity-codes","code":"HIV.C23","display":"Prescribe or administer PrEP or PEP"}]}}],"jurisdiction":[{"coding":[{"system":"http://unstats.un.org/unsd/methods/m49/m49.htm","code":"001"}]}],"library":["http://fhir.org/guides/who/anc-cds/Library/HIVC23DT"],"action":[{"title":"HIV.C23.DT","trigger":[{"type":"named-event","name":"HIV.C23 Prescribe or administer PrEP or PEP"}]}]}