{"resourceType":"PlanDefinition","id":"HIVD211DT","url":"http://fhir.org/guides/who/anc-cds/PlanDefinition/HIVD211DT","identifier":[{"use":"official","value":"HIV.D21.1.DT"}],"version":"0.3.0","name":"HIVD211DT","title":"HIV.D21.1.DT","type":{"coding":[{"system":"http://terminology.hl7.org/CodeSystem/plan-definition-type","code":"eca-rule"}]},"status":"active","experimental":false,"date":"2024-03-26T13:56:58+03:00","publisher":"World Health Organization (WHO) ","contact":[{"telecom":[{"system":"url","value":"https://www.who.int"}]}],"description":"Determine ART Regimen","useContext":[{"code":{"system":"http://terminology.hl7.org/CodeSystem/usage-context-type","code":"task","display":"Workflow Task"},"valueCodeableConcept":{"coding":[{"system":"http://fhir.org/guides/who/anc-cds/CodeSystem/activity-codes","code":"HIV.D21","display":"Determine regimen and treatment options"}]}}],"jurisdiction":[{"coding":[{"system":"http://unstats.un.org/unsd/methods/m49/m49.htm","code":"001"}]}],"library":["http://fhir.org/guides/who/anc-cds/Library/HIVD211DT"],"action":[{"title":"HIV.D21.1.DT","trigger":[{"type":"named-event","name":"HIV.D21 Determine regimen and treatment options"}]}]}