{"resourceType":"PlanDefinition","id":"HIVB7DT","url":"http://fhir.org/guides/who/anc-cds/PlanDefinition/HIVB7DT","identifier":[{"use":"official","value":"HIV.B7.DT"}],"version":"0.3.0","name":"HIVB7DT","title":"HIV.B7.DT","type":{"coding":[{"system":"http://terminology.hl7.org/CodeSystem/plan-definition-type","code":"eca-rule"}]},"status":"active","experimental":false,"date":"2024-03-26T13:56:57+03:00","publisher":"World Health Organization (WHO) ","contact":[{"telecom":[{"system":"url","value":"https://www.who.int"}]}],"description":"WHO standard testing strategy for HIV-1 diagnosis (among people ≥18 months of age)","useContext":[{"code":{"system":"http://terminology.hl7.org/CodeSystem/usage-context-type","code":"task","display":"Workflow Task"},"valueCodeableConcept":{"coding":[{"system":"http://fhir.org/guides/who/anc-cds/CodeSystem/activity-codes","code":"HIV.B7","display":"Test for HIV using testing algorithm, HIV.C4 Test for HIV using testing algorithm, HIV.D.11 Retest using HIV strategy"}]}}],"jurisdiction":[{"coding":[{"system":"http://unstats.un.org/unsd/methods/m49/m49.htm","code":"001"}]}],"library":["http://fhir.org/guides/who/anc-cds/Library/HIVB7DT"],"action":[{"title":"HIV.B7.DT","trigger":[{"type":"named-event","name":"HIV.B7 Test for HIV using testing algorithm, HIV.C4 Test for HIV using testing algorithm, HIV.D.11 Retest using HIV strategy"}],"action":[{"id":"1","title":"Report as HIV-negative.  Set \"HIV test result\"='HIV-negative'","description":"Report as HIV-negative.  Set \"HIV test result\"='HIV-negative'","documentation":[{"type":"citation","label":"Consolidated Guidelines on HIV Testing Services (2019): \nFig. 8.3. WHO standard testing strategy for HIV-1 diagnosis (among people ≥18 months of age). Fig. 2. WHO universal HIV testing strategy. "}],"condition":[{"kind":"applicability","expression":{"description":"(HIV.B7.DT.01)\n  AND (\"Assay number in testing strategy\"='Assay 1')\n  AND (\"HIV test type\" IN 'Rapid diagnostic test for HIV', 'Enzyme immunoassay for HIV')\n  AND (\"Test result of HIV assay 1\"='Non-reactive')\n  AND (-)\n  AND (-)\n  AND (-)\n  AND (-)\n  AND (-)","language":"text/cql-identifier","expression":"Should Report as HIV-negative.  Set \\\"HIV test result\\\"='HIV-negative'"}}],"action":[{"title":"Report as HIV-negative.  Set \"HIV test result\"='HIV-negative'"},{"title":"Report as HIV-negative.  All individuals are tested on Assay 1 (A1). Anyone with a non-reactive test result (A1−) is reported as HIV-negative."}]},{"id":"2","title":"Continue with performing HIV 'Assay 2'","description":"Continue with performing HIV 'Assay 2'","documentation":[{"type":"citation","label":"Consolidated Guidelines on HIV Testing Services (2019): \nFig. 8.3. WHO standard testing strategy for HIV-1 diagnosis (among people ≥18 months of age). Fig. 2. WHO universal HIV testing strategy. "}],"condition":[{"kind":"applicability","expression":{"description":"(HIV.B7.DT.02)\n  AND (\"Assay number in testing strategy\"='Assay 1')\n  AND (\"HIV test type\" IN 'Rapid diagnostic test for HIV', 'Enzyme immunoassay for HIV')\n  AND (\"Test result of HIV assay 1\"='Reactive')\n  AND (-)\n  AND (-)\n  AND (-)\n  AND (-)\n  AND (-)","language":"text/cql-identifier","expression":"Should Continue with performing HIV 'Assay 2'"}}],"action":[{"title":"Continue with performing HIV 'Assay 2'"},{"title":"Continue with performing HIV 'Assay 2'All individuals are tested on Assay 1 (A1).Individuals who are reactive on Assay 1 (A1+) should then be tested on a separate and distinct Assay 2 (A2)."}]},{"id":"3","title":"Continue with performing HIV 'Assay 1 repeated'","description":"Continue with performing HIV 'Assay 1 repeated'","documentation":[{"type":"citation","label":"Consolidated Guidelines on HIV Testing Services (2019): \nFig. 8.3. WHO standard testing strategy for HIV-1 diagnosis (among people ≥18 months of age). Fig. 2. WHO universal HIV testing strategy. "}],"condition":[{"kind":"applicability","expression":{"description":"(HIV.B7.DT.03)\n  AND (\"Assay number in testing strategy\"='Assay 2')\n  AND (\"HIV test type\" IN 'Rapid diagnostic test for HIV', 'Enzyme immunoassay for HIV')\n  AND (\"Test result of HIV assay 1\"='Reactive')\n  AND (\"Test result of HIV assay 2\"='Non-reactive')\n  AND (-)\n  AND (-)\n  AND (-)\n  AND (-)","language":"text/cql-identifier","expression":"Should Continue with performing HIV 'Assay 1 repeated'"}}],"action":[{"title":"Continue with performing HIV 'Assay 1 repeated'"},{"title":"Continue with performing HIV 'Assay 1 repeated'Individuals who are reactive on Assay 1 but non-reactive on Assay 2 (A1+; A2−) should be repeated on Assay 1. In the event of discrepant test results (A1+; A2−), it is important to repeat Assay 1. Repeating Assay 1 will determine if the individual is repeatedly reactive on the assay that has the highest sensitivity"}]},{"id":"4","title":"Continue with performing HIV 'Assay 3'","description":"Continue with performing HIV 'Assay 3'","documentation":[{"type":"citation","label":"Consolidated Guidelines on HIV Testing Services (2019): \nFig. 8.3. WHO standard testing strategy for HIV-1 diagnosis (among people ≥18 months of age). Fig. 2. WHO universal HIV testing strategy. "}],"condition":[{"kind":"applicability","expression":{"description":"(HIV.B7.DT.04)\n  AND (\"Assay number in testing strategy\"='Assay 2')\n  AND (\"HIV test type\" IN 'Rapid diagnostic test for HIV', 'Enzyme immunoassay for HIV')\n  AND (\"Test result of HIV assay 1\"='Reactive')\n  AND (\"Test result of HIV assay 2\"='Reactive')\n  AND (-)\n  AND (-)\n  AND (-)\n  AND (-)","language":"text/cql-identifier","expression":"Should Continue with performing HIV 'Assay 3'"}}],"action":[{"title":"Continue with performing HIV 'Assay 3'"},{"title":"Continue with performing HIV 'Assay 3'Individuals who are reactive on both Assay 1 and Assay 2 (A1+; A2+) should then be tested on a separate and distinct Assay 3 (A3)."}]},{"id":"5","title":"Report as HIV negative.  Set \"HIV test result\"='HIV-negative'","description":"Report as HIV negative.  Set \"HIV test result\"='HIV-negative'","documentation":[{"type":"citation","label":"Consolidated Guidelines on HIV Testing Services (2019): \nFig. 8.3. WHO standard testing strategy for HIV-1 diagnosis (among people ≥18 months of age). Fig. 2. WHO universal HIV testing strategy. "}],"condition":[{"kind":"applicability","expression":{"description":"(HIV.B7.DT.05)\n  AND (\"Assay number in testing strategy\"='Assay 1 repeated')\n  AND (\"HIV test type\" IN 'Rapid diagnostic test for HIV', 'Enzyme immunoassay for HIV')\n  AND (\"Test result of HIV assay 1\"='Reactive')\n  AND (\"Test result of HIV assay 2\"='Non-reactive')\n  AND (\"Test result of HIV assay 1 repeated\"='Non-reactive')\n  AND (-)\n  AND (-)\n  AND (-)","language":"text/cql-identifier","expression":"Should Report as HIV negative.  Set \\\"HIV test result\\\"='HIV-negative'"}}],"action":[{"title":"Report as HIV negative.  Set \"HIV test result\"='HIV-negative'"},{"title":"Report as HIV negative.  If repeat Assay 1 is non-reactive (A1+; A2−; repeat A1–), the status should be reported as HIV negative."}]},{"id":"6","title":"Report as HIV-inconclusiveSchedule retest date on \"Visit date\" + 14 daysSet \"HIV test result\"='HIV-inconclusive'","description":"Report as HIV-inconclusiveSchedule retest date on \"Visit date\" + 14 daysSet \"HIV test result\"='HIV-inconclusive'","documentation":[{"type":"citation","label":"Consolidated Guidelines on HIV Testing Services (2019): \nFig. 8.3. WHO standard testing strategy for HIV-1 diagnosis (among people ≥18 months of age). Fig. 2. WHO universal HIV testing strategy. "}],"condition":[{"kind":"applicability","expression":{"description":"(HIV.B7.DT.06)\n  AND (\"Assay number in testing strategy\"='Assay 1 repeated')\n  AND (\"HIV test type\" IN 'Rapid diagnostic test for HIV', 'Enzyme immunoassay for HIV')\n  AND (\"Test result of HIV assay 1\"='Reactive')\n  AND (\"Test result of HIV assay 2\"='Non-reactive')\n  AND (\"Test result of HIV assay 1 repeated\"='Reactive')\n  AND (-)\n  AND (-)\n  AND (-)","language":"text/cql-identifier","expression":"Should Report as HIV-inconclusiveSchedule retest date on \\\"Visit date\\\" + 14 daysSet \\\"HIV test result\\\"='HIV-inconclusive'"}}],"action":[{"title":"Report as HIV-inconclusiveSchedule retest date on \"Visit date\" + 14 daysSet \"HIV test result\"='HIV-inconclusive'"},{"title":"Report as HIV-inconclusive; retest in 14 days.  If repeat Assay 1 is reactive (A1+; A2–; repeat A1+), the status should be reported as HIV-inconclusive, and the individual asked to return in 14 days for additional testing."}]},{"id":"7","title":"Report HIV-inconclusiveSchedule retest date on \"Visit date\"+ 14 daysSet \"HIV test result\"='HIV-inconclusive'","description":"Report HIV-inconclusiveSchedule retest date on \"Visit date\"+ 14 daysSet \"HIV test result\"='HIV-inconclusive'","documentation":[{"type":"citation","label":"Consolidated Guidelines on HIV Testing Services (2019): \nFig. 8.3. WHO standard testing strategy for HIV-1 diagnosis (among people ≥18 months of age). Fig. 2. WHO universal HIV testing strategy. "}],"condition":[{"kind":"applicability","expression":{"description":"(HIV.B7.DT.07)\n  AND (\"Assay number in testing strategy\"='Assay 3')\n  AND (\"HIV test type\" IN 'Rapid diagnostic test for HIV', 'Enzyme immunoassay for HIV')\n  AND (\"Test result of HIV assay 1\"='Reactive')\n  AND (\"Test result of HIV assay 2\"='Reactive')\n  AND (-)\n  AND (\"Test result of HIV assay 3\"='Non-reactive')\n  AND (-)\n  AND (-)","language":"text/cql-identifier","expression":"Should Report HIV-inconclusiveSchedule retest date on \\\"Visit date\\\"+ 14 daysSet \\\"HIV test result\\\"='HIV-inconclusive'"}}],"action":[{"title":"Report HIV-inconclusiveSchedule retest date on \"Visit date\"+ 14 daysSet \"HIV test result\"='HIV-inconclusive'"},{"title":"Report HIV-inconclusive; retest in 14 days.  Report HIV-inconclusive if Assay 3 is non-reactive (A1+; A2+; A3−). The individual should be asked to return in 14 days for additional testing."}]},{"id":"8","title":"Report as HIV-positive. Set \"HIV test result\"='HIV-positive'","description":"Report as HIV-positive. Set \"HIV test result\"='HIV-positive'","documentation":[{"type":"citation","label":"Consolidated Guidelines on HIV Testing Services (2019): \nFig. 8.3. WHO standard testing strategy for HIV-1 diagnosis (among people ≥18 months of age). Fig. 2. WHO universal HIV testing strategy. "}],"condition":[{"kind":"applicability","expression":{"description":"(HIV.B7.DT.08)\n  AND (\"Assay number in testing strategy\"='Assay 3')\n  AND (\"HIV test type\" IN 'Rapid diagnostic test for HIV', 'Enzyme immunoassay for HIV')\n  AND (\"Test result of HIV assay 1\"='Reactive')\n  AND (\"Test result of HIV assay 2\"='Reactive')\n  AND (-)\n  AND (\"Test result of HIV assay 3\"='Reactive')\n  AND (-)\n  AND (-)","language":"text/cql-identifier","expression":"Should Report as HIV-positive. Set \\\"HIV test result\\\"='HIV-positive'"}}],"action":[{"title":"Report as HIV-positive. Set \"HIV test result\"='HIV-positive'"},{"title":"Report as HIV-positive. Report as HIV-positive if Assay 3 is reactive (A1+; A2+; A3+)."}]}]}]}