{"resourceType":"ValueSet","id":"hiv-e-de109","text":{"status":"extensions","div":"<div xmlns=\"http://www.w3.org/1999/xhtml\"><ul><li>Include these codes as defined in <a href=\"CodeSystem-concept-codes.html\"><code>http://fhir.org/guides/itech-uw/who-smart-hiv-dak/CodeSystem/concept-codes</code></a><table class=\"none\"><tr><td style=\"white-space:nowrap\"><b>Code</b></td><td><b>Display</b></td><td><b>Definition</b></td></tr><tr><td><a href=\"CodeSystem-concept-codes.html#concept-codes-HIV.46E.46DE109\">HIV.E.DE109</a></td><td>Not exposed</td><td>Infant or child exposure to HIV - Not exposed</td></tr><tr><td><a href=\"CodeSystem-concept-codes.html#concept-codes-HIV.46E.46DE110\">HIV.E.DE110</a></td><td>HIV-exposed</td><td>Infant or child exposure to HIV - HIV-exposed</td></tr><tr><td><a href=\"CodeSystem-concept-codes.html#concept-codes-HIV.46E.46DE111\">HIV.E.DE111</a></td><td>Unknown HIV exposure</td><td>Infant or child exposure to HIV - Unknown HIV exposure</td></tr></table></li></ul></div>"},"url":"http://fhir.org/guides/itech-uw/ValueSet/hiv-e-de109","version":"0.3.0","name":"InfantorchildexposuretoHIVCodes","title":"Infant or child exposure to HIV Codes","status":"draft","experimental":false,"date":"2024-06-06T18:10:14+00:00","publisher":"World Health Organization (WHO) ","contact":[{"telecom":[{"system":"url","value":"https://www.who.int"}]}],"description":"Codes representing possible values for the Infant or child exposure to HIV element","jurisdiction":[{"coding":[{"system":"http://unstats.un.org/unsd/methods/m49/m49.htm","code":"001"}]}],"immutable":true,"compose":{"include":[{"system":"http://fhir.org/guides/itech-uw/who-smart-hiv-dak/CodeSystem/concept-codes","concept":[{"code":"HIV.E.DE109","display":"Not exposed"},{"code":"HIV.E.DE110","display":"HIV-exposed"},{"code":"HIV.E.DE111","display":"Unknown HIV exposure"}]}]}}