{"resourceType":"ValueSet","id":"hiv-b-de192","text":{"status":"extensions","div":"<div xmlns=\"http://www.w3.org/1999/xhtml\"><ul><li>Include these codes as defined in <a href=\"CodeSystem-concept-codes.html\"><code>http://fhir.org/guides/itech-uw/who-smart-hiv-dak/CodeSystem/concept-codes</code></a><table class=\"none\"><tr><td style=\"white-space:nowrap\"><b>Code</b></td><td><b>Display</b></td><td><b>Definition</b></td></tr><tr><td><a href=\"CodeSystem-concept-codes.html#concept-codes-HIV.46B.46DE192\">HIV.B.DE192</a></td><td>Retesting for HIV</td><td>Type of follow-up appointment - Retesting for HIV</td></tr><tr><td><a href=\"CodeSystem-concept-codes.html#concept-codes-HIV.46B.46DE193\">HIV.B.DE193</a></td><td>Other</td><td>Type of follow-up appointment - Other</td></tr><tr><td><a href=\"CodeSystem-concept-codes.html#concept-codes-HIV.46C.46DE126\">HIV.C.DE126</a></td><td>Retesting for HIV</td><td>Type of follow-up appointment - Retesting for HIV</td></tr><tr><td><a href=\"CodeSystem-concept-codes.html#concept-codes-HIV.46C.46DE127\">HIV.C.DE127</a></td><td>Follow-up appointment for PrEP</td><td>Type of follow-up appointment - Follow-up appointment for PrEP</td></tr><tr><td><a href=\"CodeSystem-concept-codes.html#concept-codes-HIV.46C.46DE128\">HIV.C.DE128</a></td><td>Other</td><td>Type of follow-up appointment - Other</td></tr><tr><td><a href=\"CodeSystem-concept-codes.html#concept-codes-HIV.46D.46DE526\">HIV.D.DE526</a></td><td>Clinical visit</td><td>Type of follow-up appointment - Clinical visit</td></tr><tr><td><a href=\"CodeSystem-concept-codes.html#concept-codes-HIV.46D.46DE527\">HIV.D.DE527</a></td><td>Antiretroviral drug pick up</td><td>Type of follow-up appointment - Antiretroviral drug pick up</td></tr><tr><td><a href=\"CodeSystem-concept-codes.html#concept-codes-HIV.46D.46DE528\">HIV.D.DE528</a></td><td>Post-treatment follow-up visit for cervical precancer lesions or invasive cervical cancer</td><td>Type of follow-up appointment - Post-treatment follow-up visit for cervical precancer lesions or invasive cervical cancer</td></tr><tr><td><a href=\"CodeSystem-concept-codes.html#concept-codes-HIV.46D.46DE529\">HIV.D.DE529</a></td><td>Other</td><td>Type of follow-up appointment - Other</td></tr></table></li></ul></div>"},"url":"http://fhir.org/guides/itech-uw/ValueSet/hiv-b-de192","version":"0.3.0","name":"TypeoffollowupappointmentCodes","title":"Type of follow-up appointment Codes","status":"draft","experimental":false,"date":"2024-04-30T19:24:27+00:00","publisher":"World Health Organization (WHO) ","contact":[{"telecom":[{"system":"url","value":"https://www.who.int"}]}],"description":"Codes representing possible values for the Type of follow-up appointment element","jurisdiction":[{"coding":[{"system":"http://unstats.un.org/unsd/methods/m49/m49.htm","code":"001"}]}],"immutable":true,"compose":{"include":[{"system":"http://fhir.org/guides/itech-uw/who-smart-hiv-dak/CodeSystem/concept-codes","concept":[{"code":"HIV.B.DE192","display":"Retesting for HIV"},{"code":"HIV.B.DE193","display":"Other"},{"code":"HIV.C.DE126","display":"Retesting for HIV"},{"code":"HIV.C.DE127","display":"Follow-up appointment for PrEP"},{"code":"HIV.C.DE128","display":"Other"},{"code":"HIV.D.DE526","display":"Clinical visit"},{"code":"HIV.D.DE527","display":"Antiretroviral drug pick up"},{"code":"HIV.D.DE528","display":"Post-treatment follow-up visit for cervical precancer lesions or invasive cervical cancer"},{"code":"HIV.D.DE529","display":"Other"}]}]}}