{"resourceType":"ValueSet","id":"hiv-d-de647","text":{"status":"extensions","div":"<div xmlns=\"http://www.w3.org/1999/xhtml\"><ul><li>Include these codes as defined in <a href=\"CodeSystem-concept-codes.html\"><code>http://fhir.org/guides/itech-uw/who-smart-hiv-dak/CodeSystem/concept-codes</code></a><table class=\"none\"><tr><td style=\"white-space:nowrap\"><b>Code</b></td><td><b>Display</b></td><td><b>Definition</b></td></tr><tr><td><a href=\"CodeSystem-concept-codes.html#concept-codes-HIV.46D.46DE647\">HIV.D.DE647</a></td><td>Client was referred</td><td>Reason malaria prophylaxis not provided - Client was referred</td></tr><tr><td><a href=\"CodeSystem-concept-codes.html#concept-codes-HIV.46D.46DE648\">HIV.D.DE648</a></td><td>Stock out</td><td>Reason malaria prophylaxis not provided - Stock out</td></tr><tr><td><a href=\"CodeSystem-concept-codes.html#concept-codes-HIV.46D.46DE649\">HIV.D.DE649</a></td><td>Expired</td><td>Reason malaria prophylaxis not provided - Expired</td></tr><tr><td><a href=\"CodeSystem-concept-codes.html#concept-codes-HIV.46D.46DE650\">HIV.D.DE650</a></td><td>Other reason not provided</td><td>Reason malaria prophylaxis not provided - Other reason not provided</td></tr></table></li></ul></div>"},"url":"http://fhir.org/guides/itech-uw/ValueSet/hiv-d-de647","version":"0.3.0","name":"ReasonmalariaprophylaxisnotprovidedCodes","title":"Reason malaria prophylaxis not provided Codes","status":"draft","experimental":false,"date":"2024-05-15T17:51:55+00:00","publisher":"World Health Organization (WHO) ","contact":[{"telecom":[{"system":"url","value":"https://www.who.int"}]}],"description":"Codes representing possible values for the Reason malaria prophylaxis not provided element","jurisdiction":[{"coding":[{"system":"http://unstats.un.org/unsd/methods/m49/m49.htm","code":"001"}]}],"immutable":true,"compose":{"include":[{"system":"http://fhir.org/guides/itech-uw/who-smart-hiv-dak/CodeSystem/concept-codes","concept":[{"code":"HIV.D.DE647","display":"Client was referred"},{"code":"HIV.D.DE648","display":"Stock out"},{"code":"HIV.D.DE649","display":"Expired"},{"code":"HIV.D.DE650","display":"Other reason not provided"}]}]}}