{"resourceType":"ValueSet","id":"hiv-d-de260","text":{"status":"extensions","div":"<div xmlns=\"http://www.w3.org/1999/xhtml\"><ul><li>Include these codes as defined in <a href=\"CodeSystem-concept-codes.html\"><code>http://fhir.org/guides/itech-uw/who-smart-hiv-dak/CodeSystem/concept-codes</code></a><table class=\"none\"><tr><td style=\"white-space:nowrap\"><b>Code</b></td><td><b>Display</b></td><td><b>Definition</b></td></tr><tr><td><a href=\"CodeSystem-concept-codes.html#concept-codes-HIV.46D.46DE260\">HIV.D.DE260</a></td><td>Oral candidiasis</td><td>Risk factors, comorbidities and coinfections signs and symptoms - Oral candidiasis</td></tr><tr><td><a href=\"CodeSystem-concept-codes.html#concept-codes-HIV.46D.46DE261\">HIV.D.DE261</a></td><td>Vaginal candidiasis</td><td>Risk factors, comorbidities and coinfections signs and symptoms - Vaginal candidiasis</td></tr><tr><td><a href=\"CodeSystem-concept-codes.html#concept-codes-HIV.46D.46DE262\">HIV.D.DE262</a></td><td>Cough</td><td>Risk factors, comorbidities and coinfections signs and symptoms - Cough</td></tr><tr><td><a href=\"CodeSystem-concept-codes.html#concept-codes-HIV.46D.46DE263\">HIV.D.DE263</a></td><td>Prolonged fever</td><td>Risk factors, comorbidities and coinfections signs and symptoms - Prolonged fever</td></tr><tr><td><a href=\"CodeSystem-concept-codes.html#concept-codes-HIV.46D.46DE264\">HIV.D.DE264</a></td><td>Night sweats</td><td>Risk factors, comorbidities and coinfections signs and symptoms - Night sweats</td></tr><tr><td><a href=\"CodeSystem-concept-codes.html#concept-codes-HIV.46D.46DE265\">HIV.D.DE265</a></td><td>Weight loss</td><td>Risk factors, comorbidities and coinfections signs and symptoms - Weight loss</td></tr><tr><td><a href=\"CodeSystem-concept-codes.html#concept-codes-HIV.46D.46DE266\">HIV.D.DE266</a></td><td>Difficulty breathing</td><td>Risk factors, comorbidities and coinfections signs and symptoms - Difficulty breathing</td></tr><tr><td><a href=\"CodeSystem-concept-codes.html#concept-codes-HIV.46D.46DE267\">HIV.D.DE267</a></td><td>Pneumonia</td><td>Risk factors, comorbidities and coinfections signs and symptoms - Pneumonia</td></tr><tr><td><a href=\"CodeSystem-concept-codes.html#concept-codes-HIV.46D.46DE268\">HIV.D.DE268</a></td><td>Urethral discharge</td><td>Risk factors, comorbidities and coinfections signs and symptoms - Urethral discharge</td></tr><tr><td><a href=\"CodeSystem-concept-codes.html#concept-codes-HIV.46D.46DE269\">HIV.D.DE269</a></td><td>Syphilis</td><td>Risk factors, comorbidities and coinfections signs and symptoms - Syphilis</td></tr><tr><td><a href=\"CodeSystem-concept-codes.html#concept-codes-HIV.46D.46DE270\">HIV.D.DE270</a></td><td>Pelvic inflammatory disease</td><td>Risk factors, comorbidities and coinfections signs and symptoms - Pelvic inflammatory disease</td></tr><tr><td><a href=\"CodeSystem-concept-codes.html#concept-codes-HIV.46D.46DE271\">HIV.D.DE271</a></td><td>Ulcers - skin</td><td>Risk factors, comorbidities and coinfections signs and symptoms - Ulcers - skin</td></tr><tr><td><a href=\"CodeSystem-concept-codes.html#concept-codes-HIV.46D.46DE272\">HIV.D.DE272</a></td><td>Ulcers - mouth or other</td><td>Risk factors, comorbidities and coinfections signs and symptoms - Ulcers - mouth or other</td></tr><tr><td><a href=\"CodeSystem-concept-codes.html#concept-codes-HIV.46D.46DE273\">HIV.D.DE273</a></td><td>Ulcers - male genital</td><td>Risk factors, comorbidities and coinfections signs and symptoms - Ulcers - male genital</td></tr><tr><td><a href=\"CodeSystem-concept-codes.html#concept-codes-HIV.46D.46DE274\">HIV.D.DE274</a></td><td>Vaginal discharge</td><td>Risk factors, comorbidities and coinfections signs and symptoms - Vaginal discharge</td></tr><tr><td><a href=\"CodeSystem-concept-codes.html#concept-codes-HIV.46D.46DE275\">HIV.D.DE275</a></td><td>Malaria</td><td>Risk factors, comorbidities and coinfections signs and symptoms - Malaria</td></tr><tr><td><a href=\"CodeSystem-concept-codes.html#concept-codes-HIV.46D.46DE276\">HIV.D.DE276</a></td><td>Chronic obstructive pulmonary disease</td><td>Risk factors, comorbidities and coinfections signs and symptoms - Chronic obstructive pulmonary disease</td></tr><tr><td><a href=\"CodeSystem-concept-codes.html#concept-codes-HIV.46D.46DE277\">HIV.D.DE277</a></td><td>Hypertension</td><td>Risk factors, comorbidities and coinfections signs and symptoms - Hypertension</td></tr><tr><td><a href=\"CodeSystem-concept-codes.html#concept-codes-HIV.46D.46DE278\">HIV.D.DE278</a></td><td>Diabetes</td><td>Risk factors, comorbidities and coinfections signs and symptoms - Diabetes</td></tr><tr><td><a href=\"CodeSystem-concept-codes.html#concept-codes-HIV.46D.46DE279\">HIV.D.DE279</a></td><td>Gestational diabetes</td><td>Risk factors, comorbidities and coinfections signs and symptoms - Gestational diabetes</td></tr><tr><td><a href=\"CodeSystem-concept-codes.html#concept-codes-HIV.46D.46DE280\">HIV.D.DE280</a></td><td>Mental health disorders</td><td>Risk factors, comorbidities and coinfections signs and symptoms - Mental health disorders</td></tr><tr><td><a href=\"CodeSystem-concept-codes.html#concept-codes-HIV.46D.46DE281\">HIV.D.DE281</a></td><td>Diarrhoea or abdominal pain</td><td>Risk factors, comorbidities and coinfections signs and symptoms - Diarrhoea or abdominal pain</td></tr><tr><td><a href=\"CodeSystem-concept-codes.html#concept-codes-HIV.46D.46DE282\">HIV.D.DE282</a></td><td>Presumptive TB</td><td>Risk factors, comorbidities and coinfections signs and symptoms - Presumptive TB</td></tr><tr><td><a href=\"CodeSystem-concept-codes.html#concept-codes-HIV.46D.46DE283\">HIV.D.DE283</a></td><td>Severe or complicated malnutrition</td><td>Risk factors, comorbidities and coinfections signs and symptoms - Severe or complicated malnutrition</td></tr><tr><td><a href=\"CodeSystem-concept-codes.html#concept-codes-HIV.46D.46DE284\">HIV.D.DE284</a></td><td>Poor growth or development</td><td>Risk factors, comorbidities and coinfections signs and symptoms - Poor growth or development</td></tr><tr><td><a href=\"CodeSystem-concept-codes.html#concept-codes-HIV.46D.46DE285\">HIV.D.DE285</a></td><td>Oedema</td><td>Risk factors, comorbidities and coinfections signs and symptoms - Oedema</td></tr><tr><td><a href=\"CodeSystem-concept-codes.html#concept-codes-HIV.46D.46DE286\">HIV.D.DE286</a></td><td>Previously treated for TB</td><td>Risk factors, comorbidities and coinfections signs and symptoms - Previously treated for TB</td></tr><tr><td><a href=\"CodeSystem-concept-codes.html#concept-codes-HIV.46D.46DE287\">HIV.D.DE287</a></td><td>Other</td><td>Risk factors, comorbidities and coinfections signs and symptoms - Other</td></tr></table></li></ul></div>"},"url":"http://fhir.org/guides/itech-uw/ValueSet/hiv-d-de260","version":"0.3.0","name":"RiskfactorscomorbiditiesandcoinfectionssignsandsymptomsCodes","title":"Risk factors, comorbidities and coinfections signs and symptoms Codes","status":"draft","experimental":false,"date":"2024-04-30T19:53:06+00:00","publisher":"World Health Organization (WHO) ","contact":[{"telecom":[{"system":"url","value":"https://www.who.int"}]}],"description":"Codes representing possible values for the Risk factors, comorbidities and coinfections signs and symptoms element","jurisdiction":[{"coding":[{"system":"http://unstats.un.org/unsd/methods/m49/m49.htm","code":"001"}]}],"immutable":true,"compose":{"include":[{"system":"http://fhir.org/guides/itech-uw/who-smart-hiv-dak/CodeSystem/concept-codes","concept":[{"code":"HIV.D.DE260","display":"Oral candidiasis"},{"code":"HIV.D.DE261","display":"Vaginal candidiasis"},{"code":"HIV.D.DE262","display":"Cough"},{"code":"HIV.D.DE263","display":"Prolonged fever"},{"code":"HIV.D.DE264","display":"Night sweats"},{"code":"HIV.D.DE265","display":"Weight loss"},{"code":"HIV.D.DE266","display":"Difficulty breathing"},{"code":"HIV.D.DE267","display":"Pneumonia"},{"code":"HIV.D.DE268","display":"Urethral discharge"},{"code":"HIV.D.DE269","display":"Syphilis"},{"code":"HIV.D.DE270","display":"Pelvic inflammatory disease"},{"code":"HIV.D.DE271","display":"Ulcers - skin"},{"code":"HIV.D.DE272","display":"Ulcers - mouth or other"},{"code":"HIV.D.DE273","display":"Ulcers - male genital"},{"code":"HIV.D.DE274","display":"Vaginal discharge"},{"code":"HIV.D.DE275","display":"Malaria"},{"code":"HIV.D.DE276","display":"Chronic obstructive pulmonary disease"},{"code":"HIV.D.DE277","display":"Hypertension"},{"code":"HIV.D.DE278","display":"Diabetes"},{"code":"HIV.D.DE279","display":"Gestational diabetes"},{"code":"HIV.D.DE280","display":"Mental health disorders"},{"code":"HIV.D.DE281","display":"Diarrhoea or abdominal pain"},{"code":"HIV.D.DE282","display":"Presumptive TB"},{"code":"HIV.D.DE283","display":"Severe or complicated malnutrition"},{"code":"HIV.D.DE284","display":"Poor growth or development"},{"code":"HIV.D.DE285","display":"Oedema"},{"code":"HIV.D.DE286","display":"Previously treated for TB"},{"code":"HIV.D.DE287","display":"Other"}]}]}}