{"resourceType":"ValueSet","id":"hiv-b-de238","text":{"status":"extensions","div":"<div xmlns=\"http://www.w3.org/1999/xhtml\"><ul><li>Include these codes as defined in <a href=\"CodeSystem-concept-codes.html\"><code>http://fhir.org/guides/itech-uw/who-smart-hiv-dak/CodeSystem/concept-codes</code></a><table class=\"none\"><tr><td style=\"white-space:nowrap\"><b>Code</b></td><td><b>Display</b></td><td><b>Definition</b></td></tr><tr><td><a href=\"CodeSystem-concept-codes.html#concept-codes-HIV.46B.46DE238\">HIV.B.DE238</a></td><td>Neisseria gonorrhoeae</td><td>STI tested for - Neisseria gonorrhoeae</td></tr><tr><td><a href=\"CodeSystem-concept-codes.html#concept-codes-HIV.46B.46DE239\">HIV.B.DE239</a></td><td>Chlamydia trachomatis</td><td>STI tested for - Chlamydia trachomatis</td></tr><tr><td><a href=\"CodeSystem-concept-codes.html#concept-codes-HIV.46B.46DE240\">HIV.B.DE240</a></td><td>Trichomonas vaginalis</td><td>STI tested for - Trichomonas vaginalis</td></tr><tr><td><a href=\"CodeSystem-concept-codes.html#concept-codes-HIV.46B.46DE241\">HIV.B.DE241</a></td><td>Syphilis (Treponema pallidum)</td><td>STI tested for - Syphilis (Treponema pallidum)</td></tr><tr><td><a href=\"CodeSystem-concept-codes.html#concept-codes-HIV.46B.46DE242\">HIV.B.DE242</a></td><td>Herpes simplex virus (HSV1, HSV2)</td><td>STI tested for - Herpes simplex virus (HSV1, HSV2)</td></tr><tr><td><a href=\"CodeSystem-concept-codes.html#concept-codes-HIV.46B.46DE243\">HIV.B.DE243</a></td><td>Mycoplasma genitalium</td><td>STI tested for - Mycoplasma genitalium</td></tr><tr><td><a href=\"CodeSystem-concept-codes.html#concept-codes-HIV.46B.46DE244\">HIV.B.DE244</a></td><td>Mpox</td><td>STI tested for - Mpox</td></tr><tr><td><a href=\"CodeSystem-concept-codes.html#concept-codes-HIV.46B.46DE245\">HIV.B.DE245</a></td><td>Hepatitis B</td><td>STI tested for - Hepatitis B</td></tr><tr><td><a href=\"CodeSystem-concept-codes.html#concept-codes-HIV.46B.46DE246\">HIV.B.DE246</a></td><td>Hepatitis C</td><td>STI tested for - Hepatitis C</td></tr><tr><td><a href=\"CodeSystem-concept-codes.html#concept-codes-HIV.46B.46DE247\">HIV.B.DE247</a></td><td>Other</td><td>STI tested for - Other</td></tr><tr><td><a href=\"CodeSystem-concept-codes.html#concept-codes-HIV.46D.46DE790\">HIV.D.DE790</a></td><td>Neisseria gonorrhoeae</td><td>STI tested for - Neisseria gonorrhoeae</td></tr><tr><td><a href=\"CodeSystem-concept-codes.html#concept-codes-HIV.46D.46DE791\">HIV.D.DE791</a></td><td>Chlamydia trachomatis</td><td>STI tested for - Chlamydia trachomatis</td></tr><tr><td><a href=\"CodeSystem-concept-codes.html#concept-codes-HIV.46D.46DE792\">HIV.D.DE792</a></td><td>Trichomonas vaginalis</td><td>STI tested for - Trichomonas vaginalis</td></tr><tr><td><a href=\"CodeSystem-concept-codes.html#concept-codes-HIV.46D.46DE793\">HIV.D.DE793</a></td><td>Syphilis (Treponema pallidum)</td><td>STI tested for - Syphilis (Treponema pallidum)</td></tr><tr><td><a href=\"CodeSystem-concept-codes.html#concept-codes-HIV.46D.46DE794\">HIV.D.DE794</a></td><td>Herpes simplex virus (HSV1, HSV2)</td><td>STI tested for - Herpes simplex virus (HSV1, HSV2)</td></tr><tr><td><a href=\"CodeSystem-concept-codes.html#concept-codes-HIV.46D.46DE795\">HIV.D.DE795</a></td><td>Mycoplasma genitalium</td><td>STI tested for - Mycoplasma genitalium</td></tr><tr><td><a href=\"CodeSystem-concept-codes.html#concept-codes-HIV.46D.46DE796\">HIV.D.DE796</a></td><td>Mpox</td><td>STI tested for - Mpox</td></tr><tr><td><a href=\"CodeSystem-concept-codes.html#concept-codes-HIV.46D.46DE797\">HIV.D.DE797</a></td><td>Hepatitis B</td><td>STI tested for - Hepatitis B</td></tr><tr><td><a href=\"CodeSystem-concept-codes.html#concept-codes-HIV.46D.46DE798\">HIV.D.DE798</a></td><td>Hepatitis C</td><td>STI tested for - Hepatitis C</td></tr><tr><td><a href=\"CodeSystem-concept-codes.html#concept-codes-HIV.46D.46DE799\">HIV.D.DE799</a></td><td>Other</td><td>STI tested for - Other</td></tr></table></li></ul></div>"},"url":"http://fhir.org/guides/itech-uw/ValueSet/hiv-b-de238","version":"0.3.0","name":"STItestedforCodes","title":"STI tested for Codes","status":"draft","experimental":false,"date":"2024-06-06T18:10:14+00:00","publisher":"World Health Organization (WHO) ","contact":[{"telecom":[{"system":"url","value":"https://www.who.int"}]}],"description":"Codes representing possible values for the STI tested for element","jurisdiction":[{"coding":[{"system":"http://unstats.un.org/unsd/methods/m49/m49.htm","code":"001"}]}],"immutable":true,"compose":{"include":[{"system":"http://fhir.org/guides/itech-uw/who-smart-hiv-dak/CodeSystem/concept-codes","concept":[{"code":"HIV.B.DE238","display":"Neisseria gonorrhoeae"},{"code":"HIV.B.DE239","display":"Chlamydia trachomatis"},{"code":"HIV.B.DE240","display":"Trichomonas vaginalis"},{"code":"HIV.B.DE241","display":"Syphilis (Treponema pallidum)"},{"code":"HIV.B.DE242","display":"Herpes simplex virus (HSV1, HSV2)"},{"code":"HIV.B.DE243","display":"Mycoplasma genitalium"},{"code":"HIV.B.DE244","display":"Mpox"},{"code":"HIV.B.DE245","display":"Hepatitis B"},{"code":"HIV.B.DE246","display":"Hepatitis C"},{"code":"HIV.B.DE247","display":"Other"},{"code":"HIV.D.DE790","display":"Neisseria gonorrhoeae"},{"code":"HIV.D.DE791","display":"Chlamydia trachomatis"},{"code":"HIV.D.DE792","display":"Trichomonas vaginalis"},{"code":"HIV.D.DE793","display":"Syphilis (Treponema pallidum)"},{"code":"HIV.D.DE794","display":"Herpes simplex virus (HSV1, HSV2)"},{"code":"HIV.D.DE795","display":"Mycoplasma genitalium"},{"code":"HIV.D.DE796","display":"Mpox"},{"code":"HIV.D.DE797","display":"Hepatitis B"},{"code":"HIV.D.DE798","display":"Hepatitis C"},{"code":"HIV.D.DE799","display":"Other"}]}]}}