{"resourceType":"ValueSet","id":"hiv-d-de180","text":{"status":"extensions","div":"<div xmlns=\"http://www.w3.org/1999/xhtml\"><ul><li>Include these codes as defined in <a href=\"CodeSystem-concept-codes.html\"><code>http://fhir.org/guides/itech-uw/who-smart-hiv-dak/CodeSystem/concept-codes</code></a><table class=\"none\"><tr><td style=\"white-space:nowrap\"><b>Code</b></td><td><b>Display</b></td><td><b>Definition</b></td></tr><tr><td><a href=\"CodeSystem-concept-codes.html#concept-codes-HIV.46D.46DE180\">HIV.D.DE180</a></td><td>Detected</td><td>HCV viral load test result - Detected</td></tr><tr><td><a href=\"CodeSystem-concept-codes.html#concept-codes-HIV.46D.46DE181\">HIV.D.DE181</a></td><td>Not detected</td><td>HCV viral load test result - Not detected</td></tr><tr><td><a href=\"CodeSystem-concept-codes.html#concept-codes-HIV.46G.46DE49\">HIV.G.DE49</a></td><td>Detected</td><td>HCV viral load test result - Detected</td></tr><tr><td><a href=\"CodeSystem-concept-codes.html#concept-codes-HIV.46G.46DE50\">HIV.G.DE50</a></td><td>Not detected</td><td>HCV viral load test result - Not detected</td></tr></table></li></ul></div>"},"url":"http://fhir.org/guides/itech-uw/ValueSet/hiv-d-de180","version":"0.3.0","name":"HCVviralloadtestresultCodes","title":"HCV viral load test result Codes","status":"draft","experimental":false,"date":"2024-04-30T19:24:27+00:00","publisher":"World Health Organization (WHO) ","contact":[{"telecom":[{"system":"url","value":"https://www.who.int"}]}],"description":"Codes representing possible values for the HCV viral load test result element","jurisdiction":[{"coding":[{"system":"http://unstats.un.org/unsd/methods/m49/m49.htm","code":"001"}]}],"immutable":true,"compose":{"include":[{"system":"http://fhir.org/guides/itech-uw/who-smart-hiv-dak/CodeSystem/concept-codes","concept":[{"code":"HIV.D.DE180","display":"Detected"},{"code":"HIV.D.DE181","display":"Not detected"},{"code":"HIV.G.DE49","display":"Detected"},{"code":"HIV.G.DE50","display":"Not detected"}]}]}}