{"resourceType":"ValueSet","id":"hiv-c-de2","text":{"status":"extensions","div":"<div xmlns=\"http://www.w3.org/1999/xhtml\"><ul><li>Include these codes as defined in <a href=\"CodeSystem-concept-codes.html\"><code>http://fhir.org/guides/itech-uw/who-smart-hiv-dak/CodeSystem/concept-codes</code></a><table class=\"none\"><tr><td style=\"white-space:nowrap\"><b>Code</b></td><td><b>Display</b></td><td><b>Definition</b></td></tr><tr><td><a href=\"CodeSystem-concept-codes.html#concept-codes-HIV.46C.46DE2\">HIV.C.DE2</a></td><td>First time counselling on PrEP</td><td>Reason for PrEP visit - First time counselling on PrEP</td></tr><tr><td><a href=\"CodeSystem-concept-codes.html#concept-codes-HIV.46C.46DE3\">HIV.C.DE3</a></td><td>Follow-up appointment for PrEP or PEP</td><td>Reason for PrEP visit - Follow-up appointment for PrEP or PEP</td></tr><tr><td><a href=\"CodeSystem-concept-codes.html#concept-codes-HIV.46C.46DE4\">HIV.C.DE4</a></td><td>Restarting PrEP</td><td>Reason for PrEP visit - Restarting PrEP</td></tr><tr><td><a href=\"CodeSystem-concept-codes.html#concept-codes-HIV.46C.46DE5\">HIV.C.DE5</a></td><td>Counselling on PEP</td><td>Reason for PrEP visit - Counselling on PEP</td></tr><tr><td><a href=\"CodeSystem-concept-codes.html#concept-codes-HIV.46C.46DE6\">HIV.C.DE6</a></td><td>Unscheduled visit for side effects</td><td>Reason for PrEP visit - Unscheduled visit for side effects</td></tr></table></li></ul></div>"},"url":"http://fhir.org/guides/itech-uw/ValueSet/hiv-c-de2","version":"0.3.0","name":"ReasonforPrEPvisitCodes","title":"Reason for PrEP visit Codes","status":"draft","experimental":false,"date":"2024-04-30T19:24:27+00:00","publisher":"World Health Organization (WHO) ","contact":[{"telecom":[{"system":"url","value":"https://www.who.int"}]}],"description":"Codes representing possible values for the Reason for PrEP visit element","jurisdiction":[{"coding":[{"system":"http://unstats.un.org/unsd/methods/m49/m49.htm","code":"001"}]}],"immutable":true,"compose":{"include":[{"system":"http://fhir.org/guides/itech-uw/who-smart-hiv-dak/CodeSystem/concept-codes","concept":[{"code":"HIV.C.DE2","display":"First time counselling on PrEP"},{"code":"HIV.C.DE3","display":"Follow-up appointment for PrEP or PEP"},{"code":"HIV.C.DE4","display":"Restarting PrEP"},{"code":"HIV.C.DE5","display":"Counselling on PEP"},{"code":"HIV.C.DE6","display":"Unscheduled visit for side effects"}]}]}}