{"resourceType":"ValueSet","id":"hiv-d-de993","text":{"status":"extensions","div":"<div xmlns=\"http://www.w3.org/1999/xhtml\"><ul><li>Include these codes as defined in <a href=\"CodeSystem-concept-codes.html\"><code>http://fhir.org/guides/itech-uw/who-smart-hiv-dak/CodeSystem/concept-codes</code></a><table class=\"none\"><tr><td style=\"white-space:nowrap\"><b>Code</b></td><td><b>Display</b></td><td><b>Definition</b></td></tr><tr><td><a href=\"CodeSystem-concept-codes.html#concept-codes-HIV.46D.46DE993\">HIV.D.DE993</a></td><td>LF-LAM</td><td>TB diagnostic test category - LF-LAM</td></tr><tr><td><a href=\"CodeSystem-concept-codes.html#concept-codes-HIV.46D.46DE994\">HIV.D.DE994</a></td><td>mWRD test for TB</td><td>TB diagnostic test category - mWRD test for TB</td></tr><tr><td><a href=\"CodeSystem-concept-codes.html#concept-codes-HIV.46D.46DE995\">HIV.D.DE995</a></td><td>Microscopy - Sputum acid-fast bacilli (AFB)</td><td>TB diagnostic test category - Microscopy - Sputum acid-fast bacilli (AFB)</td></tr><tr><td><a href=\"CodeSystem-concept-codes.html#concept-codes-HIV.46D.46DE996\">HIV.D.DE996</a></td><td>TB Culture</td><td>TB diagnostic test category - TB Culture</td></tr></table></li></ul></div>"},"url":"http://fhir.org/guides/itech-uw/ValueSet/hiv-d-de993","version":"0.3.0","name":"TBdiagnostictestcategoryCodes","title":"TB diagnostic test category Codes","status":"draft","experimental":false,"date":"2024-04-30T19:50:03+00:00","publisher":"World Health Organization (WHO) ","contact":[{"telecom":[{"system":"url","value":"https://www.who.int"}]}],"description":"Codes representing possible values for the TB diagnostic test category element","jurisdiction":[{"coding":[{"system":"http://unstats.un.org/unsd/methods/m49/m49.htm","code":"001"}]}],"immutable":true,"compose":{"include":[{"system":"http://fhir.org/guides/itech-uw/who-smart-hiv-dak/CodeSystem/concept-codes","concept":[{"code":"HIV.D.DE993","display":"LF-LAM"},{"code":"HIV.D.DE994","display":"mWRD test for TB"},{"code":"HIV.D.DE995","display":"Microscopy - Sputum acid-fast bacilli (AFB)"},{"code":"HIV.D.DE996","display":"TB Culture"}]}]}}