{"resourceType":"ValueSet","id":"hiv-d-de898","text":{"status":"extensions","div":"<div xmlns=\"http://www.w3.org/1999/xhtml\"><ul><li>Include these codes as defined in <a href=\"CodeSystem-concept-codes.html\"><code>http://fhir.org/guides/itech-uw/who-smart-hiv-dak/CodeSystem/concept-codes</code></a><table class=\"none\"><tr><td style=\"white-space:nowrap\"><b>Code</b></td><td><b>Display</b></td><td><b>Definition</b></td></tr><tr><td><a href=\"CodeSystem-concept-codes.html#concept-codes-HIV.46D.46DE898\">HIV.D.DE898</a></td><td>Working, able to perform usual work inside and outside the home</td><td>WHO functional status - Working, able to perform usual work inside and outside the home</td></tr><tr><td><a href=\"CodeSystem-concept-codes.html#concept-codes-HIV.46D.46DE899\">HIV.D.DE899</a></td><td>Ambulatory, able to perform activity of daily living (ADL), not able to work</td><td>WHO functional status - Ambulatory, able to perform activity of daily living (ADL), not able to work</td></tr><tr><td><a href=\"CodeSystem-concept-codes.html#concept-codes-HIV.46D.46DE900\">HIV.D.DE900</a></td><td>Bedridden not able to perform ADL</td><td>WHO functional status - Bedridden not able to perform ADL</td></tr></table></li></ul></div>"},"url":"http://fhir.org/guides/itech-uw/ValueSet/hiv-d-de898","version":"0.3.0","name":"WHOfunctionalstatusCodes","title":"WHO functional status Codes","status":"draft","experimental":false,"date":"2024-05-15T17:51:55+00:00","publisher":"World Health Organization (WHO) ","contact":[{"telecom":[{"system":"url","value":"https://www.who.int"}]}],"description":"Codes representing possible values for the WHO functional status element","jurisdiction":[{"coding":[{"system":"http://unstats.un.org/unsd/methods/m49/m49.htm","code":"001"}]}],"immutable":true,"compose":{"include":[{"system":"http://fhir.org/guides/itech-uw/who-smart-hiv-dak/CodeSystem/concept-codes","concept":[{"code":"HIV.D.DE898","display":"Working, able to perform usual work inside and outside the home"},{"code":"HIV.D.DE899","display":"Ambulatory, able to perform activity of daily living (ADL), not able to work"},{"code":"HIV.D.DE900","display":"Bedridden not able to perform ADL"}]}]}}