{"resourceType":"ValueSet","id":"hiv-c-de76","text":{"status":"extensions","div":"<div xmlns=\"http://www.w3.org/1999/xhtml\"><ul><li>Include these codes as defined in <a href=\"CodeSystem-concept-codes.html\"><code>http://fhir.org/guides/itech-uw/who-smart-hiv-dak/CodeSystem/concept-codes</code></a><table class=\"none\"><tr><td style=\"white-space:nowrap\"><b>Code</b></td><td><b>Display</b></td><td><b>Definition</b></td></tr><tr><td><a href=\"CodeSystem-concept-codes.html#concept-codes-HIV.46C.46DE76\">HIV.C.DE76</a></td><td>PrEP for HIV prevention</td><td>Medications prescribed - PrEP for HIV prevention</td></tr><tr><td><a href=\"CodeSystem-concept-codes.html#concept-codes-HIV.46C.46DE77\">HIV.C.DE77</a></td><td>PEP for HIV prevention</td><td>Medications prescribed - PEP for HIV prevention</td></tr><tr><td><a href=\"CodeSystem-concept-codes.html#concept-codes-HIV.46C.46DE78\">HIV.C.DE78</a></td><td>Other</td><td>Medications prescribed - Other</td></tr></table></li></ul></div>"},"url":"http://fhir.org/guides/itech-uw/ValueSet/hiv-c-de76","version":"0.3.0","name":"MedicationsprescribedCodes","title":"Medications prescribed Codes","status":"draft","experimental":false,"date":"2024-06-06T18:10:14+00:00","publisher":"World Health Organization (WHO) ","contact":[{"telecom":[{"system":"url","value":"https://www.who.int"}]}],"description":"Codes representing possible values for the Medications prescribed element","jurisdiction":[{"coding":[{"system":"http://unstats.un.org/unsd/methods/m49/m49.htm","code":"001"}]}],"immutable":true,"compose":{"include":[{"system":"http://fhir.org/guides/itech-uw/who-smart-hiv-dak/CodeSystem/concept-codes","concept":[{"code":"HIV.C.DE76","display":"PrEP for HIV prevention"},{"code":"HIV.C.DE77","display":"PEP for HIV prevention"},{"code":"HIV.C.DE78","display":"Other"}]}]}}