{"resourceType":"ValueSet","id":"hiv-c-de37","text":{"status":"extensions","div":"<div xmlns=\"http://www.w3.org/1999/xhtml\"><ul><li>Include these codes as defined in <a href=\"CodeSystem-concept-codes.html\"><code>http://fhir.org/guides/itech-uw/who-smart-hiv-dak/CodeSystem/concept-codes</code></a><table class=\"none\"><tr><td style=\"white-space:nowrap\"><b>Code</b></td><td><b>Display</b></td><td><b>Definition</b></td></tr><tr><td><a href=\"CodeSystem-concept-codes.html#concept-codes-HIV.46C.46DE37\">HIV.C.DE37</a></td><td>No condom use during sex with more than one partner in the past 6 months</td><td>Signs of substantial risk of HIV infection - No condom use during sex with more than one partner in the past 6 months</td></tr><tr><td><a href=\"CodeSystem-concept-codes.html#concept-codes-HIV.46C.46DE38\">HIV.C.DE38</a></td><td>STI in the past 6 months</td><td>Signs of substantial risk of HIV infection - STI in the past 6 months</td></tr><tr><td><a href=\"CodeSystem-concept-codes.html#concept-codes-HIV.46C.46DE39\">HIV.C.DE39</a></td><td>A sexual partner in the past 6 months had one or more HIV risk factors</td><td>Signs of substantial risk of HIV infection - A sexual partner in the past 6 months had one or more HIV risk factors</td></tr><tr><td><a href=\"CodeSystem-concept-codes.html#concept-codes-HIV.46C.46DE40\">HIV.C.DE40</a></td><td>PrEP requested by client</td><td>Signs of substantial risk of HIV infection - PrEP requested by client</td></tr><tr><td><a href=\"CodeSystem-concept-codes.html#concept-codes-HIV.46E.46DE156\">HIV.E.DE156</a></td><td>No condom use during sex with more than one partner in the past 6 months</td><td>Signs of substantial risk of HIV infection - No condom use during sex with more than one partner in the past 6 months</td></tr><tr><td><a href=\"CodeSystem-concept-codes.html#concept-codes-HIV.46E.46DE157\">HIV.E.DE157</a></td><td>STI in the past 6 months</td><td>Signs of substantial risk of HIV infection - STI in the past 6 months</td></tr><tr><td><a href=\"CodeSystem-concept-codes.html#concept-codes-HIV.46E.46DE158\">HIV.E.DE158</a></td><td>A sexual partner in the past 6 months had one or more HIV risk factors</td><td>Signs of substantial risk of HIV infection - A sexual partner in the past 6 months had one or more HIV risk factors</td></tr><tr><td><a href=\"CodeSystem-concept-codes.html#concept-codes-HIV.46E.46DE159\">HIV.E.DE159</a></td><td>PrEP requested by client</td><td>Signs of substantial risk of HIV infection - PrEP requested by client</td></tr></table></li></ul></div>"},"url":"http://fhir.org/guides/itech-uw/ValueSet/hiv-c-de37","version":"0.3.0","name":"SignsofsubstantialriskofHIVinfectionCodes","title":"Signs of substantial risk of HIV infection Codes","status":"draft","experimental":false,"date":"2024-04-30T19:53:06+00:00","publisher":"World Health Organization (WHO) ","contact":[{"telecom":[{"system":"url","value":"https://www.who.int"}]}],"description":"Codes representing possible values for the Signs of substantial risk of HIV infection element","jurisdiction":[{"coding":[{"system":"http://unstats.un.org/unsd/methods/m49/m49.htm","code":"001"}]}],"immutable":true,"compose":{"include":[{"system":"http://fhir.org/guides/itech-uw/who-smart-hiv-dak/CodeSystem/concept-codes","concept":[{"code":"HIV.C.DE37","display":"No condom use during sex with more than one partner in the past 6 months"},{"code":"HIV.C.DE38","display":"STI in the past 6 months"},{"code":"HIV.C.DE39","display":"A sexual partner in the past 6 months had one or more HIV risk factors"},{"code":"HIV.C.DE40","display":"PrEP requested by client"},{"code":"HIV.E.DE156","display":"No condom use during sex with more than one partner in the past 6 months"},{"code":"HIV.E.DE157","display":"STI in the past 6 months"},{"code":"HIV.E.DE158","display":"A sexual partner in the past 6 months had one or more HIV risk factors"},{"code":"HIV.E.DE159","display":"PrEP requested by client"}]}]}}