{"resourceType":"ValueSet","id":"hiv-b-de270","text":{"status":"extensions","div":"<div xmlns=\"http://www.w3.org/1999/xhtml\"><ul><li>Include these codes as defined in <a href=\"CodeSystem-concept-codes.html\"><code>http://fhir.org/guides/itech-uw/who-smart-hiv-dak/CodeSystem/concept-codes</code></a><table class=\"none\"><tr><td style=\"white-space:nowrap\"><b>Code</b></td><td><b>Display</b></td><td><b>Definition</b></td></tr><tr><td><a href=\"CodeSystem-concept-codes.html#concept-codes-HIV.46B.46DE270\">HIV.B.DE270</a></td><td>Treponemal</td><td>Syphilis test type - Treponemal</td></tr><tr><td><a href=\"CodeSystem-concept-codes.html#concept-codes-HIV.46B.46DE271\">HIV.B.DE271</a></td><td>Non-treponemal</td><td>Syphilis test type - Non-treponemal</td></tr><tr><td><a href=\"CodeSystem-concept-codes.html#concept-codes-HIV.46B.46DE272\">HIV.B.DE272</a></td><td>POC Test</td><td>Syphilis test type - POC Test</td></tr><tr><td><a href=\"CodeSystem-concept-codes.html#concept-codes-HIV.46B.46DE273\">HIV.B.DE273</a></td><td>NAAT</td><td>Syphilis test type - NAAT</td></tr><tr><td><a href=\"CodeSystem-concept-codes.html#concept-codes-HIV.46B.46DE274\">HIV.B.DE274</a></td><td>Other</td><td>Syphilis test type - Other</td></tr><tr><td><a href=\"CodeSystem-concept-codes.html#concept-codes-HIV.46D.46DE822\">HIV.D.DE822</a></td><td>Treponemal</td><td>Syphilis test type - Treponemal</td></tr><tr><td><a href=\"CodeSystem-concept-codes.html#concept-codes-HIV.46D.46DE823\">HIV.D.DE823</a></td><td>Non-treponemal</td><td>Syphilis test type - Non-treponemal</td></tr><tr><td><a href=\"CodeSystem-concept-codes.html#concept-codes-HIV.46D.46DE824\">HIV.D.DE824</a></td><td>POC Test</td><td>Syphilis test type - POC Test</td></tr><tr><td><a href=\"CodeSystem-concept-codes.html#concept-codes-HIV.46D.46DE825\">HIV.D.DE825</a></td><td>NAAT</td><td>Syphilis test type - NAAT</td></tr><tr><td><a href=\"CodeSystem-concept-codes.html#concept-codes-HIV.46D.46DE826\">HIV.D.DE826</a></td><td>Other</td><td>Syphilis test type - Other</td></tr><tr><td><a href=\"CodeSystem-concept-codes.html#concept-codes-HIV.46G.46DE56\">HIV.G.DE56</a></td><td>Treponemal</td><td>Syphilis test type - Treponemal</td></tr><tr><td><a href=\"CodeSystem-concept-codes.html#concept-codes-HIV.46G.46DE57\">HIV.G.DE57</a></td><td>Non-treponemal</td><td>Syphilis test type - Non-treponemal</td></tr><tr><td><a href=\"CodeSystem-concept-codes.html#concept-codes-HIV.46G.46DE58\">HIV.G.DE58</a></td><td>POC Test</td><td>Syphilis test type - POC Test</td></tr><tr><td><a href=\"CodeSystem-concept-codes.html#concept-codes-HIV.46G.46DE59\">HIV.G.DE59</a></td><td>NAAT</td><td>Syphilis test type - NAAT</td></tr><tr><td><a href=\"CodeSystem-concept-codes.html#concept-codes-HIV.46G.46DE60\">HIV.G.DE60</a></td><td>Other</td><td>Syphilis test type - Other</td></tr></table></li></ul></div>"},"url":"http://fhir.org/guides/itech-uw/ValueSet/hiv-b-de270","version":"0.3.0","name":"SyphilistesttypeCodes","title":"Syphilis test type Codes","status":"draft","experimental":false,"date":"2024-06-10T14:32:54+00:00","publisher":"World Health Organization (WHO) ","contact":[{"telecom":[{"system":"url","value":"https://www.who.int"}]}],"description":"Codes representing possible values for the Syphilis test type element","jurisdiction":[{"coding":[{"system":"http://unstats.un.org/unsd/methods/m49/m49.htm","code":"001"}]}],"immutable":true,"compose":{"include":[{"system":"http://fhir.org/guides/itech-uw/who-smart-hiv-dak/CodeSystem/concept-codes","concept":[{"code":"HIV.B.DE270","display":"Treponemal"},{"code":"HIV.B.DE271","display":"Non-treponemal"},{"code":"HIV.B.DE272","display":"POC Test"},{"code":"HIV.B.DE273","display":"NAAT"},{"code":"HIV.B.DE274","display":"Other"},{"code":"HIV.D.DE822","display":"Treponemal"},{"code":"HIV.D.DE823","display":"Non-treponemal"},{"code":"HIV.D.DE824","display":"POC Test"},{"code":"HIV.D.DE825","display":"NAAT"},{"code":"HIV.D.DE826","display":"Other"},{"code":"HIV.G.DE56","display":"Treponemal"},{"code":"HIV.G.DE57","display":"Non-treponemal"},{"code":"HIV.G.DE58","display":"POC Test"},{"code":"HIV.G.DE59","display":"NAAT"},{"code":"HIV.G.DE60","display":"Other"}]}]}}