{"resourceType":"ValueSet","id":"hiv-e-de256","text":{"status":"extensions","div":"<div xmlns=\"http://www.w3.org/1999/xhtml\"><ul><li>Include these codes as defined in <a href=\"CodeSystem-concept-codes.html\"><code>http://fhir.org/guides/itech-uw/who-smart-hiv-dak/CodeSystem/concept-codes</code></a><table class=\"none\"><tr><td style=\"white-space:nowrap\"><b>Code</b></td><td><b>Display</b></td><td><b>Definition</b></td></tr><tr><td><a href=\"CodeSystem-concept-codes.html#concept-codes-HIV.46E.46DE256\">HIV.E.DE256</a></td><td>Positive</td><td>Asymptomatic bacteriuria (ASB) test result - Positive</td></tr><tr><td><a href=\"CodeSystem-concept-codes.html#concept-codes-HIV.46E.46DE257\">HIV.E.DE257</a></td><td>Negative</td><td>Asymptomatic bacteriuria (ASB) test result - Negative</td></tr><tr><td><a href=\"CodeSystem-concept-codes.html#concept-codes-HIV.46E.46DE258\">HIV.E.DE258</a></td><td>Unknown</td><td>Asymptomatic bacteriuria (ASB) test result - Unknown</td></tr></table></li></ul></div>"},"url":"http://fhir.org/guides/itech-uw/ValueSet/hiv-e-de256","version":"0.3.0","name":"AsymptomaticbacteriuriaASBtestresultCodes","title":"Asymptomatic bacteriuria (ASB) test result Codes","status":"draft","experimental":false,"date":"2024-04-30T19:24:27+00:00","publisher":"World Health Organization (WHO) ","contact":[{"telecom":[{"system":"url","value":"https://www.who.int"}]}],"description":"Codes representing possible values for the Asymptomatic bacteriuria (ASB) test result element","jurisdiction":[{"coding":[{"system":"http://unstats.un.org/unsd/methods/m49/m49.htm","code":"001"}]}],"immutable":true,"compose":{"include":[{"system":"http://fhir.org/guides/itech-uw/who-smart-hiv-dak/CodeSystem/concept-codes","concept":[{"code":"HIV.E.DE256","display":"Positive"},{"code":"HIV.E.DE257","display":"Negative"},{"code":"HIV.E.DE258","display":"Unknown"}]}]}}