{"resourceType":"ValueSet","id":"hiv-e-de231","text":{"status":"extensions","div":"<div xmlns=\"http://www.w3.org/1999/xhtml\"><ul><li>Include these codes as defined in <a href=\"CodeSystem-concept-codes.html\"><code>http://fhir.org/guides/itech-uw/who-smart-hiv-dak/CodeSystem/concept-codes</code></a><table class=\"none\"><tr><td style=\"white-space:nowrap\"><b>Code</b></td><td><b>Display</b></td><td><b>Definition</b></td></tr><tr><td><a href=\"CodeSystem-concept-codes.html#concept-codes-HIV.46E.46DE231\">HIV.E.DE231</a></td><td>HIV-positive</td><td>Final diagnosis of HIV-exposed infant - HIV-positive</td></tr><tr><td><a href=\"CodeSystem-concept-codes.html#concept-codes-HIV.46E.46DE232\">HIV.E.DE232</a></td><td>HIV-negative and no longer breastfeeding</td><td>Final diagnosis of HIV-exposed infant - HIV-negative and no longer breastfeeding</td></tr><tr><td><a href=\"CodeSystem-concept-codes.html#concept-codes-HIV.46E.46DE233\">HIV.E.DE233</a></td><td>HIV status unknown</td><td>Final diagnosis of HIV-exposed infant - HIV status unknown</td></tr></table></li></ul></div>"},"url":"http://fhir.org/guides/itech-uw/ValueSet/hiv-e-de231","version":"0.3.0","name":"FinaldiagnosisofHIVexposedinfantCodes","title":"Final diagnosis of HIV-exposed infant Codes","status":"draft","experimental":false,"date":"2024-04-30T19:53:06+00:00","publisher":"World Health Organization (WHO) ","contact":[{"telecom":[{"system":"url","value":"https://www.who.int"}]}],"description":"Codes representing possible values for the Final diagnosis of HIV-exposed infant element","jurisdiction":[{"coding":[{"system":"http://unstats.un.org/unsd/methods/m49/m49.htm","code":"001"}]}],"immutable":true,"compose":{"include":[{"system":"http://fhir.org/guides/itech-uw/who-smart-hiv-dak/CodeSystem/concept-codes","concept":[{"code":"HIV.E.DE231","display":"HIV-positive"},{"code":"HIV.E.DE232","display":"HIV-negative and no longer breastfeeding"},{"code":"HIV.E.DE233","display":"HIV status unknown"}]}]}}