{"resourceType":"ValueSet","id":"hiv-g-de30","text":{"status":"extensions","div":"<div xmlns=\"http://www.w3.org/1999/xhtml\"><ul><li>Include these codes as defined in <a href=\"CodeSystem-concept-codes.html\"><code>http://fhir.org/guides/itech-uw/who-smart-hiv-dak/CodeSystem/concept-codes</code></a><table class=\"none\"><tr><td style=\"white-space:nowrap\"><b>Code</b></td><td><b>Display</b></td><td><b>Definition</b></td></tr><tr><td><a href=\"CodeSystem-concept-codes.html#concept-codes-HIV.46G.46DE30\">HIV.G.DE30</a></td><td>Hepatitis B positive</td><td>Hepatitis B diagnosis - Hepatitis B positive</td></tr><tr><td><a href=\"CodeSystem-concept-codes.html#concept-codes-HIV.46G.46DE31\">HIV.G.DE31</a></td><td>Hepatitis B negative</td><td>Hepatitis B diagnosis - Hepatitis B negative</td></tr></table></li></ul></div>"},"url":"http://fhir.org/guides/itech-uw/ValueSet/hiv-g-de30","version":"0.3.0","name":"HepatitisBdiagnosisCodes","title":"Hepatitis B diagnosis Codes","status":"draft","experimental":false,"date":"2024-04-30T19:24:27+00:00","publisher":"World Health Organization (WHO) ","contact":[{"telecom":[{"system":"url","value":"https://www.who.int"}]}],"description":"Codes representing possible values for the Hepatitis B diagnosis element","jurisdiction":[{"coding":[{"system":"http://unstats.un.org/unsd/methods/m49/m49.htm","code":"001"}]}],"immutable":true,"compose":{"include":[{"system":"http://fhir.org/guides/itech-uw/who-smart-hiv-dak/CodeSystem/concept-codes","concept":[{"code":"HIV.G.DE30","display":"Hepatitis B positive"},{"code":"HIV.G.DE31","display":"Hepatitis B negative"}]}]}}