{"resourceType":"ValueSet","id":"hiv-d-de1029","text":{"status":"extensions","div":"<div xmlns=\"http://www.w3.org/1999/xhtml\"><ul><li>Include these codes as defined in <a href=\"CodeSystem-concept-codes.html\"><code>http://fhir.org/guides/itech-uw/who-smart-hiv-dak/CodeSystem/concept-codes</code></a><table class=\"none\"><tr><td style=\"white-space:nowrap\"><b>Code</b></td><td><b>Display</b></td><td><b>Definition</b></td></tr><tr><td><a href=\"CodeSystem-concept-codes.html#concept-codes-HIV.46D.46DE1029\">HIV.D.DE1029</a></td><td>3HP</td><td>TPT regimen type - 3HP</td></tr><tr><td><a href=\"CodeSystem-concept-codes.html#concept-codes-HIV.46D.46DE1030\">HIV.D.DE1030</a></td><td>1HP</td><td>TPT regimen type - 1HP</td></tr><tr><td><a href=\"CodeSystem-concept-codes.html#concept-codes-HIV.46D.46DE1031\">HIV.D.DE1031</a></td><td>6H</td><td>TPT regimen type - 6H</td></tr><tr><td><a href=\"CodeSystem-concept-codes.html#concept-codes-HIV.46D.46DE1032\">HIV.D.DE1032</a></td><td>Six months of levofloxacin daily</td><td>TPT regimen type - Six months of levofloxacin daily</td></tr><tr><td><a href=\"CodeSystem-concept-codes.html#concept-codes-HIV.46D.46DE1033\">HIV.D.DE1033</a></td><td>Other TB preventive treatment (TPT) regimen</td><td>TPT regimen type - Other TB preventive treatment (TPT) regimen</td></tr></table></li></ul></div>"},"url":"http://fhir.org/guides/itech-uw/ValueSet/hiv-d-de1029","version":"0.3.0","name":"TPTregimentypeCodes","title":"TPT regimen type Codes","status":"draft","experimental":false,"date":"2024-06-10T14:32:54+00:00","publisher":"World Health Organization (WHO) ","contact":[{"telecom":[{"system":"url","value":"https://www.who.int"}]}],"description":"Codes representing possible values for the TPT regimen type element","jurisdiction":[{"coding":[{"system":"http://unstats.un.org/unsd/methods/m49/m49.htm","code":"001"}]}],"immutable":true,"compose":{"include":[{"system":"http://fhir.org/guides/itech-uw/who-smart-hiv-dak/CodeSystem/concept-codes","concept":[{"code":"HIV.D.DE1029","display":"3HP"},{"code":"HIV.D.DE1030","display":"1HP"},{"code":"HIV.D.DE1031","display":"6H"},{"code":"HIV.D.DE1032","display":"Six months of levofloxacin daily"},{"code":"HIV.D.DE1033","display":"Other TB preventive treatment (TPT) regimen"}]}]}}