{"resourceType":"ValueSet","id":"hiv-b-de150","text":{"status":"extensions","div":"<div xmlns=\"http://www.w3.org/1999/xhtml\"><ul><li>Include these codes as defined in <a href=\"CodeSystem-concept-codes.html\"><code>http://fhir.org/guides/itech-uw/who-smart-hiv-dak/CodeSystem/concept-codes</code></a><table class=\"none\"><tr><td style=\"white-space:nowrap\"><b>Code</b></td><td><b>Display</b></td><td><b>Definition</b></td></tr><tr><td><a href=\"CodeSystem-concept-codes.html#concept-codes-HIV.46B.46DE150\">HIV.B.DE150</a></td><td>Offer male and female condoms and condom-compatible lubricants</td><td>Prevention services offered and referrals - Offer male and female condoms and condom-compatible lubricants</td></tr><tr><td><a href=\"CodeSystem-concept-codes.html#concept-codes-HIV.46B.46DE151\">HIV.B.DE151</a></td><td>Offer pre-exposure prophylaxis (PrEP) for people at elevated risk for HIV acquisition</td><td>Prevention services offered and referrals - Offer pre-exposure prophylaxis (PrEP) for people at elevated risk for HIV acquisition</td></tr><tr><td><a href=\"CodeSystem-concept-codes.html#concept-codes-HIV.46B.46DE152\">HIV.B.DE152</a></td><td>Offer post-exposure prophylaxis (PEP) following suspected exposure</td><td>Prevention services offered and referrals - Offer post-exposure prophylaxis (PEP) following suspected exposure</td></tr><tr><td><a href=\"CodeSystem-concept-codes.html#concept-codes-HIV.46B.46DE153\">HIV.B.DE153</a></td><td>Voluntary medical male circumcision (VMMC)</td><td>Prevention services offered and referrals - Voluntary medical male circumcision (VMMC)</td></tr><tr><td><a href=\"CodeSystem-concept-codes.html#concept-codes-HIV.46B.46DE154\">HIV.B.DE154</a></td><td>Harm reduction for people who inject drugs</td><td>Prevention services offered and referrals - Harm reduction for people who inject drugs</td></tr><tr><td><a href=\"CodeSystem-concept-codes.html#concept-codes-HIV.46B.46DE155\">HIV.B.DE155</a></td><td>Behavioural interventions to support risk reduction, particularly for people with HIV and members of key populations</td><td>Prevention services offered and referrals - Behavioural interventions to support risk reduction, particularly for people with HIV and members of key populations</td></tr><tr><td><a href=\"CodeSystem-concept-codes.html#concept-codes-HIV.46B.46DE156\">HIV.B.DE156</a></td><td>HIV testing for partners and biological children</td><td>Prevention services offered and referrals - HIV testing for partners and biological children</td></tr><tr><td><a href=\"CodeSystem-concept-codes.html#concept-codes-HIV.46B.46DE157\">HIV.B.DE157</a></td><td>HIV testing for partners and social contacts of people from key populations, where appropriate</td><td>Prevention services offered and referrals - HIV testing for partners and social contacts of people from key populations, where appropriate</td></tr><tr><td><a href=\"CodeSystem-concept-codes.html#concept-codes-HIV.46C.46DE132\">HIV.C.DE132</a></td><td>Male and female condoms and condom-compatible lubricants offered</td><td>Prevention services offered and referrals - Male and female condoms and condom-compatible lubricants offered</td></tr><tr><td><a href=\"CodeSystem-concept-codes.html#concept-codes-HIV.46C.46DE133\">HIV.C.DE133</a></td><td>Voluntary medical male circumcision (VMMC) referral</td><td>Prevention services offered and referrals - Voluntary medical male circumcision (VMMC) referral</td></tr><tr><td><a href=\"CodeSystem-concept-codes.html#concept-codes-HIV.46C.46DE134\">HIV.C.DE134</a></td><td>Harm reduction for people who inject drugs</td><td>Prevention services offered and referrals - Harm reduction for people who inject drugs</td></tr><tr><td><a href=\"CodeSystem-concept-codes.html#concept-codes-HIV.46C.46DE135\">HIV.C.DE135</a></td><td>Behavioural interventions to support risk reduction</td><td>Prevention services offered and referrals - Behavioural interventions to support risk reduction</td></tr><tr><td><a href=\"CodeSystem-concept-codes.html#concept-codes-HIV.46D.46DE153\">HIV.D.DE153</a></td><td>Offer male and female condoms and condom-compatible lubricants</td><td>Prevention services offered and referrals - Offer male and female condoms and condom-compatible lubricants</td></tr><tr><td><a href=\"CodeSystem-concept-codes.html#concept-codes-HIV.46D.46DE154\">HIV.D.DE154</a></td><td>Harm reduction for people who inject drugs</td><td>Prevention services offered and referrals - Harm reduction for people who inject drugs</td></tr><tr><td><a href=\"CodeSystem-concept-codes.html#concept-codes-HIV.46D.46DE155\">HIV.D.DE155</a></td><td>Behavioural interventions to support risk reduction</td><td>Prevention services offered and referrals - Behavioural interventions to support risk reduction</td></tr></table></li></ul></div>"},"url":"http://fhir.org/guides/itech-uw/ValueSet/hiv-b-de150","version":"0.3.0","name":"PreventionservicesofferedandreferralsCodes","title":"Prevention services offered and referrals Codes","status":"draft","experimental":false,"date":"2024-04-30T19:50:03+00:00","publisher":"World Health Organization (WHO) ","contact":[{"telecom":[{"system":"url","value":"https://www.who.int"}]}],"description":"Codes representing possible values for the Prevention services offered and referrals element","jurisdiction":[{"coding":[{"system":"http://unstats.un.org/unsd/methods/m49/m49.htm","code":"001"}]}],"immutable":true,"compose":{"include":[{"system":"http://fhir.org/guides/itech-uw/who-smart-hiv-dak/CodeSystem/concept-codes","concept":[{"code":"HIV.B.DE150","display":"Offer male and female condoms and condom-compatible lubricants"},{"code":"HIV.B.DE151","display":"Offer pre-exposure prophylaxis (PrEP) for people at elevated risk for HIV acquisition"},{"code":"HIV.B.DE152","display":"Offer post-exposure prophylaxis (PEP) following suspected exposure"},{"code":"HIV.B.DE153","display":"Voluntary medical male circumcision (VMMC)"},{"code":"HIV.B.DE154","display":"Harm reduction for people who inject drugs"},{"code":"HIV.B.DE155","display":"Behavioural interventions to support risk reduction, particularly for people with HIV and members of key populations"},{"code":"HIV.B.DE156","display":"HIV testing for partners and biological children"},{"code":"HIV.B.DE157","display":"HIV testing for partners and social contacts of people from key populations, where appropriate"},{"code":"HIV.C.DE132","display":"Male and female condoms and condom-compatible lubricants offered"},{"code":"HIV.C.DE133","display":"Voluntary medical male circumcision (VMMC) referral"},{"code":"HIV.C.DE134","display":"Harm reduction for people who inject drugs"},{"code":"HIV.C.DE135","display":"Behavioural interventions to support risk reduction"},{"code":"HIV.D.DE153","display":"Offer male and female condoms and condom-compatible lubricants"},{"code":"HIV.D.DE154","display":"Harm reduction for people who inject drugs"},{"code":"HIV.D.DE155","display":"Behavioural interventions to support risk reduction"}]}]}}