{"resourceType":"ValueSet","id":"hiv-e-de187","text":{"status":"extensions","div":"<div xmlns=\"http://www.w3.org/1999/xhtml\"><ul><li>Include these codes as defined in <a href=\"CodeSystem-concept-codes.html\"><code>http://fhir.org/guides/itech-uw/who-smart-hiv-dak/CodeSystem/concept-codes</code></a><table class=\"none\"><tr><td style=\"white-space:nowrap\"><b>Code</b></td><td><b>Display</b></td><td><b>Definition</b></td></tr><tr><td><a href=\"CodeSystem-concept-codes.html#concept-codes-HIV.46E.46DE187\">HIV.E.DE187</a></td><td>Positive</td><td>EID test number 1 test result - Positive</td></tr><tr><td><a href=\"CodeSystem-concept-codes.html#concept-codes-HIV.46E.46DE188\">HIV.E.DE188</a></td><td>Negative</td><td>EID test number 1 test result - Negative</td></tr><tr><td><a href=\"CodeSystem-concept-codes.html#concept-codes-HIV.46E.46DE189\">HIV.E.DE189</a></td><td>Indeterminate</td><td>EID test number 1 test result - Indeterminate</td></tr></table></li></ul></div>"},"url":"http://fhir.org/guides/itech-uw/ValueSet/hiv-e-de187","version":"0.3.0","name":"EIDtestnumber1testresultCodes","title":"EID test number 1 test result Codes","status":"draft","experimental":false,"date":"2024-06-10T14:32:54+00:00","publisher":"World Health Organization (WHO) ","contact":[{"telecom":[{"system":"url","value":"https://www.who.int"}]}],"description":"Codes representing possible values for the EID test number 1 test result element","jurisdiction":[{"coding":[{"system":"http://unstats.un.org/unsd/methods/m49/m49.htm","code":"001"}]}],"immutable":true,"compose":{"include":[{"system":"http://fhir.org/guides/itech-uw/who-smart-hiv-dak/CodeSystem/concept-codes","concept":[{"code":"HIV.E.DE187","display":"Positive"},{"code":"HIV.E.DE188","display":"Negative"},{"code":"HIV.E.DE189","display":"Indeterminate"}]}]}}