{"resourceType":"ValueSet","id":"hiv-b-de227","text":{"status":"extensions","div":"<div xmlns=\"http://www.w3.org/1999/xhtml\"><ul><li>Include these codes as defined in <a href=\"CodeSystem-concept-codes.html\"><code>http://fhir.org/guides/itech-uw/who-smart-hiv-dak/CodeSystem/concept-codes</code></a><table class=\"none\"><tr><td style=\"white-space:nowrap\"><b>Code</b></td><td><b>Display</b></td><td><b>Definition</b></td></tr><tr><td><a href=\"CodeSystem-concept-codes.html#concept-codes-HIV.46B.46DE227\">HIV.B.DE227</a></td><td>Urethral discharge syndrome</td><td>Syndrome/STI diagnosed - Urethral discharge syndrome</td></tr><tr><td><a href=\"CodeSystem-concept-codes.html#concept-codes-HIV.46B.46DE228\">HIV.B.DE228</a></td><td>Vaginal discharge syndrome</td><td>Syndrome/STI diagnosed - Vaginal discharge syndrome</td></tr><tr><td><a href=\"CodeSystem-concept-codes.html#concept-codes-HIV.46B.46DE229\">HIV.B.DE229</a></td><td>Lower Abdominal pain</td><td>Syndrome/STI diagnosed - Lower Abdominal pain</td></tr><tr><td><a href=\"CodeSystem-concept-codes.html#concept-codes-HIV.46B.46DE230\">HIV.B.DE230</a></td><td>Genital ulcer disease syndrome</td><td>Syndrome/STI diagnosed - Genital ulcer disease syndrome</td></tr><tr><td><a href=\"CodeSystem-concept-codes.html#concept-codes-HIV.46B.46DE231\">HIV.B.DE231</a></td><td>Anorectal discharge</td><td>Syndrome/STI diagnosed - Anorectal discharge</td></tr><tr><td><a href=\"CodeSystem-concept-codes.html#concept-codes-HIV.46B.46DE232\">HIV.B.DE232</a></td><td>Sent for testing</td><td>Syndrome/STI diagnosed - Sent for testing</td></tr><tr><td><a href=\"CodeSystem-concept-codes.html#concept-codes-HIV.46B.46DE233\">HIV.B.DE233</a></td><td>Other</td><td>Syndrome/STI diagnosed - Other</td></tr><tr><td><a href=\"CodeSystem-concept-codes.html#concept-codes-HIV.46D.46DE779\">HIV.D.DE779</a></td><td>Urethral discharge syndrome</td><td>Syndrome/STI diagnosed - Urethral discharge syndrome</td></tr><tr><td><a href=\"CodeSystem-concept-codes.html#concept-codes-HIV.46D.46DE780\">HIV.D.DE780</a></td><td>Vaginal discharge syndrome</td><td>Syndrome/STI diagnosed - Vaginal discharge syndrome</td></tr><tr><td><a href=\"CodeSystem-concept-codes.html#concept-codes-HIV.46D.46DE781\">HIV.D.DE781</a></td><td>Lower Abdominal pain</td><td>Syndrome/STI diagnosed - Lower Abdominal pain</td></tr><tr><td><a href=\"CodeSystem-concept-codes.html#concept-codes-HIV.46D.46DE782\">HIV.D.DE782</a></td><td>Genital ulcer disease syndrome</td><td>Syndrome/STI diagnosed - Genital ulcer disease syndrome</td></tr><tr><td><a href=\"CodeSystem-concept-codes.html#concept-codes-HIV.46D.46DE783\">HIV.D.DE783</a></td><td>Anorectal discharge</td><td>Syndrome/STI diagnosed - Anorectal discharge</td></tr><tr><td><a href=\"CodeSystem-concept-codes.html#concept-codes-HIV.46D.46DE784\">HIV.D.DE784</a></td><td>Sent for testing</td><td>Syndrome/STI diagnosed - Sent for testing</td></tr><tr><td><a href=\"CodeSystem-concept-codes.html#concept-codes-HIV.46D.46DE785\">HIV.D.DE785</a></td><td>Other</td><td>Syndrome/STI diagnosed - Other</td></tr></table></li></ul></div>"},"url":"http://fhir.org/guides/itech-uw/ValueSet/hiv-b-de227","version":"0.3.0","name":"SyndromeSTIdiagnosedCodes","title":"Syndrome/STI diagnosed Codes","status":"draft","experimental":false,"date":"2024-06-10T14:32:54+00:00","publisher":"World Health Organization (WHO) ","contact":[{"telecom":[{"system":"url","value":"https://www.who.int"}]}],"description":"Codes representing possible values for the Syndrome/STI diagnosed element","jurisdiction":[{"coding":[{"system":"http://unstats.un.org/unsd/methods/m49/m49.htm","code":"001"}]}],"immutable":true,"compose":{"include":[{"system":"http://fhir.org/guides/itech-uw/who-smart-hiv-dak/CodeSystem/concept-codes","concept":[{"code":"HIV.B.DE227","display":"Urethral discharge syndrome"},{"code":"HIV.B.DE228","display":"Vaginal discharge syndrome"},{"code":"HIV.B.DE229","display":"Lower Abdominal pain"},{"code":"HIV.B.DE230","display":"Genital ulcer disease syndrome"},{"code":"HIV.B.DE231","display":"Anorectal discharge"},{"code":"HIV.B.DE232","display":"Sent for testing"},{"code":"HIV.B.DE233","display":"Other"},{"code":"HIV.D.DE779","display":"Urethral discharge syndrome"},{"code":"HIV.D.DE780","display":"Vaginal discharge syndrome"},{"code":"HIV.D.DE781","display":"Lower Abdominal pain"},{"code":"HIV.D.DE782","display":"Genital ulcer disease syndrome"},{"code":"HIV.D.DE783","display":"Anorectal discharge"},{"code":"HIV.D.DE784","display":"Sent for testing"},{"code":"HIV.D.DE785","display":"Other"}]}]}}