{"resourceType":"ValueSet","id":"hiv-b-de262","text":{"status":"extensions","div":"<div xmlns=\"http://www.w3.org/1999/xhtml\"><ul><li>Include these codes as defined in <a href=\"CodeSystem-concept-codes.html\"><code>http://fhir.org/guides/itech-uw/who-smart-hiv-dak/CodeSystem/concept-codes</code></a><table class=\"none\"><tr><td style=\"white-space:nowrap\"><b>Code</b></td><td><b>Display</b></td><td><b>Definition</b></td></tr><tr><td><a href=\"CodeSystem-concept-codes.html#concept-codes-HIV.46B.46DE262\">HIV.B.DE262</a></td><td>Blood</td><td>Type of specimen - Blood</td></tr><tr><td><a href=\"CodeSystem-concept-codes.html#concept-codes-HIV.46B.46DE263\">HIV.B.DE263</a></td><td>Urine</td><td>Type of specimen - Urine</td></tr><tr><td><a href=\"CodeSystem-concept-codes.html#concept-codes-HIV.46B.46DE264\">HIV.B.DE264</a></td><td>Cervical or vaginal swab</td><td>Type of specimen - Cervical or vaginal swab</td></tr><tr><td><a href=\"CodeSystem-concept-codes.html#concept-codes-HIV.46B.46DE265\">HIV.B.DE265</a></td><td>Urethral or penile swab</td><td>Type of specimen - Urethral or penile swab</td></tr><tr><td><a href=\"CodeSystem-concept-codes.html#concept-codes-HIV.46B.46DE266\">HIV.B.DE266</a></td><td>Rectal swab</td><td>Type of specimen - Rectal swab</td></tr><tr><td><a href=\"CodeSystem-concept-codes.html#concept-codes-HIV.46B.46DE267\">HIV.B.DE267</a></td><td>Other</td><td>Type of specimen - Other</td></tr><tr><td><a href=\"CodeSystem-concept-codes.html#concept-codes-HIV.46D.46DE814\">HIV.D.DE814</a></td><td>Blood</td><td>Type of specimen - Blood</td></tr><tr><td><a href=\"CodeSystem-concept-codes.html#concept-codes-HIV.46D.46DE815\">HIV.D.DE815</a></td><td>Urine</td><td>Type of specimen - Urine</td></tr><tr><td><a href=\"CodeSystem-concept-codes.html#concept-codes-HIV.46D.46DE816\">HIV.D.DE816</a></td><td>Cervical or vaginal swab</td><td>Type of specimen - Cervical or vaginal swab</td></tr><tr><td><a href=\"CodeSystem-concept-codes.html#concept-codes-HIV.46D.46DE817\">HIV.D.DE817</a></td><td>Urethral or penile swab</td><td>Type of specimen - Urethral or penile swab</td></tr><tr><td><a href=\"CodeSystem-concept-codes.html#concept-codes-HIV.46D.46DE818\">HIV.D.DE818</a></td><td>Rectal swab</td><td>Type of specimen - Rectal swab</td></tr><tr><td><a href=\"CodeSystem-concept-codes.html#concept-codes-HIV.46D.46DE819\">HIV.D.DE819</a></td><td>Other</td><td>Type of specimen - Other</td></tr></table></li></ul></div>"},"url":"http://fhir.org/guides/itech-uw/ValueSet/hiv-b-de262","version":"0.3.0","name":"TypeofspecimenCodes","title":"Type of specimen Codes","status":"draft","experimental":false,"date":"2024-05-15T17:51:55+00:00","publisher":"World Health Organization (WHO) ","contact":[{"telecom":[{"system":"url","value":"https://www.who.int"}]}],"description":"Codes representing possible values for the Type of specimen element","jurisdiction":[{"coding":[{"system":"http://unstats.un.org/unsd/methods/m49/m49.htm","code":"001"}]}],"immutable":true,"compose":{"include":[{"system":"http://fhir.org/guides/itech-uw/who-smart-hiv-dak/CodeSystem/concept-codes","concept":[{"code":"HIV.B.DE262","display":"Blood"},{"code":"HIV.B.DE263","display":"Urine"},{"code":"HIV.B.DE264","display":"Cervical or vaginal swab"},{"code":"HIV.B.DE265","display":"Urethral or penile swab"},{"code":"HIV.B.DE266","display":"Rectal swab"},{"code":"HIV.B.DE267","display":"Other"},{"code":"HIV.D.DE814","display":"Blood"},{"code":"HIV.D.DE815","display":"Urine"},{"code":"HIV.D.DE816","display":"Cervical or vaginal swab"},{"code":"HIV.D.DE817","display":"Urethral or penile swab"},{"code":"HIV.D.DE818","display":"Rectal swab"},{"code":"HIV.D.DE819","display":"Other"}]}]}}