{"resourceType":"ValueSet","id":"hiv-d-de665","text":{"status":"extensions","div":"<div xmlns=\"http://www.w3.org/1999/xhtml\"><ul><li>Include these codes as defined in <a href=\"CodeSystem-concept-codes.html\"><code>http://fhir.org/guides/itech-uw/who-smart-hiv-dak/CodeSystem/concept-codes</code></a><table class=\"none\"><tr><td style=\"white-space:nowrap\"><b>Code</b></td><td><b>Display</b></td><td><b>Definition</b></td></tr><tr><td><a href=\"CodeSystem-concept-codes.html#concept-codes-HIV.46D.46DE665\">HIV.D.DE665</a></td><td>Negative</td><td>HPV-DNA cervical cancer screening test result - Negative</td></tr><tr><td><a href=\"CodeSystem-concept-codes.html#concept-codes-HIV.46D.46DE666\">HIV.D.DE666</a></td><td>Positive</td><td>HPV-DNA cervical cancer screening test result - Positive</td></tr><tr><td><a href=\"CodeSystem-concept-codes.html#concept-codes-HIV.46D.46DE667\">HIV.D.DE667</a></td><td>Invalid</td><td>HPV-DNA cervical cancer screening test result - Invalid</td></tr></table></li></ul></div>"},"url":"http://fhir.org/guides/itech-uw/ValueSet/hiv-d-de665","version":"0.3.0","name":"HPVDNAcervicalcancerscreeningtestresultCodes","title":"HPV-DNA cervical cancer screening test result Codes","status":"draft","experimental":false,"date":"2024-04-30T19:50:03+00:00","publisher":"World Health Organization (WHO) ","contact":[{"telecom":[{"system":"url","value":"https://www.who.int"}]}],"description":"Codes representing possible values for the HPV-DNA cervical cancer screening test result element","jurisdiction":[{"coding":[{"system":"http://unstats.un.org/unsd/methods/m49/m49.htm","code":"001"}]}],"immutable":true,"compose":{"include":[{"system":"http://fhir.org/guides/itech-uw/who-smart-hiv-dak/CodeSystem/concept-codes","concept":[{"code":"HIV.D.DE665","display":"Negative"},{"code":"HIV.D.DE666","display":"Positive"},{"code":"HIV.D.DE667","display":"Invalid"}]}]}}