{"resourceType":"ValueSet","id":"hiv-b-de103","text":{"status":"extensions","div":"<div xmlns=\"http://www.w3.org/1999/xhtml\"><ul><li>Include these codes as defined in <a href=\"CodeSystem-concept-codes.html\"><code>http://fhir.org/guides/itech-uw/who-smart-hiv-dak/CodeSystem/concept-codes</code></a><table class=\"none\"><tr><td style=\"white-space:nowrap\"><b>Code</b></td><td><b>Display</b></td><td><b>Definition</b></td></tr><tr><td><a href=\"CodeSystem-concept-codes.html#concept-codes-HIV.46B.46DE103\">HIV.B.DE103</a></td><td>Reactive</td><td>Test result of HIV assay 3 - Reactive</td></tr><tr><td><a href=\"CodeSystem-concept-codes.html#concept-codes-HIV.46B.46DE104\">HIV.B.DE104</a></td><td>Non-reactive</td><td>Test result of HIV assay 3 - Non-reactive</td></tr><tr><td><a href=\"CodeSystem-concept-codes.html#concept-codes-HIV.46B.46DE105\">HIV.B.DE105</a></td><td>Invalid</td><td>Test result of HIV assay 3 - Invalid</td></tr><tr><td><a href=\"CodeSystem-concept-codes.html#concept-codes-HIV.46E.46DE209\">HIV.E.DE209</a></td><td>Reactive</td><td>Test result of HIV assay 3 - Reactive</td></tr><tr><td><a href=\"CodeSystem-concept-codes.html#concept-codes-HIV.46E.46DE210\">HIV.E.DE210</a></td><td>Non-reactive</td><td>Test result of HIV assay 3 - Non-reactive</td></tr><tr><td><a href=\"CodeSystem-concept-codes.html#concept-codes-HIV.46E.46DE211\">HIV.E.DE211</a></td><td>Invalid</td><td>Test result of HIV assay 3 - Invalid</td></tr></table></li></ul></div>"},"url":"http://fhir.org/guides/itech-uw/ValueSet/hiv-b-de103","version":"0.3.0","name":"TestresultofHIVassay3Codes","title":"Test result of HIV assay 3 Codes","status":"draft","experimental":false,"date":"2024-06-10T14:32:54+00:00","publisher":"World Health Organization (WHO) ","contact":[{"telecom":[{"system":"url","value":"https://www.who.int"}]}],"description":"Codes representing possible values for the Test result of HIV assay 3 element","jurisdiction":[{"coding":[{"system":"http://unstats.un.org/unsd/methods/m49/m49.htm","code":"001"}]}],"immutable":true,"compose":{"include":[{"system":"http://fhir.org/guides/itech-uw/who-smart-hiv-dak/CodeSystem/concept-codes","concept":[{"code":"HIV.B.DE103","display":"Reactive"},{"code":"HIV.B.DE104","display":"Non-reactive"},{"code":"HIV.B.DE105","display":"Invalid"},{"code":"HIV.E.DE209","display":"Reactive"},{"code":"HIV.E.DE210","display":"Non-reactive"},{"code":"HIV.E.DE211","display":"Invalid"}]}]}}