{"resourceType":"ValueSet","id":"hiv-d-de1003","text":{"status":"extensions","div":"<div xmlns=\"http://www.w3.org/1999/xhtml\"><ul><li>Include these codes as defined in <a href=\"CodeSystem-concept-codes.html\"><code>http://fhir.org/guides/itech-uw/who-smart-hiv-dak/CodeSystem/concept-codes</code></a><table class=\"none\"><tr><td style=\"white-space:nowrap\"><b>Code</b></td><td><b>Display</b></td><td><b>Definition</b></td></tr><tr><td><a href=\"CodeSystem-concept-codes.html#concept-codes-HIV.46D.46DE1003\">HIV.D.DE1003</a></td><td>Treatment failed</td><td>TB treatment outcome - Treatment failed</td></tr><tr><td><a href=\"CodeSystem-concept-codes.html#concept-codes-HIV.46D.46DE1004\">HIV.D.DE1004</a></td><td>Cured</td><td>TB treatment outcome - Cured</td></tr><tr><td><a href=\"CodeSystem-concept-codes.html#concept-codes-HIV.46D.46DE1005\">HIV.D.DE1005</a></td><td>Treatment completed</td><td>TB treatment outcome - Treatment completed</td></tr><tr><td><a href=\"CodeSystem-concept-codes.html#concept-codes-HIV.46D.46DE1006\">HIV.D.DE1006</a></td><td>Died</td><td>TB treatment outcome - Died</td></tr><tr><td><a href=\"CodeSystem-concept-codes.html#concept-codes-HIV.46D.46DE1007\">HIV.D.DE1007</a></td><td>Lost to follow-up</td><td>TB treatment outcome - Lost to follow-up</td></tr><tr><td><a href=\"CodeSystem-concept-codes.html#concept-codes-HIV.46D.46DE1008\">HIV.D.DE1008</a></td><td>Not evaluated</td><td>TB treatment outcome - Not evaluated</td></tr></table></li></ul></div>"},"url":"http://fhir.org/guides/itech-uw/ValueSet/hiv-d-de1003","version":"0.3.0","name":"TBtreatmentoutcomeCodes","title":"TB treatment outcome Codes","status":"draft","experimental":false,"date":"2024-05-15T17:51:55+00:00","publisher":"World Health Organization (WHO) ","contact":[{"telecom":[{"system":"url","value":"https://www.who.int"}]}],"description":"Codes representing possible values for the TB treatment outcome element","jurisdiction":[{"coding":[{"system":"http://unstats.un.org/unsd/methods/m49/m49.htm","code":"001"}]}],"immutable":true,"compose":{"include":[{"system":"http://fhir.org/guides/itech-uw/who-smart-hiv-dak/CodeSystem/concept-codes","concept":[{"code":"HIV.D.DE1003","display":"Treatment failed"},{"code":"HIV.D.DE1004","display":"Cured"},{"code":"HIV.D.DE1005","display":"Treatment completed"},{"code":"HIV.D.DE1006","display":"Died"},{"code":"HIV.D.DE1007","display":"Lost to follow-up"},{"code":"HIV.D.DE1008","display":"Not evaluated"}]}]}}