{"resourceType":"ValueSet","id":"hiv-d-de674","text":{"status":"extensions","div":"<div xmlns=\"http://www.w3.org/1999/xhtml\"><ul><li>Include these codes as defined in <a href=\"CodeSystem-concept-codes.html\"><code>http://fhir.org/guides/itech-uw/who-smart-hiv-dak/CodeSystem/concept-codes</code></a><table class=\"none\"><tr><td style=\"white-space:nowrap\"><b>Code</b></td><td><b>Display</b></td><td><b>Definition</b></td></tr><tr><td><a href=\"CodeSystem-concept-codes.html#concept-codes-HIV.46D.46DE674\">HIV.D.DE674</a></td><td>NILM</td><td>Cervical cytology screening test result - NILM</td></tr><tr><td><a href=\"CodeSystem-concept-codes.html#concept-codes-HIV.46D.46DE675\">HIV.D.DE675</a></td><td>ASCUS</td><td>Cervical cytology screening test result - ASCUS</td></tr><tr><td><a href=\"CodeSystem-concept-codes.html#concept-codes-HIV.46D.46DE676\">HIV.D.DE676</a></td><td>LSIL</td><td>Cervical cytology screening test result - LSIL</td></tr><tr><td><a href=\"CodeSystem-concept-codes.html#concept-codes-HIV.46D.46DE677\">HIV.D.DE677</a></td><td>HSIL</td><td>Cervical cytology screening test result - HSIL</td></tr><tr><td><a href=\"CodeSystem-concept-codes.html#concept-codes-HIV.46D.46DE678\">HIV.D.DE678</a></td><td>Cancer</td><td>Cervical cytology screening test result - Cancer</td></tr><tr><td><a href=\"CodeSystem-concept-codes.html#concept-codes-HIV.46D.46DE679\">HIV.D.DE679</a></td><td>Invalid/inadequate</td><td>Cervical cytology screening test result - Invalid/inadequate</td></tr></table></li></ul></div>"},"url":"http://fhir.org/guides/itech-uw/ValueSet/hiv-d-de674","version":"0.3.0","name":"CervicalcytologyscreeningtestresultCodes","title":"Cervical cytology screening test result Codes","status":"draft","experimental":false,"date":"2024-04-30T19:24:27+00:00","publisher":"World Health Organization (WHO) ","contact":[{"telecom":[{"system":"url","value":"https://www.who.int"}]}],"description":"Codes representing possible values for the Cervical cytology screening test result element","jurisdiction":[{"coding":[{"system":"http://unstats.un.org/unsd/methods/m49/m49.htm","code":"001"}]}],"immutable":true,"compose":{"include":[{"system":"http://fhir.org/guides/itech-uw/who-smart-hiv-dak/CodeSystem/concept-codes","concept":[{"code":"HIV.D.DE674","display":"NILM"},{"code":"HIV.D.DE675","display":"ASCUS"},{"code":"HIV.D.DE676","display":"LSIL"},{"code":"HIV.D.DE677","display":"HSIL"},{"code":"HIV.D.DE678","display":"Cancer"},{"code":"HIV.D.DE679","display":"Invalid/inadequate"}]}]}}