{"resourceType":"ValueSet","id":"hiv-e-de7","text":{"status":"extensions","div":"<div xmlns=\"http://www.w3.org/1999/xhtml\"><ul><li>Include these codes as defined in <a href=\"CodeSystem-concept-codes.html\"><code>http://fhir.org/guides/itech-uw/who-smart-hiv-dak/CodeSystem/concept-codes</code></a><table class=\"none\"><tr><td style=\"white-space:nowrap\"><b>Code</b></td><td><b>Display</b></td><td><b>Definition</b></td></tr><tr><td><a href=\"CodeSystem-concept-codes.html#concept-codes-HIV.46E.46DE7\">HIV.E.DE7</a></td><td>Last menstrual period (LMP)</td><td>Source of gestational age - Last menstrual period (LMP)</td></tr><tr><td><a href=\"CodeSystem-concept-codes.html#concept-codes-HIV.46E.46DE8\">HIV.E.DE8</a></td><td>Ultrasound</td><td>Source of gestational age - Ultrasound</td></tr><tr><td><a href=\"CodeSystem-concept-codes.html#concept-codes-HIV.46E.46DE9\">HIV.E.DE9</a></td><td>Symphysis fundal height (SFH) or abdominal palpation</td><td>Source of gestational age - Symphysis fundal height (SFH) or abdominal palpation</td></tr></table></li></ul></div>"},"url":"http://fhir.org/guides/itech-uw/ValueSet/hiv-e-de7","version":"0.3.0","name":"SourceofgestationalageCodes","title":"Source of gestational age Codes","status":"draft","experimental":false,"date":"2024-06-06T18:10:14+00:00","publisher":"World Health Organization (WHO) ","contact":[{"telecom":[{"system":"url","value":"https://www.who.int"}]}],"description":"Codes representing possible values for the Source of gestational age element","jurisdiction":[{"coding":[{"system":"http://unstats.un.org/unsd/methods/m49/m49.htm","code":"001"}]}],"immutable":true,"compose":{"include":[{"system":"http://fhir.org/guides/itech-uw/who-smart-hiv-dak/CodeSystem/concept-codes","concept":[{"code":"HIV.E.DE7","display":"Last menstrual period (LMP)"},{"code":"HIV.E.DE8","display":"Ultrasound"},{"code":"HIV.E.DE9","display":"Symphysis fundal height (SFH) or abdominal palpation"}]}]}}