{"resourceType":"ValueSet","id":"hiv-c-de92","text":{"status":"extensions","div":"<div xmlns=\"http://www.w3.org/1999/xhtml\"><ul><li>Include these codes as defined in <a href=\"CodeSystem-concept-codes.html\"><code>http://fhir.org/guides/itech-uw/who-smart-hiv-dak/CodeSystem/concept-codes</code></a><table class=\"none\"><tr><td style=\"white-space:nowrap\"><b>Code</b></td><td><b>Display</b></td><td><b>Definition</b></td></tr><tr><td><a href=\"CodeSystem-concept-codes.html#concept-codes-HIV.46C.46DE92\">HIV.C.DE92</a></td><td>TDF + 3TC</td><td>Preferred PEP backbone regimen - TDF + 3TC</td></tr><tr><td><a href=\"CodeSystem-concept-codes.html#concept-codes-HIV.46C.46DE93\">HIV.C.DE93</a></td><td>TDF + FTC</td><td>Preferred PEP backbone regimen - TDF + FTC</td></tr><tr><td><a href=\"CodeSystem-concept-codes.html#concept-codes-HIV.46C.46DE94\">HIV.C.DE94</a></td><td>AZT + 3TC</td><td>Preferred PEP backbone regimen - AZT + 3TC</td></tr></table></li></ul></div>"},"url":"http://fhir.org/guides/itech-uw/ValueSet/hiv-c-de92","version":"0.3.0","name":"PreferredPEPbackboneregimenCodes","title":"Preferred PEP backbone regimen Codes","status":"draft","experimental":false,"date":"2024-04-30T19:53:06+00:00","publisher":"World Health Organization (WHO) ","contact":[{"telecom":[{"system":"url","value":"https://www.who.int"}]}],"description":"Codes representing possible values for the Preferred PEP backbone regimen element","jurisdiction":[{"coding":[{"system":"http://unstats.un.org/unsd/methods/m49/m49.htm","code":"001"}]}],"immutable":true,"compose":{"include":[{"system":"http://fhir.org/guides/itech-uw/who-smart-hiv-dak/CodeSystem/concept-codes","concept":[{"code":"HIV.C.DE92","display":"TDF + 3TC"},{"code":"HIV.C.DE93","display":"TDF + FTC"},{"code":"HIV.C.DE94","display":"AZT + 3TC"}]}]}}