{"resourceType":"ValueSet","id":"hiv-d-de561","text":{"status":"extensions","div":"<div xmlns=\"http://www.w3.org/1999/xhtml\"><ul><li>Include these codes as defined in <a href=\"CodeSystem-concept-codes.html\"><code>http://fhir.org/guides/itech-uw/who-smart-hiv-dak/CodeSystem/concept-codes</code></a><table class=\"none\"><tr><td style=\"white-space:nowrap\"><b>Code</b></td><td><b>Display</b></td><td><b>Definition</b></td></tr><tr><td><a href=\"CodeSystem-concept-codes.html#concept-codes-HIV.46D.46DE561\">HIV.D.DE561</a></td><td>No known allergies</td><td>Allergies - No known allergies</td></tr><tr><td><a href=\"CodeSystem-concept-codes.html#concept-codes-HIV.46D.46DE562\">HIV.D.DE562</a></td><td>Don't know of any allergies</td><td>Allergies - Don't know of any allergies</td></tr><tr><td><a href=\"CodeSystem-concept-codes.html#concept-codes-HIV.46D.46DE563\">HIV.D.DE563</a></td><td>Albendazole</td><td>Allergies - Albendazole</td></tr><tr><td><a href=\"CodeSystem-concept-codes.html#concept-codes-HIV.46D.46DE564\">HIV.D.DE564</a></td><td>Malaria medication (sulfadoxine-pyrimethamine)</td><td>Allergies - Malaria medication (sulfadoxine-pyrimethamine)</td></tr><tr><td><a href=\"CodeSystem-concept-codes.html#concept-codes-HIV.46D.46DE565\">HIV.D.DE565</a></td><td>Penicillin</td><td>Allergies - Penicillin</td></tr><tr><td><a href=\"CodeSystem-concept-codes.html#concept-codes-HIV.46D.46DE566\">HIV.D.DE566</a></td><td>Tenofovir disoproxil fumarate (TDF)</td><td>Allergies - Tenofovir disoproxil fumarate (TDF)</td></tr><tr><td><a href=\"CodeSystem-concept-codes.html#concept-codes-HIV.46D.46DE567\">HIV.D.DE567</a></td><td>Other allergies</td><td>Allergies - Other allergies</td></tr></table></li></ul></div>"},"url":"http://fhir.org/guides/itech-uw/ValueSet/hiv-d-de561","version":"0.3.0","name":"AllergiesCodes","title":"Allergies Codes","status":"draft","experimental":false,"date":"2024-06-06T18:10:14+00:00","publisher":"World Health Organization (WHO) ","contact":[{"telecom":[{"system":"url","value":"https://www.who.int"}]}],"description":"Codes representing possible values for the Allergies element","jurisdiction":[{"coding":[{"system":"http://unstats.un.org/unsd/methods/m49/m49.htm","code":"001"}]}],"immutable":true,"compose":{"include":[{"system":"http://fhir.org/guides/itech-uw/who-smart-hiv-dak/CodeSystem/concept-codes","concept":[{"code":"HIV.D.DE561","display":"No known allergies"},{"code":"HIV.D.DE562","display":"Don't know of any allergies"},{"code":"HIV.D.DE563","display":"Albendazole"},{"code":"HIV.D.DE564","display":"Malaria medication (sulfadoxine-pyrimethamine)"},{"code":"HIV.D.DE565","display":"Penicillin"},{"code":"HIV.D.DE566","display":"Tenofovir disoproxil fumarate (TDF)"},{"code":"HIV.D.DE567","display":"Other allergies"}]}]}}