{"resourceType":"ValueSet","id":"hiv-g-de36","text":{"status":"extensions","div":"<div xmlns=\"http://www.w3.org/1999/xhtml\"><ul><li>Include these codes as defined in <a href=\"CodeSystem-concept-codes.html\"><code>http://fhir.org/guides/itech-uw/who-smart-hiv-dak/CodeSystem/concept-codes</code></a><table class=\"none\"><tr><td style=\"white-space:nowrap\"><b>Code</b></td><td><b>Display</b></td><td><b>Definition</b></td></tr><tr><td><a href=\"CodeSystem-concept-codes.html#concept-codes-HIV.46G.46DE36\">HIV.G.DE36</a></td><td>Test delayed to next contact or referred</td><td>Reason Hepatitis C test not done - Test delayed to next contact or referred</td></tr><tr><td><a href=\"CodeSystem-concept-codes.html#concept-codes-HIV.46G.46DE37\">HIV.G.DE37</a></td><td>Stock-out or expired</td><td>Reason Hepatitis C test not done - Stock-out or expired</td></tr><tr><td><a href=\"CodeSystem-concept-codes.html#concept-codes-HIV.46G.46DE38\">HIV.G.DE38</a></td><td>Machine or technician not available or machine not functioning</td><td>Reason Hepatitis C test not done - Machine or technician not available or machine not functioning</td></tr><tr><td><a href=\"CodeSystem-concept-codes.html#concept-codes-HIV.46G.46DE39\">HIV.G.DE39</a></td><td>Client declined / refused test</td><td>Reason Hepatitis C test not done - Client declined / refused test</td></tr><tr><td><a href=\"CodeSystem-concept-codes.html#concept-codes-HIV.46G.46DE40\">HIV.G.DE40</a></td><td>Other</td><td>Reason Hepatitis C test not done - Other</td></tr></table></li></ul></div>"},"url":"http://fhir.org/guides/itech-uw/ValueSet/hiv-g-de36","version":"0.3.0","name":"ReasonHepatitisCtestnotdoneCodes","title":"Reason Hepatitis C test not done Codes","status":"draft","experimental":false,"date":"2024-04-30T19:24:27+00:00","publisher":"World Health Organization (WHO) ","contact":[{"telecom":[{"system":"url","value":"https://www.who.int"}]}],"description":"Codes representing possible values for the Reason Hepatitis C test not done element","jurisdiction":[{"coding":[{"system":"http://unstats.un.org/unsd/methods/m49/m49.htm","code":"001"}]}],"immutable":true,"compose":{"include":[{"system":"http://fhir.org/guides/itech-uw/who-smart-hiv-dak/CodeSystem/concept-codes","concept":[{"code":"HIV.G.DE36","display":"Test delayed to next contact or referred"},{"code":"HIV.G.DE37","display":"Stock-out or expired"},{"code":"HIV.G.DE38","display":"Machine or technician not available or machine not functioning"},{"code":"HIV.G.DE39","display":"Client declined / refused test"},{"code":"HIV.G.DE40","display":"Other"}]}]}}