{"resourceType":"ValueSet","id":"hiv-e-de247","text":{"status":"extensions","div":"<div xmlns=\"http://www.w3.org/1999/xhtml\"><ul><li>Include these codes as defined in <a href=\"CodeSystem-concept-codes.html\"><code>http://fhir.org/guides/itech-uw/who-smart-hiv-dak/CodeSystem/concept-codes</code></a><table class=\"none\"><tr><td style=\"white-space:nowrap\"><b>Code</b></td><td><b>Display</b></td><td><b>Definition</b></td></tr><tr><td><a href=\"CodeSystem-concept-codes.html#concept-codes-HIV.46E.46DE247\">HIV.E.DE247</a></td><td>A+</td><td>Blood group and Rh factor - A+</td></tr><tr><td><a href=\"CodeSystem-concept-codes.html#concept-codes-HIV.46E.46DE248\">HIV.E.DE248</a></td><td>A-</td><td>Blood group and Rh factor - A-</td></tr><tr><td><a href=\"CodeSystem-concept-codes.html#concept-codes-HIV.46E.46DE249\">HIV.E.DE249</a></td><td>B+</td><td>Blood group and Rh factor - B+</td></tr><tr><td><a href=\"CodeSystem-concept-codes.html#concept-codes-HIV.46E.46DE250\">HIV.E.DE250</a></td><td>B-</td><td>Blood group and Rh factor - B-</td></tr><tr><td><a href=\"CodeSystem-concept-codes.html#concept-codes-HIV.46E.46DE251\">HIV.E.DE251</a></td><td>O+</td><td>Blood group and Rh factor - O+</td></tr><tr><td><a href=\"CodeSystem-concept-codes.html#concept-codes-HIV.46E.46DE252\">HIV.E.DE252</a></td><td>O-</td><td>Blood group and Rh factor - O-</td></tr><tr><td><a href=\"CodeSystem-concept-codes.html#concept-codes-HIV.46E.46DE253\">HIV.E.DE253</a></td><td>AB+</td><td>Blood group and Rh factor - AB+</td></tr><tr><td><a href=\"CodeSystem-concept-codes.html#concept-codes-HIV.46E.46DE254\">HIV.E.DE254</a></td><td>AB-</td><td>Blood group and Rh factor - AB-</td></tr></table></li></ul></div>"},"url":"http://fhir.org/guides/itech-uw/ValueSet/hiv-e-de247","version":"0.3.0","name":"BloodgroupandRhfactorCodes","title":"Blood group and Rh factor Codes","status":"draft","experimental":false,"date":"2024-05-15T17:51:55+00:00","publisher":"World Health Organization (WHO) ","contact":[{"telecom":[{"system":"url","value":"https://www.who.int"}]}],"description":"Codes representing possible values for the Blood group and Rh factor element","jurisdiction":[{"coding":[{"system":"http://unstats.un.org/unsd/methods/m49/m49.htm","code":"001"}]}],"immutable":true,"compose":{"include":[{"system":"http://fhir.org/guides/itech-uw/who-smart-hiv-dak/CodeSystem/concept-codes","concept":[{"code":"HIV.E.DE247","display":"A+"},{"code":"HIV.E.DE248","display":"A-"},{"code":"HIV.E.DE249","display":"B+"},{"code":"HIV.E.DE250","display":"B-"},{"code":"HIV.E.DE251","display":"O+"},{"code":"HIV.E.DE252","display":"O-"},{"code":"HIV.E.DE253","display":"AB+"},{"code":"HIV.E.DE254","display":"AB-"}]}]}}