{"resourceType":"ValueSet","id":"hiv-g-de75","text":{"status":"extensions","div":"<div xmlns=\"http://www.w3.org/1999/xhtml\"><ul><li>Include these codes as defined in <a href=\"CodeSystem-concept-codes.html\"><code>http://fhir.org/guides/itech-uw/who-smart-hiv-dak/CodeSystem/concept-codes</code></a><table class=\"none\"><tr><td style=\"white-space:nowrap\"><b>Code</b></td><td><b>Display</b></td><td><b>Definition</b></td></tr><tr><td><a href=\"CodeSystem-concept-codes.html#concept-codes-HIV.46G.46DE75\">HIV.G.DE75</a></td><td>Syphilis positive</td><td>Syphilis diagnosis - Syphilis positive</td></tr><tr><td><a href=\"CodeSystem-concept-codes.html#concept-codes-HIV.46G.46DE76\">HIV.G.DE76</a></td><td>Syphilis negative</td><td>Syphilis diagnosis - Syphilis negative</td></tr></table></li></ul></div>"},"url":"http://fhir.org/guides/itech-uw/ValueSet/hiv-g-de75","version":"0.3.0","name":"SyphilisdiagnosisCodes","title":"Syphilis diagnosis Codes","status":"draft","experimental":false,"date":"2024-06-06T18:10:14+00:00","publisher":"World Health Organization (WHO) ","contact":[{"telecom":[{"system":"url","value":"https://www.who.int"}]}],"description":"Codes representing possible values for the Syphilis diagnosis element","jurisdiction":[{"coding":[{"system":"http://unstats.un.org/unsd/methods/m49/m49.htm","code":"001"}]}],"immutable":true,"compose":{"include":[{"system":"http://fhir.org/guides/itech-uw/who-smart-hiv-dak/CodeSystem/concept-codes","concept":[{"code":"HIV.G.DE75","display":"Syphilis positive"},{"code":"HIV.G.DE76","display":"Syphilis negative"}]}]}}