{"resourceType":"ValueSet","id":"hiv-b-de133","text":{"status":"extensions","div":"<div xmlns=\"http://www.w3.org/1999/xhtml\"><ul><li>Include these codes as defined in <a href=\"CodeSystem-concept-codes.html\"><code>http://fhir.org/guides/itech-uw/who-smart-hiv-dak/CodeSystem/concept-codes</code></a><table class=\"none\"><tr><td style=\"white-space:nowrap\"><b>Code</b></td><td><b>Display</b></td><td><b>Definition</b></td></tr><tr><td><a href=\"CodeSystem-concept-codes.html#concept-codes-HIV.46B.46DE133\">HIV.B.DE133</a></td><td>HIV-positive</td><td>Partner HIV test result - HIV-positive</td></tr><tr><td><a href=\"CodeSystem-concept-codes.html#concept-codes-HIV.46B.46DE134\">HIV.B.DE134</a></td><td>HIV-negative</td><td>Partner HIV test result - HIV-negative</td></tr><tr><td><a href=\"CodeSystem-concept-codes.html#concept-codes-HIV.46B.46DE135\">HIV.B.DE135</a></td><td>HIV-inconclusive</td><td>Partner HIV test result - HIV-inconclusive</td></tr></table></li></ul></div>"},"url":"http://fhir.org/guides/itech-uw/ValueSet/hiv-b-de133","version":"0.3.0","name":"PartnerHIVtestresultCodes","title":"Partner HIV test result Codes","status":"draft","experimental":false,"date":"2024-04-30T19:50:03+00:00","publisher":"World Health Organization (WHO) ","contact":[{"telecom":[{"system":"url","value":"https://www.who.int"}]}],"description":"Codes representing possible values for the Partner HIV test result element","jurisdiction":[{"coding":[{"system":"http://unstats.un.org/unsd/methods/m49/m49.htm","code":"001"}]}],"immutable":true,"compose":{"include":[{"system":"http://fhir.org/guides/itech-uw/who-smart-hiv-dak/CodeSystem/concept-codes","concept":[{"code":"HIV.B.DE133","display":"HIV-positive"},{"code":"HIV.B.DE134","display":"HIV-negative"},{"code":"HIV.B.DE135","display":"HIV-inconclusive"}]}]}}