{"resourceType":"ValueSet","id":"hiv-c-de18","text":{"status":"extensions","div":"<div xmlns=\"http://www.w3.org/1999/xhtml\"><ul><li>Include these codes as defined in <a href=\"CodeSystem-concept-codes.html\"><code>http://fhir.org/guides/itech-uw/who-smart-hiv-dak/CodeSystem/concept-codes</code></a><table class=\"none\"><tr><td style=\"white-space:nowrap\"><b>Code</b></td><td><b>Display</b></td><td><b>Definition</b></td></tr><tr><td><a href=\"CodeSystem-concept-codes.html#concept-codes-HIV.46C.46DE18\">HIV.C.DE18</a></td><td>TDF + FTC</td><td>Current PrEP regimen - TDF + FTC</td></tr><tr><td><a href=\"CodeSystem-concept-codes.html#concept-codes-HIV.46C.46DE19\">HIV.C.DE19</a></td><td>TDF</td><td>Current PrEP regimen - TDF</td></tr><tr><td><a href=\"CodeSystem-concept-codes.html#concept-codes-HIV.46C.46DE20\">HIV.C.DE20</a></td><td>TDF + 3TC</td><td>Current PrEP regimen - TDF + 3TC</td></tr><tr><td><a href=\"CodeSystem-concept-codes.html#concept-codes-HIV.46C.46DE21\">HIV.C.DE21</a></td><td>Other TDF-based regimen</td><td>Current PrEP regimen - Other TDF-based regimen</td></tr><tr><td><a href=\"CodeSystem-concept-codes.html#concept-codes-HIV.46C.46DE22\">HIV.C.DE22</a></td><td>Dapivirine vaginal ring (DVR)</td><td>Current PrEP regimen - Dapivirine vaginal ring (DVR)</td></tr><tr><td><a href=\"CodeSystem-concept-codes.html#concept-codes-HIV.46C.46DE23\">HIV.C.DE23</a></td><td>CAB-LA</td><td>Current PrEP regimen - CAB-LA</td></tr></table></li></ul></div>"},"url":"http://fhir.org/guides/itech-uw/ValueSet/hiv-c-de18","version":"0.3.0","name":"CurrentPrEPregimenCodes","title":"Current PrEP regimen Codes","status":"draft","experimental":false,"date":"2024-04-30T19:53:06+00:00","publisher":"World Health Organization (WHO) ","contact":[{"telecom":[{"system":"url","value":"https://www.who.int"}]}],"description":"Codes representing possible values for the Current PrEP regimen element","jurisdiction":[{"coding":[{"system":"http://unstats.un.org/unsd/methods/m49/m49.htm","code":"001"}]}],"immutable":true,"compose":{"include":[{"system":"http://fhir.org/guides/itech-uw/who-smart-hiv-dak/CodeSystem/concept-codes","concept":[{"code":"HIV.C.DE18","display":"TDF + FTC"},{"code":"HIV.C.DE19","display":"TDF"},{"code":"HIV.C.DE20","display":"TDF + 3TC"},{"code":"HIV.C.DE21","display":"Other TDF-based regimen"},{"code":"HIV.C.DE22","display":"Dapivirine vaginal ring (DVR)"},{"code":"HIV.C.DE23","display":"CAB-LA"}]}]}}