{"resourceType":"ValueSet","id":"hiv-g-de23","text":{"status":"extensions","div":"<div xmlns=\"http://www.w3.org/1999/xhtml\"><ul><li>Include these codes as defined in <a href=\"CodeSystem-concept-codes.html\"><code>http://fhir.org/guides/itech-uw/who-smart-hiv-dak/CodeSystem/concept-codes</code></a><table class=\"none\"><tr><td style=\"white-space:nowrap\"><b>Code</b></td><td><b>Display</b></td><td><b>Definition</b></td></tr><tr><td><a href=\"CodeSystem-concept-codes.html#concept-codes-HIV.46G.46DE23\">HIV.G.DE23</a></td><td>Test delayed to next contact or referred</td><td>Reason Hepatitis B test not conducted - Test delayed to next contact or referred</td></tr><tr><td><a href=\"CodeSystem-concept-codes.html#concept-codes-HIV.46G.46DE24\">HIV.G.DE24</a></td><td>Stock-out or expired</td><td>Reason Hepatitis B test not conducted - Stock-out or expired</td></tr><tr><td><a href=\"CodeSystem-concept-codes.html#concept-codes-HIV.46G.46DE25\">HIV.G.DE25</a></td><td>Machine or technician not available or machine not functioning</td><td>Reason Hepatitis B test not conducted - Machine or technician not available or machine not functioning</td></tr><tr><td><a href=\"CodeSystem-concept-codes.html#concept-codes-HIV.46G.46DE26\">HIV.G.DE26</a></td><td>Client declined / refused test</td><td>Reason Hepatitis B test not conducted - Client declined / refused test</td></tr><tr><td><a href=\"CodeSystem-concept-codes.html#concept-codes-HIV.46G.46DE27\">HIV.G.DE27</a></td><td>Other</td><td>Reason Hepatitis B test not conducted - Other</td></tr></table></li></ul></div>"},"url":"http://fhir.org/guides/itech-uw/ValueSet/hiv-g-de23","version":"0.3.0","name":"ReasonHepatitisBtestnotconductedCodes","title":"Reason Hepatitis B test not conducted Codes","status":"draft","experimental":false,"date":"2024-04-30T19:53:06+00:00","publisher":"World Health Organization (WHO) ","contact":[{"telecom":[{"system":"url","value":"https://www.who.int"}]}],"description":"Codes representing possible values for the Reason Hepatitis B test not conducted element","jurisdiction":[{"coding":[{"system":"http://unstats.un.org/unsd/methods/m49/m49.htm","code":"001"}]}],"immutable":true,"compose":{"include":[{"system":"http://fhir.org/guides/itech-uw/who-smart-hiv-dak/CodeSystem/concept-codes","concept":[{"code":"HIV.G.DE23","display":"Test delayed to next contact or referred"},{"code":"HIV.G.DE24","display":"Stock-out or expired"},{"code":"HIV.G.DE25","display":"Machine or technician not available or machine not functioning"},{"code":"HIV.G.DE26","display":"Client declined / refused test"},{"code":"HIV.G.DE27","display":"Other"}]}]}}