{"resourceType":"ValueSet","id":"hiv-h-de18","text":{"status":"extensions","div":"<div xmlns=\"http://www.w3.org/1999/xhtml\"><ul><li>Include these codes as defined in <a href=\"CodeSystem-concept-codes.html\"><code>http://fhir.org/guides/itech-uw/who-smart-hiv-dak/CodeSystem/concept-codes</code></a><table class=\"none\"><tr><td style=\"white-space:nowrap\"><b>Code</b></td><td><b>Display</b></td><td><b>Definition</b></td></tr><tr><td><a href=\"CodeSystem-concept-codes.html#concept-codes-HIV.46H.46DE18\">HIV.H.DE18</a></td><td>Client</td><td>Source of information - Client</td></tr><tr><td><a href=\"CodeSystem-concept-codes.html#concept-codes-HIV.46H.46DE19\">HIV.H.DE19</a></td><td>Informed by treatment provider</td><td>Source of information - Informed by treatment provider</td></tr><tr><td><a href=\"CodeSystem-concept-codes.html#concept-codes-HIV.46H.46DE20\">HIV.H.DE20</a></td><td>Informed by family or partner</td><td>Source of information - Informed by family or partner</td></tr><tr><td><a href=\"CodeSystem-concept-codes.html#concept-codes-HIV.46H.46DE21\">HIV.H.DE21</a></td><td>Other source of information</td><td>Source of information - Other source of information</td></tr></table></li></ul></div>"},"url":"http://fhir.org/guides/itech-uw/ValueSet/hiv-h-de18","version":"0.3.0","name":"SourceofinformationCodes","title":"Source of information Codes","status":"draft","experimental":false,"date":"2024-04-30T19:53:06+00:00","publisher":"World Health Organization (WHO) ","contact":[{"telecom":[{"system":"url","value":"https://www.who.int"}]}],"description":"Codes representing possible values for the Source of information element","jurisdiction":[{"coding":[{"system":"http://unstats.un.org/unsd/methods/m49/m49.htm","code":"001"}]}],"immutable":true,"compose":{"include":[{"system":"http://fhir.org/guides/itech-uw/who-smart-hiv-dak/CodeSystem/concept-codes","concept":[{"code":"HIV.H.DE18","display":"Client"},{"code":"HIV.H.DE19","display":"Informed by treatment provider"},{"code":"HIV.H.DE20","display":"Informed by family or partner"},{"code":"HIV.H.DE21","display":"Other source of information"}]}]}}