{"resourceType":"ValueSet","id":"hiv-a-de47","text":{"status":"extensions","div":"<div xmlns=\"http://www.w3.org/1999/xhtml\"><ul><li>Include these codes as defined in <a href=\"CodeSystem-concept-codes.html\"><code>http://fhir.org/guides/itech-uw/who-smart-hiv-dak/CodeSystem/concept-codes</code></a><table class=\"none\"><tr><td style=\"white-space:nowrap\"><b>Code</b></td><td><b>Display</b></td><td><b>Definition</b></td></tr><tr><td><a href=\"CodeSystem-concept-codes.html#concept-codes-HIV.46A.46DE47\">HIV.A.DE47</a></td><td>Text message/SMS</td><td>Communication preference(s) - Text message/SMS</td></tr><tr><td><a href=\"CodeSystem-concept-codes.html#concept-codes-HIV.46A.46DE48\">HIV.A.DE48</a></td><td>Voice call</td><td>Communication preference(s) - Voice call</td></tr></table></li></ul></div>"},"url":"http://fhir.org/guides/itech-uw/ValueSet/hiv-a-de47","version":"0.3.0","name":"CommunicationpreferencesCodes","title":"Communication preference(s) Codes","status":"draft","experimental":false,"date":"2024-04-30T19:50:03+00:00","publisher":"World Health Organization (WHO) ","contact":[{"telecom":[{"system":"url","value":"https://www.who.int"}]}],"description":"Codes representing possible values for the Communication preference(s) element","jurisdiction":[{"coding":[{"system":"http://unstats.un.org/unsd/methods/m49/m49.htm","code":"001"}]}],"immutable":true,"compose":{"include":[{"system":"http://fhir.org/guides/itech-uw/who-smart-hiv-dak/CodeSystem/concept-codes","concept":[{"code":"HIV.A.DE47","display":"Text message/SMS"},{"code":"HIV.A.DE48","display":"Voice call"}]}]}}