{"resourceType":"ValueSet","id":"hiv-d-de400","text":{"status":"extensions","div":"<div xmlns=\"http://www.w3.org/1999/xhtml\"><ul><li>Include these codes as defined in <a href=\"CodeSystem-concept-codes.html\"><code>http://fhir.org/guides/itech-uw/who-smart-hiv-dak/CodeSystem/concept-codes</code></a><table class=\"none\"><tr><td style=\"white-space:nowrap\"><b>Code</b></td><td><b>Display</b></td><td><b>Definition</b></td></tr><tr><td><a href=\"CodeSystem-concept-codes.html#concept-codes-HIV.46D.46DE400\">HIV.D.DE400</a></td><td>Haemoglobin (Hb)</td><td>Monitoring examinations - Haemoglobin (Hb)</td></tr><tr><td><a href=\"CodeSystem-concept-codes.html#concept-codes-HIV.46D.46DE401\">HIV.D.DE401</a></td><td>Pregnancy test</td><td>Monitoring examinations - Pregnancy test</td></tr><tr><td><a href=\"CodeSystem-concept-codes.html#concept-codes-HIV.46D.46DE402\">HIV.D.DE402</a></td><td>Syphilis test</td><td>Monitoring examinations - Syphilis test</td></tr><tr><td><a href=\"CodeSystem-concept-codes.html#concept-codes-HIV.46D.46DE403\">HIV.D.DE403</a></td><td>Chest X-ray (CXR)</td><td>Monitoring examinations - Chest X-ray (CXR)</td></tr><tr><td><a href=\"CodeSystem-concept-codes.html#concept-codes-HIV.46D.46DE404\">HIV.D.DE404</a></td><td>Sputum or culture for TB</td><td>Monitoring examinations - Sputum or culture for TB</td></tr><tr><td><a href=\"CodeSystem-concept-codes.html#concept-codes-HIV.46D.46DE405\">HIV.D.DE405</a></td><td>HBsAg test (HBV)</td><td>Monitoring examinations - HBsAg test (HBV)</td></tr><tr><td><a href=\"CodeSystem-concept-codes.html#concept-codes-HIV.46D.46DE406\">HIV.D.DE406</a></td><td>HIV viral load test ordered</td><td>Monitoring examinations - HIV viral load test ordered</td></tr><tr><td><a href=\"CodeSystem-concept-codes.html#concept-codes-HIV.46D.46DE407\">HIV.D.DE407</a></td><td>HIV viral load test scheduled</td><td>Monitoring examinations - HIV viral load test scheduled</td></tr><tr><td><a href=\"CodeSystem-concept-codes.html#concept-codes-HIV.46D.46DE408\">HIV.D.DE408</a></td><td>CD4 count ordered</td><td>Monitoring examinations - CD4 count ordered</td></tr><tr><td><a href=\"CodeSystem-concept-codes.html#concept-codes-HIV.46D.46DE409\">HIV.D.DE409</a></td><td>CD4 count test scheduled</td><td>Monitoring examinations - CD4 count test scheduled</td></tr><tr><td><a href=\"CodeSystem-concept-codes.html#concept-codes-HIV.46D.46DE410\">HIV.D.DE410</a></td><td>Cryptococcal antigen test</td><td>Monitoring examinations - Cryptococcal antigen test</td></tr><tr><td><a href=\"CodeSystem-concept-codes.html#concept-codes-HIV.46D.46DE411\">HIV.D.DE411</a></td><td>Histoplasmosis antigen test</td><td>Monitoring examinations - Histoplasmosis antigen test</td></tr><tr><td><a href=\"CodeSystem-concept-codes.html#concept-codes-HIV.46D.46DE412\">HIV.D.DE412</a></td><td>Cervical cancer screening scheduled</td><td>Monitoring examinations - Cervical cancer screening scheduled</td></tr></table></li></ul></div>"},"url":"http://fhir.org/guides/itech-uw/ValueSet/hiv-d-de400","version":"0.3.0","name":"MonitoringexaminationsCodes","title":"Monitoring examinations Codes","status":"draft","experimental":false,"date":"2024-04-30T19:24:27+00:00","publisher":"World Health Organization (WHO) ","contact":[{"telecom":[{"system":"url","value":"https://www.who.int"}]}],"description":"Codes representing possible values for the Monitoring examinations element","jurisdiction":[{"coding":[{"system":"http://unstats.un.org/unsd/methods/m49/m49.htm","code":"001"}]}],"immutable":true,"compose":{"include":[{"system":"http://fhir.org/guides/itech-uw/who-smart-hiv-dak/CodeSystem/concept-codes","concept":[{"code":"HIV.D.DE400","display":"Haemoglobin (Hb)"},{"code":"HIV.D.DE401","display":"Pregnancy test"},{"code":"HIV.D.DE402","display":"Syphilis test"},{"code":"HIV.D.DE403","display":"Chest X-ray (CXR)"},{"code":"HIV.D.DE404","display":"Sputum or culture for TB"},{"code":"HIV.D.DE405","display":"HBsAg test (HBV)"},{"code":"HIV.D.DE406","display":"HIV viral load test ordered"},{"code":"HIV.D.DE407","display":"HIV viral load test scheduled"},{"code":"HIV.D.DE408","display":"CD4 count ordered"},{"code":"HIV.D.DE409","display":"CD4 count test scheduled"},{"code":"HIV.D.DE410","display":"Cryptococcal antigen test"},{"code":"HIV.D.DE411","display":"Histoplasmosis antigen test"},{"code":"HIV.D.DE412","display":"Cervical cancer screening scheduled"}]}]}}