{"resourceType":"ValueSet","id":"hiv-e-de235","text":{"status":"extensions","div":"<div xmlns=\"http://www.w3.org/1999/xhtml\"><ul><li>Include these codes as defined in <a href=\"CodeSystem-concept-codes.html\"><code>http://fhir.org/guides/itech-uw/who-smart-hiv-dak/CodeSystem/concept-codes</code></a><table class=\"none\"><tr><td style=\"white-space:nowrap\"><b>Code</b></td><td><b>Display</b></td><td><b>Definition</b></td></tr><tr><td><a href=\"CodeSystem-concept-codes.html#concept-codes-HIV.46E.46DE235\">HIV.E.DE235</a></td><td>Lost to follow-up</td><td>HIV-exposed infant reason for unknown final status - Lost to follow-up</td></tr><tr><td><a href=\"CodeSystem-concept-codes.html#concept-codes-HIV.46E.46DE236\">HIV.E.DE236</a></td><td>Transferred out</td><td>HIV-exposed infant reason for unknown final status - Transferred out</td></tr><tr><td><a href=\"CodeSystem-concept-codes.html#concept-codes-HIV.46E.46DE237\">HIV.E.DE237</a></td><td>Death (documented)</td><td>HIV-exposed infant reason for unknown final status - Death (documented)</td></tr><tr><td><a href=\"CodeSystem-concept-codes.html#concept-codes-HIV.46E.46DE238\">HIV.E.DE238</a></td><td>Refused (stopped) treatment</td><td>HIV-exposed infant reason for unknown final status - Refused (stopped) treatment</td></tr></table></li></ul></div>"},"url":"http://fhir.org/guides/itech-uw/ValueSet/hiv-e-de235","version":"0.3.0","name":"HIVexposedinfantreasonforunknownfinalstatusCodes","title":"HIV-exposed infant reason for unknown final status Codes","status":"draft","experimental":false,"date":"2024-05-15T17:51:55+00:00","publisher":"World Health Organization (WHO) ","contact":[{"telecom":[{"system":"url","value":"https://www.who.int"}]}],"description":"Codes representing possible values for the HIV-exposed infant reason for unknown final status element","jurisdiction":[{"coding":[{"system":"http://unstats.un.org/unsd/methods/m49/m49.htm","code":"001"}]}],"immutable":true,"compose":{"include":[{"system":"http://fhir.org/guides/itech-uw/who-smart-hiv-dak/CodeSystem/concept-codes","concept":[{"code":"HIV.E.DE235","display":"Lost to follow-up"},{"code":"HIV.E.DE236","display":"Transferred out"},{"code":"HIV.E.DE237","display":"Death (documented)"},{"code":"HIV.E.DE238","display":"Refused (stopped) treatment"}]}]}}