{"resourceType":"ValueSet","id":"hiv-b-de294","text":{"status":"extensions","div":"<div xmlns=\"http://www.w3.org/1999/xhtml\"><ul><li>Include these codes as defined in <a href=\"CodeSystem-concept-codes.html\"><code>http://fhir.org/guides/itech-uw/who-smart-hiv-dak/CodeSystem/concept-codes</code></a><table class=\"none\"><tr><td style=\"white-space:nowrap\"><b>Code</b></td><td><b>Display</b></td><td><b>Definition</b></td></tr><tr><td><a href=\"CodeSystem-concept-codes.html#concept-codes-HIV.46B.46DE294\">HIV.B.DE294</a></td><td>NAAT</td><td>Trichomonas vaginalis test type - NAAT</td></tr><tr><td><a href=\"CodeSystem-concept-codes.html#concept-codes-HIV.46B.46DE295\">HIV.B.DE295</a></td><td>POC Test</td><td>Trichomonas vaginalis test type - POC Test</td></tr><tr><td><a href=\"CodeSystem-concept-codes.html#concept-codes-HIV.46B.46DE296\">HIV.B.DE296</a></td><td>Culture</td><td>Trichomonas vaginalis test type - Culture</td></tr><tr><td><a href=\"CodeSystem-concept-codes.html#concept-codes-HIV.46B.46DE297\">HIV.B.DE297</a></td><td>Microscopy</td><td>Trichomonas vaginalis test type - Microscopy</td></tr><tr><td><a href=\"CodeSystem-concept-codes.html#concept-codes-HIV.46B.46DE298\">HIV.B.DE298</a></td><td>Other</td><td>Trichomonas vaginalis test type - Other</td></tr><tr><td><a href=\"CodeSystem-concept-codes.html#concept-codes-HIV.46D.46DE846\">HIV.D.DE846</a></td><td>NAAT</td><td>Trichomonas vaginalis test type - NAAT</td></tr><tr><td><a href=\"CodeSystem-concept-codes.html#concept-codes-HIV.46D.46DE847\">HIV.D.DE847</a></td><td>POC Test</td><td>Trichomonas vaginalis test type - POC Test</td></tr><tr><td><a href=\"CodeSystem-concept-codes.html#concept-codes-HIV.46D.46DE848\">HIV.D.DE848</a></td><td>Culture</td><td>Trichomonas vaginalis test type - Culture</td></tr><tr><td><a href=\"CodeSystem-concept-codes.html#concept-codes-HIV.46D.46DE849\">HIV.D.DE849</a></td><td>Microscopy</td><td>Trichomonas vaginalis test type - Microscopy</td></tr><tr><td><a href=\"CodeSystem-concept-codes.html#concept-codes-HIV.46D.46DE850\">HIV.D.DE850</a></td><td>Other</td><td>Trichomonas vaginalis test type - Other</td></tr></table></li></ul></div>"},"url":"http://fhir.org/guides/itech-uw/ValueSet/hiv-b-de294","version":"0.3.0","name":"TrichomonasvaginalistesttypeCodes","title":"Trichomonas vaginalis test type Codes","status":"draft","experimental":false,"date":"2024-04-30T19:53:06+00:00","publisher":"World Health Organization (WHO) ","contact":[{"telecom":[{"system":"url","value":"https://www.who.int"}]}],"description":"Codes representing possible values for the Trichomonas vaginalis test type element","jurisdiction":[{"coding":[{"system":"http://unstats.un.org/unsd/methods/m49/m49.htm","code":"001"}]}],"immutable":true,"compose":{"include":[{"system":"http://fhir.org/guides/itech-uw/who-smart-hiv-dak/CodeSystem/concept-codes","concept":[{"code":"HIV.B.DE294","display":"NAAT"},{"code":"HIV.B.DE295","display":"POC Test"},{"code":"HIV.B.DE296","display":"Culture"},{"code":"HIV.B.DE297","display":"Microscopy"},{"code":"HIV.B.DE298","display":"Other"},{"code":"HIV.D.DE846","display":"NAAT"},{"code":"HIV.D.DE847","display":"POC Test"},{"code":"HIV.D.DE848","display":"Culture"},{"code":"HIV.D.DE849","display":"Microscopy"},{"code":"HIV.D.DE850","display":"Other"}]}]}}