{"resourceType":"ValueSet","id":"hiv-c-de102","text":{"status":"extensions","div":"<div xmlns=\"http://www.w3.org/1999/xhtml\"><ul><li>Include these codes as defined in <a href=\"CodeSystem-concept-codes.html\"><code>http://fhir.org/guides/itech-uw/who-smart-hiv-dak/CodeSystem/concept-codes</code></a><table class=\"none\"><tr><td style=\"white-space:nowrap\"><b>Code</b></td><td><b>Display</b></td><td><b>Definition</b></td></tr><tr><td><a href=\"CodeSystem-concept-codes.html#concept-codes-HIV.46C.46DE102\">HIV.C.DE102</a></td><td>ATV/r</td><td>Alternative third PEP drug - ATV/r</td></tr><tr><td><a href=\"CodeSystem-concept-codes.html#concept-codes-HIV.46C.46DE103\">HIV.C.DE103</a></td><td>DRV/r</td><td>Alternative third PEP drug - DRV/r</td></tr><tr><td><a href=\"CodeSystem-concept-codes.html#concept-codes-HIV.46C.46DE104\">HIV.C.DE104</a></td><td>LPV/r</td><td>Alternative third PEP drug - LPV/r</td></tr><tr><td><a href=\"CodeSystem-concept-codes.html#concept-codes-HIV.46C.46DE105\">HIV.C.DE105</a></td><td>RAL</td><td>Alternative third PEP drug - RAL</td></tr></table></li></ul></div>"},"url":"http://fhir.org/guides/itech-uw/ValueSet/hiv-c-de102","version":"0.3.0","name":"AlternativethirdPEPdrugCodes","title":"Alternative third PEP drug Codes","status":"draft","experimental":false,"date":"2024-04-30T19:53:06+00:00","publisher":"World Health Organization (WHO) ","contact":[{"telecom":[{"system":"url","value":"https://www.who.int"}]}],"description":"Codes representing possible values for the Alternative third PEP drug element","jurisdiction":[{"coding":[{"system":"http://unstats.un.org/unsd/methods/m49/m49.htm","code":"001"}]}],"immutable":true,"compose":{"include":[{"system":"http://fhir.org/guides/itech-uw/who-smart-hiv-dak/CodeSystem/concept-codes","concept":[{"code":"HIV.C.DE102","display":"ATV/r"},{"code":"HIV.C.DE103","display":"DRV/r"},{"code":"HIV.C.DE104","display":"LPV/r"},{"code":"HIV.C.DE105","display":"RAL"}]}]}}