{"resourceType":"ValueSet","id":"hiv-h-de35","text":{"status":"extensions","div":"<div xmlns=\"http://www.w3.org/1999/xhtml\"><ul><li>Include these codes as defined in <a href=\"CodeSystem-concept-codes.html\"><code>http://fhir.org/guides/itech-uw/who-smart-hiv-dak/CodeSystem/concept-codes</code></a><table class=\"none\"><tr><td style=\"white-space:nowrap\"><b>Code</b></td><td><b>Display</b></td><td><b>Definition</b></td></tr><tr><td><a href=\"CodeSystem-concept-codes.html#concept-codes-HIV.46H.46DE35\">HIV.H.DE35</a></td><td>Already knew positive</td><td>HIV status of partner or contact - Already knew positive</td></tr><tr><td><a href=\"CodeSystem-concept-codes.html#concept-codes-HIV.46H.46DE36\">HIV.H.DE36</a></td><td>Newly diagnosed</td><td>HIV status of partner or contact - Newly diagnosed</td></tr><tr><td><a href=\"CodeSystem-concept-codes.html#concept-codes-HIV.46H.46DE37\">HIV.H.DE37</a></td><td>Negative</td><td>HIV status of partner or contact - Negative</td></tr></table></li></ul></div>"},"url":"http://fhir.org/guides/itech-uw/ValueSet/hiv-h-de35","version":"0.3.0","name":"HIVstatusofpartnerorcontactCodes","title":"HIV status of partner or contact Codes","status":"draft","experimental":false,"date":"2024-04-30T19:24:27+00:00","publisher":"World Health Organization (WHO) ","contact":[{"telecom":[{"system":"url","value":"https://www.who.int"}]}],"description":"Codes representing possible values for the HIV status of partner or contact element","jurisdiction":[{"coding":[{"system":"http://unstats.un.org/unsd/methods/m49/m49.htm","code":"001"}]}],"immutable":true,"compose":{"include":[{"system":"http://fhir.org/guides/itech-uw/who-smart-hiv-dak/CodeSystem/concept-codes","concept":[{"code":"HIV.H.DE35","display":"Already knew positive"},{"code":"HIV.H.DE36","display":"Newly diagnosed"},{"code":"HIV.H.DE37","display":"Negative"}]}]}}