{"resourceType":"ValueSet","id":"hiv-b-de75","text":{"status":"extensions","div":"<div xmlns=\"http://www.w3.org/1999/xhtml\"><ul><li>Include these codes as defined in <a href=\"CodeSystem-concept-codes.html\"><code>http://fhir.org/guides/itech-uw/who-smart-hiv-dak/CodeSystem/concept-codes</code></a><table class=\"none\"><tr><td style=\"white-space:nowrap\"><b>Code</b></td><td><b>Display</b></td><td><b>Definition</b></td></tr><tr><td><a href=\"CodeSystem-concept-codes.html#concept-codes-HIV.46B.46DE75\">HIV.B.DE75</a></td><td>Biological child</td><td>Type of contact elicited - Biological child</td></tr><tr><td><a href=\"CodeSystem-concept-codes.html#concept-codes-HIV.46B.46DE76\">HIV.B.DE76</a></td><td>Drug-injecting partner</td><td>Type of contact elicited - Drug-injecting partner</td></tr><tr><td><a href=\"CodeSystem-concept-codes.html#concept-codes-HIV.46B.46DE77\">HIV.B.DE77</a></td><td>Sexual partner</td><td>Type of contact elicited - Sexual partner</td></tr><tr><td><a href=\"CodeSystem-concept-codes.html#concept-codes-HIV.46B.46DE78\">HIV.B.DE78</a></td><td>Social contact</td><td>Type of contact elicited - Social contact</td></tr></table></li></ul></div>"},"url":"http://fhir.org/guides/itech-uw/ValueSet/hiv-b-de75","version":"0.3.0","name":"TypeofcontactelicitedCodes","title":"Type of contact elicited Codes","status":"draft","experimental":false,"date":"2024-06-10T14:32:54+00:00","publisher":"World Health Organization (WHO) ","contact":[{"telecom":[{"system":"url","value":"https://www.who.int"}]}],"description":"Codes representing possible values for the Type of contact elicited element","jurisdiction":[{"coding":[{"system":"http://unstats.un.org/unsd/methods/m49/m49.htm","code":"001"}]}],"immutable":true,"compose":{"include":[{"system":"http://fhir.org/guides/itech-uw/who-smart-hiv-dak/CodeSystem/concept-codes","concept":[{"code":"HIV.B.DE75","display":"Biological child"},{"code":"HIV.B.DE76","display":"Drug-injecting partner"},{"code":"HIV.B.DE77","display":"Sexual partner"},{"code":"HIV.B.DE78","display":"Social contact"}]}]}}