{"resourceType":"ValueSet","id":"hiv-d-de894","text":{"status":"extensions","div":"<div xmlns=\"http://www.w3.org/1999/xhtml\"><ul><li>Include these codes as defined in <a href=\"CodeSystem-concept-codes.html\"><code>http://fhir.org/guides/itech-uw/who-smart-hiv-dak/CodeSystem/concept-codes</code></a><table class=\"none\"><tr><td style=\"white-space:nowrap\"><b>Code</b></td><td><b>Display</b></td><td><b>Definition</b></td></tr><tr><td><a href=\"CodeSystem-concept-codes.html#concept-codes-HIV.46D.46DE894\">HIV.D.DE894</a></td><td>F0-4, fibrosis staging</td><td>Staging of liver disease - F0-4, fibrosis staging</td></tr><tr><td><a href=\"CodeSystem-concept-codes.html#concept-codes-HIV.46D.46DE895\">HIV.D.DE895</a></td><td>F4 or cirrhosis, presence of cirrhosis</td><td>Staging of liver disease - F4 or cirrhosis, presence of cirrhosis</td></tr></table></li></ul></div>"},"url":"http://fhir.org/guides/itech-uw/ValueSet/hiv-d-de894","version":"0.3.0","name":"StagingofliverdiseaseCodes","title":"Staging of liver disease Codes","status":"draft","experimental":false,"date":"2024-04-30T19:53:06+00:00","publisher":"World Health Organization (WHO) ","contact":[{"telecom":[{"system":"url","value":"https://www.who.int"}]}],"description":"Codes representing possible values for the Staging of liver disease element","jurisdiction":[{"coding":[{"system":"http://unstats.un.org/unsd/methods/m49/m49.htm","code":"001"}]}],"immutable":true,"compose":{"include":[{"system":"http://fhir.org/guides/itech-uw/who-smart-hiv-dak/CodeSystem/concept-codes","concept":[{"code":"HIV.D.DE894","display":"F0-4, fibrosis staging"},{"code":"HIV.D.DE895","display":"F4 or cirrhosis, presence of cirrhosis"}]}]}}