{"resourceType":"ValueSet","id":"hiv-d-de732","text":{"status":"extensions","div":"<div xmlns=\"http://www.w3.org/1999/xhtml\"><ul><li>Include these codes as defined in <a href=\"CodeSystem-concept-codes.html\"><code>http://fhir.org/guides/itech-uw/who-smart-hiv-dak/CodeSystem/concept-codes</code></a><table class=\"none\"><tr><td style=\"white-space:nowrap\"><b>Code</b></td><td><b>Display</b></td><td><b>Definition</b></td></tr><tr><td><a href=\"CodeSystem-concept-codes.html#concept-codes-HIV.46D.46DE732\">HIV.D.DE732</a></td><td>Conization</td><td>Invasive cervical cancer treatment method - Conization</td></tr><tr><td><a href=\"CodeSystem-concept-codes.html#concept-codes-HIV.46D.46DE733\">HIV.D.DE733</a></td><td>Trachelectomy</td><td>Invasive cervical cancer treatment method - Trachelectomy</td></tr><tr><td><a href=\"CodeSystem-concept-codes.html#concept-codes-HIV.46D.46DE734\">HIV.D.DE734</a></td><td>Hysterectomy</td><td>Invasive cervical cancer treatment method - Hysterectomy</td></tr><tr><td><a href=\"CodeSystem-concept-codes.html#concept-codes-HIV.46D.46DE735\">HIV.D.DE735</a></td><td>Management of invasive cervical cancer</td><td>Invasive cervical cancer treatment method - Management of invasive cervical cancer</td></tr><tr><td><a href=\"CodeSystem-concept-codes.html#concept-codes-HIV.46D.46DE736\">HIV.D.DE736</a></td><td>Radiotherapy</td><td>Invasive cervical cancer treatment method - Radiotherapy</td></tr><tr><td><a href=\"CodeSystem-concept-codes.html#concept-codes-HIV.46D.46DE737\">HIV.D.DE737</a></td><td>Chemotherapy</td><td>Invasive cervical cancer treatment method - Chemotherapy</td></tr><tr><td><a href=\"CodeSystem-concept-codes.html#concept-codes-HIV.46D.46DE738\">HIV.D.DE738</a></td><td>Chemoradiation</td><td>Invasive cervical cancer treatment method - Chemoradiation</td></tr><tr><td><a href=\"CodeSystem-concept-codes.html#concept-codes-HIV.46D.46DE739\">HIV.D.DE739</a></td><td>Other</td><td>Invasive cervical cancer treatment method - Other</td></tr></table></li></ul></div>"},"url":"http://fhir.org/guides/itech-uw/ValueSet/hiv-d-de732","version":"0.3.0","name":"InvasivecervicalcancertreatmentmethodCodes","title":"Invasive cervical cancer treatment method Codes","status":"draft","experimental":false,"date":"2024-04-30T19:53:06+00:00","publisher":"World Health Organization (WHO) ","contact":[{"telecom":[{"system":"url","value":"https://www.who.int"}]}],"description":"Codes representing possible values for the Invasive cervical cancer treatment method element","jurisdiction":[{"coding":[{"system":"http://unstats.un.org/unsd/methods/m49/m49.htm","code":"001"}]}],"immutable":true,"compose":{"include":[{"system":"http://fhir.org/guides/itech-uw/who-smart-hiv-dak/CodeSystem/concept-codes","concept":[{"code":"HIV.D.DE732","display":"Conization"},{"code":"HIV.D.DE733","display":"Trachelectomy"},{"code":"HIV.D.DE734","display":"Hysterectomy"},{"code":"HIV.D.DE735","display":"Management of invasive cervical cancer"},{"code":"HIV.D.DE736","display":"Radiotherapy"},{"code":"HIV.D.DE737","display":"Chemotherapy"},{"code":"HIV.D.DE738","display":"Chemoradiation"},{"code":"HIV.D.DE739","display":"Other"}]}]}}