{"resourceType":"ValueSet","id":"hiv-d-de129","text":{"status":"extensions","div":"<div xmlns=\"http://www.w3.org/1999/xhtml\"><ul><li>Include these codes as defined in <a href=\"CodeSystem-concept-codes.html\"><code>http://fhir.org/guides/itech-uw/who-smart-hiv-dak/CodeSystem/concept-codes</code></a><table class=\"none\"><tr><td style=\"white-space:nowrap\"><b>Code</b></td><td><b>Display</b></td><td><b>Definition</b></td></tr><tr><td><a href=\"CodeSystem-concept-codes.html#concept-codes-HIV.46D.46DE129\">HIV.D.DE129</a></td><td>ABC</td><td>ART regimen composition - ABC</td></tr><tr><td><a href=\"CodeSystem-concept-codes.html#concept-codes-HIV.46D.46DE130\">HIV.D.DE130</a></td><td>FTC</td><td>ART regimen composition - FTC</td></tr><tr><td><a href=\"CodeSystem-concept-codes.html#concept-codes-HIV.46D.46DE131\">HIV.D.DE131</a></td><td>3TC</td><td>ART regimen composition - 3TC</td></tr><tr><td><a href=\"CodeSystem-concept-codes.html#concept-codes-HIV.46D.46DE132\">HIV.D.DE132</a></td><td>AZT</td><td>ART regimen composition - AZT</td></tr><tr><td><a href=\"CodeSystem-concept-codes.html#concept-codes-HIV.46D.46DE133\">HIV.D.DE133</a></td><td>DDI</td><td>ART regimen composition - DDI</td></tr><tr><td><a href=\"CodeSystem-concept-codes.html#concept-codes-HIV.46D.46DE134\">HIV.D.DE134</a></td><td>D4T</td><td>ART regimen composition - D4T</td></tr><tr><td><a href=\"CodeSystem-concept-codes.html#concept-codes-HIV.46D.46DE135\">HIV.D.DE135</a></td><td>TDF</td><td>ART regimen composition - TDF</td></tr><tr><td><a href=\"CodeSystem-concept-codes.html#concept-codes-HIV.46D.46DE136\">HIV.D.DE136</a></td><td>EFV</td><td>ART regimen composition - EFV</td></tr><tr><td><a href=\"CodeSystem-concept-codes.html#concept-codes-HIV.46D.46DE137\">HIV.D.DE137</a></td><td>ETV</td><td>ART regimen composition - ETV</td></tr><tr><td><a href=\"CodeSystem-concept-codes.html#concept-codes-HIV.46D.46DE138\">HIV.D.DE138</a></td><td>NVP</td><td>ART regimen composition - NVP</td></tr><tr><td><a href=\"CodeSystem-concept-codes.html#concept-codes-HIV.46D.46DE139\">HIV.D.DE139</a></td><td>RIL</td><td>ART regimen composition - RIL</td></tr><tr><td><a href=\"CodeSystem-concept-codes.html#concept-codes-HIV.46D.46DE140\">HIV.D.DE140</a></td><td>ATV/r</td><td>ART regimen composition - ATV/r</td></tr><tr><td><a href=\"CodeSystem-concept-codes.html#concept-codes-HIV.46D.46DE141\">HIV.D.DE141</a></td><td>LPV/r</td><td>ART regimen composition - LPV/r</td></tr><tr><td><a href=\"CodeSystem-concept-codes.html#concept-codes-HIV.46D.46DE142\">HIV.D.DE142</a></td><td>DRV/r</td><td>ART regimen composition - DRV/r</td></tr><tr><td><a href=\"CodeSystem-concept-codes.html#concept-codes-HIV.46D.46DE143\">HIV.D.DE143</a></td><td>RTV</td><td>ART regimen composition - RTV</td></tr><tr><td><a href=\"CodeSystem-concept-codes.html#concept-codes-HIV.46D.46DE144\">HIV.D.DE144</a></td><td>DTG</td><td>ART regimen composition - DTG</td></tr><tr><td><a href=\"CodeSystem-concept-codes.html#concept-codes-HIV.46D.46DE145\">HIV.D.DE145</a></td><td>RAL</td><td>ART regimen composition - RAL</td></tr></table></li></ul></div>"},"url":"http://fhir.org/guides/itech-uw/ValueSet/hiv-d-de129","version":"0.3.0","name":"ARTregimencompositionCodes","title":"ART regimen composition Codes","status":"draft","experimental":false,"date":"2024-04-30T19:50:03+00:00","publisher":"World Health Organization (WHO) ","contact":[{"telecom":[{"system":"url","value":"https://www.who.int"}]}],"description":"Codes representing possible values for the ART regimen composition element","jurisdiction":[{"coding":[{"system":"http://unstats.un.org/unsd/methods/m49/m49.htm","code":"001"}]}],"immutable":true,"compose":{"include":[{"system":"http://fhir.org/guides/itech-uw/who-smart-hiv-dak/CodeSystem/concept-codes","concept":[{"code":"HIV.D.DE129","display":"ABC"},{"code":"HIV.D.DE130","display":"FTC"},{"code":"HIV.D.DE131","display":"3TC"},{"code":"HIV.D.DE132","display":"AZT"},{"code":"HIV.D.DE133","display":"DDI"},{"code":"HIV.D.DE134","display":"D4T"},{"code":"HIV.D.DE135","display":"TDF"},{"code":"HIV.D.DE136","display":"EFV"},{"code":"HIV.D.DE137","display":"ETV"},{"code":"HIV.D.DE138","display":"NVP"},{"code":"HIV.D.DE139","display":"RIL"},{"code":"HIV.D.DE140","display":"ATV/r"},{"code":"HIV.D.DE141","display":"LPV/r"},{"code":"HIV.D.DE142","display":"DRV/r"},{"code":"HIV.D.DE143","display":"RTV"},{"code":"HIV.D.DE144","display":"DTG"},{"code":"HIV.D.DE145","display":"RAL"}]}]}}