{"resourceType":"ValueSet","id":"hiv-b-de318","text":{"status":"extensions","div":"<div xmlns=\"http://www.w3.org/1999/xhtml\"><ul><li>Include these codes as defined in <a href=\"CodeSystem-concept-codes.html\"><code>http://fhir.org/guides/itech-uw/who-smart-hiv-dak/CodeSystem/concept-codes</code></a><table class=\"none\"><tr><td style=\"white-space:nowrap\"><b>Code</b></td><td><b>Display</b></td><td><b>Definition</b></td></tr><tr><td><a href=\"CodeSystem-concept-codes.html#concept-codes-HIV.46B.46DE318\">HIV.B.DE318</a></td><td>Treponemal</td><td>Confirmatory syphilis test type - Treponemal</td></tr><tr><td><a href=\"CodeSystem-concept-codes.html#concept-codes-HIV.46B.46DE319\">HIV.B.DE319</a></td><td>Non-treponemal</td><td>Confirmatory syphilis test type - Non-treponemal</td></tr><tr><td><a href=\"CodeSystem-concept-codes.html#concept-codes-HIV.46B.46DE320\">HIV.B.DE320</a></td><td>POC Test</td><td>Confirmatory syphilis test type - POC Test</td></tr><tr><td><a href=\"CodeSystem-concept-codes.html#concept-codes-HIV.46B.46DE321\">HIV.B.DE321</a></td><td>NAAT</td><td>Confirmatory syphilis test type - NAAT</td></tr><tr><td><a href=\"CodeSystem-concept-codes.html#concept-codes-HIV.46B.46DE322\">HIV.B.DE322</a></td><td>Other</td><td>Confirmatory syphilis test type - Other</td></tr><tr><td><a href=\"CodeSystem-concept-codes.html#concept-codes-HIV.46D.46DE870\">HIV.D.DE870</a></td><td>Treponemal</td><td>Confirmatory syphilis test type - Treponemal</td></tr><tr><td><a href=\"CodeSystem-concept-codes.html#concept-codes-HIV.46D.46DE871\">HIV.D.DE871</a></td><td>Non-treponemal</td><td>Confirmatory syphilis test type - Non-treponemal</td></tr><tr><td><a href=\"CodeSystem-concept-codes.html#concept-codes-HIV.46D.46DE872\">HIV.D.DE872</a></td><td>POC Test</td><td>Confirmatory syphilis test type - POC Test</td></tr><tr><td><a href=\"CodeSystem-concept-codes.html#concept-codes-HIV.46D.46DE873\">HIV.D.DE873</a></td><td>NAAT</td><td>Confirmatory syphilis test type - NAAT</td></tr><tr><td><a href=\"CodeSystem-concept-codes.html#concept-codes-HIV.46D.46DE874\">HIV.D.DE874</a></td><td>Other</td><td>Confirmatory syphilis test type - Other</td></tr></table></li></ul></div>"},"url":"http://fhir.org/guides/itech-uw/ValueSet/hiv-b-de318","version":"0.3.0","name":"ConfirmatorysyphilistesttypeCodes","title":"Confirmatory syphilis test type Codes","status":"draft","experimental":false,"date":"2024-06-10T14:32:54+00:00","publisher":"World Health Organization (WHO) ","contact":[{"telecom":[{"system":"url","value":"https://www.who.int"}]}],"description":"Codes representing possible values for the Confirmatory syphilis test type element","jurisdiction":[{"coding":[{"system":"http://unstats.un.org/unsd/methods/m49/m49.htm","code":"001"}]}],"immutable":true,"compose":{"include":[{"system":"http://fhir.org/guides/itech-uw/who-smart-hiv-dak/CodeSystem/concept-codes","concept":[{"code":"HIV.B.DE318","display":"Treponemal"},{"code":"HIV.B.DE319","display":"Non-treponemal"},{"code":"HIV.B.DE320","display":"POC Test"},{"code":"HIV.B.DE321","display":"NAAT"},{"code":"HIV.B.DE322","display":"Other"},{"code":"HIV.D.DE870","display":"Treponemal"},{"code":"HIV.D.DE871","display":"Non-treponemal"},{"code":"HIV.D.DE872","display":"POC Test"},{"code":"HIV.D.DE873","display":"NAAT"},{"code":"HIV.D.DE874","display":"Other"}]}]}}