{"resourceType":"ValueSet","id":"hiv-b-de159","text":{"status":"extensions","div":"<div xmlns=\"http://www.w3.org/1999/xhtml\"><ul><li>Include these codes as defined in <a href=\"CodeSystem-concept-codes.html\"><code>http://fhir.org/guides/itech-uw/who-smart-hiv-dak/CodeSystem/concept-codes</code></a><table class=\"none\"><tr><td style=\"white-space:nowrap\"><b>Code</b></td><td><b>Display</b></td><td><b>Definition</b></td></tr><tr><td><a href=\"CodeSystem-concept-codes.html#concept-codes-HIV.46B.46DE159\">HIV.B.DE159</a></td><td>Contraception and family planning</td><td>Sexual and reproductive health integrated services - Contraception and family planning</td></tr><tr><td><a href=\"CodeSystem-concept-codes.html#concept-codes-HIV.46B.46DE160\">HIV.B.DE160</a></td><td>Check pregnancy status</td><td>Sexual and reproductive health integrated services - Check pregnancy status</td></tr><tr><td><a href=\"CodeSystem-concept-codes.html#concept-codes-HIV.46B.46DE161\">HIV.B.DE161</a></td><td>Prevention of mother-to-child transmission counselling</td><td>Sexual and reproductive health integrated services - Prevention of mother-to-child transmission counselling</td></tr><tr><td><a href=\"CodeSystem-concept-codes.html#concept-codes-HIV.46B.46DE162\">HIV.B.DE162</a></td><td>Cervical cancer screening and treatment counselling</td><td>Sexual and reproductive health integrated services - Cervical cancer screening and treatment counselling</td></tr><tr><td><a href=\"CodeSystem-concept-codes.html#concept-codes-HIV.46B.46DE163\">HIV.B.DE163</a></td><td>Anal cancer screening (for men who have sex with men)</td><td>Sexual and reproductive health integrated services - Anal cancer screening (for men who have sex with men)</td></tr><tr><td><a href=\"CodeSystem-concept-codes.html#concept-codes-HIV.46B.46DE164\">HIV.B.DE164</a></td><td>STI testing and treatment services</td><td>Sexual and reproductive health integrated services - STI testing and treatment services</td></tr><tr><td><a href=\"CodeSystem-concept-codes.html#concept-codes-HIV.46C.46DE150\">HIV.C.DE150</a></td><td>Contraception and family planning</td><td>Sexual and reproductive health integrated services - Contraception and family planning</td></tr><tr><td><a href=\"CodeSystem-concept-codes.html#concept-codes-HIV.46C.46DE151\">HIV.C.DE151</a></td><td>Check pregnancy status</td><td>Sexual and reproductive health integrated services - Check pregnancy status</td></tr><tr><td><a href=\"CodeSystem-concept-codes.html#concept-codes-HIV.46C.46DE152\">HIV.C.DE152</a></td><td>Prevent mother-to-child transmission</td><td>Sexual and reproductive health integrated services - Prevent mother-to-child transmission</td></tr><tr><td><a href=\"CodeSystem-concept-codes.html#concept-codes-HIV.46C.46DE153\">HIV.C.DE153</a></td><td>Cervical cancer screening and treatment</td><td>Sexual and reproductive health integrated services - Cervical cancer screening and treatment</td></tr><tr><td><a href=\"CodeSystem-concept-codes.html#concept-codes-HIV.46C.46DE154\">HIV.C.DE154</a></td><td>Anal cancer screening (for men who have sex with men)</td><td>Sexual and reproductive health integrated services - Anal cancer screening (for men who have sex with men)</td></tr><tr><td><a href=\"CodeSystem-concept-codes.html#concept-codes-HIV.46C.46DE155\">HIV.C.DE155</a></td><td>STI testing and treatment</td><td>Sexual and reproductive health integrated services - STI testing and treatment</td></tr><tr><td><a href=\"CodeSystem-concept-codes.html#concept-codes-HIV.46D.46DE157\">HIV.D.DE157</a></td><td>Contraception and family planning</td><td>Sexual and reproductive health integrated services - Contraception and family planning</td></tr><tr><td><a href=\"CodeSystem-concept-codes.html#concept-codes-HIV.46D.46DE158\">HIV.D.DE158</a></td><td>Check pregnancy status</td><td>Sexual and reproductive health integrated services - Check pregnancy status</td></tr><tr><td><a href=\"CodeSystem-concept-codes.html#concept-codes-HIV.46D.46DE159\">HIV.D.DE159</a></td><td>Prevention of mother-to-child transmission</td><td>Sexual and reproductive health integrated services - Prevention of mother-to-child transmission</td></tr><tr><td><a href=\"CodeSystem-concept-codes.html#concept-codes-HIV.46D.46DE160\">HIV.D.DE160</a></td><td>STI testing and treatment</td><td>Sexual and reproductive health integrated services - STI testing and treatment</td></tr></table></li></ul></div>"},"url":"http://fhir.org/guides/itech-uw/ValueSet/hiv-b-de159","version":"0.3.0","name":"SexualandreproductivehealthintegratedservicesCodes","title":"Sexual and reproductive health integrated services Codes","status":"draft","experimental":false,"date":"2024-04-30T19:50:03+00:00","publisher":"World Health Organization (WHO) ","contact":[{"telecom":[{"system":"url","value":"https://www.who.int"}]}],"description":"Codes representing possible values for the Sexual and reproductive health integrated services element","jurisdiction":[{"coding":[{"system":"http://unstats.un.org/unsd/methods/m49/m49.htm","code":"001"}]}],"immutable":true,"compose":{"include":[{"system":"http://fhir.org/guides/itech-uw/who-smart-hiv-dak/CodeSystem/concept-codes","concept":[{"code":"HIV.B.DE159","display":"Contraception and family planning"},{"code":"HIV.B.DE160","display":"Check pregnancy status"},{"code":"HIV.B.DE161","display":"Prevention of mother-to-child transmission counselling"},{"code":"HIV.B.DE162","display":"Cervical cancer screening and treatment counselling"},{"code":"HIV.B.DE163","display":"Anal cancer screening (for men who have sex with men)"},{"code":"HIV.B.DE164","display":"STI testing and treatment services"},{"code":"HIV.C.DE150","display":"Contraception and family planning"},{"code":"HIV.C.DE151","display":"Check pregnancy status"},{"code":"HIV.C.DE152","display":"Prevent mother-to-child transmission"},{"code":"HIV.C.DE153","display":"Cervical cancer screening and treatment"},{"code":"HIV.C.DE154","display":"Anal cancer screening (for men who have sex with men)"},{"code":"HIV.C.DE155","display":"STI testing and treatment"},{"code":"HIV.D.DE157","display":"Contraception and family planning"},{"code":"HIV.D.DE158","display":"Check pregnancy status"},{"code":"HIV.D.DE159","display":"Prevention of mother-to-child transmission"},{"code":"HIV.D.DE160","display":"STI testing and treatment"}]}]}}