{"resourceType":"ValueSet","id":"hiv-d-de392","text":{"status":"extensions","div":"<div xmlns=\"http://www.w3.org/1999/xhtml\"><ul><li>Include these codes as defined in <a href=\"CodeSystem-concept-codes.html\"><code>http://fhir.org/guides/itech-uw/who-smart-hiv-dak/CodeSystem/concept-codes</code></a><table class=\"none\"><tr><td style=\"white-space:nowrap\"><b>Code</b></td><td><b>Display</b></td><td><b>Definition</b></td></tr><tr><td><a href=\"CodeSystem-concept-codes.html#concept-codes-HIV.46D.46DE392\">HIV.D.DE392</a></td><td>Routine viral load test</td><td>Reason for HIV viral load test - Routine viral load test</td></tr><tr><td><a href=\"CodeSystem-concept-codes.html#concept-codes-HIV.46D.46DE393\">HIV.D.DE393</a></td><td>Targeted viral load monitoring</td><td>Reason for HIV viral load test - Targeted viral load monitoring</td></tr><tr><td><a href=\"CodeSystem-concept-codes.html#concept-codes-HIV.46D.46DE394\">HIV.D.DE394</a></td><td>Initial viral load test</td><td>Reason for HIV viral load test - Initial viral load test</td></tr><tr><td><a href=\"CodeSystem-concept-codes.html#concept-codes-HIV.46D.46DE395\">HIV.D.DE395</a></td><td>Follow-up viral load test after receiving enhanced adherence counselling</td><td>Reason for HIV viral load test - Follow-up viral load test after receiving enhanced adherence counselling</td></tr></table></li></ul></div>"},"url":"http://fhir.org/guides/itech-uw/ValueSet/hiv-d-de392","version":"0.3.0","name":"ReasonforHIVviralloadtestCodes","title":"Reason for HIV viral load test Codes","status":"draft","experimental":false,"date":"2024-04-30T19:24:27+00:00","publisher":"World Health Organization (WHO) ","contact":[{"telecom":[{"system":"url","value":"https://www.who.int"}]}],"description":"Codes representing possible values for the Reason for HIV viral load test element","jurisdiction":[{"coding":[{"system":"http://unstats.un.org/unsd/methods/m49/m49.htm","code":"001"}]}],"immutable":true,"compose":{"include":[{"system":"http://fhir.org/guides/itech-uw/who-smart-hiv-dak/CodeSystem/concept-codes","concept":[{"code":"HIV.D.DE392","display":"Routine viral load test"},{"code":"HIV.D.DE393","display":"Targeted viral load monitoring"},{"code":"HIV.D.DE394","display":"Initial viral load test"},{"code":"HIV.D.DE395","display":"Follow-up viral load test after receiving enhanced adherence counselling"}]}]}}