{"resourceType":"ValueSet","id":"hiv-d-de230","text":{"status":"extensions","div":"<div xmlns=\"http://www.w3.org/1999/xhtml\"><ul><li>Include these codes as defined in <a href=\"CodeSystem-concept-codes.html\"><code>http://fhir.org/guides/itech-uw/who-smart-hiv-dak/CodeSystem/concept-codes</code></a><table class=\"none\"><tr><td style=\"white-space:nowrap\"><b>Code</b></td><td><b>Display</b></td><td><b>Definition</b></td></tr><tr><td><a href=\"CodeSystem-concept-codes.html#concept-codes-HIV.46D.46DE230\">HIV.D.DE230</a></td><td>Determine WHO clinical stage</td><td>General care activities recommended - Determine WHO clinical stage</td></tr><tr><td><a href=\"CodeSystem-concept-codes.html#concept-codes-HIV.46D.46DE231\">HIV.D.DE231</a></td><td>Determine if advanced disease</td><td>General care activities recommended - Determine if advanced disease</td></tr><tr><td><a href=\"CodeSystem-concept-codes.html#concept-codes-HIV.46D.46DE232\">HIV.D.DE232</a></td><td>Prepare for ART</td><td>General care activities recommended - Prepare for ART</td></tr><tr><td><a href=\"CodeSystem-concept-codes.html#concept-codes-HIV.46D.46DE233\">HIV.D.DE233</a></td><td>Prepare, assess and support adherence</td><td>General care activities recommended - Prepare, assess and support adherence</td></tr><tr><td><a href=\"CodeSystem-concept-codes.html#concept-codes-HIV.46D.46DE234\">HIV.D.DE234</a></td><td>Manage current medications</td><td>General care activities recommended - Manage current medications</td></tr><tr><td><a href=\"CodeSystem-concept-codes.html#concept-codes-HIV.46D.46DE235\">HIV.D.DE235</a></td><td>Check pregnancy status</td><td>General care activities recommended - Check pregnancy status</td></tr><tr><td><a href=\"CodeSystem-concept-codes.html#concept-codes-HIV.46D.46DE236\">HIV.D.DE236</a></td><td>Provide family planning and contraception</td><td>General care activities recommended - Provide family planning and contraception</td></tr><tr><td><a href=\"CodeSystem-concept-codes.html#concept-codes-HIV.46D.46DE237\">HIV.D.DE237</a></td><td>Support disclosure and partner notification</td><td>General care activities recommended - Support disclosure and partner notification</td></tr><tr><td><a href=\"CodeSystem-concept-codes.html#concept-codes-HIV.46D.46DE238\">HIV.D.DE238</a></td><td>Counsel on risk reduction and prevention</td><td>General care activities recommended - Counsel on risk reduction and prevention</td></tr><tr><td><a href=\"CodeSystem-concept-codes.html#concept-codes-HIV.46D.46DE239\">HIV.D.DE239</a></td><td>Assess, prevent and manage noncommunicable diseases</td><td>General care activities recommended - Assess, prevent and manage noncommunicable diseases</td></tr><tr><td><a href=\"CodeSystem-concept-codes.html#concept-codes-HIV.46D.46DE240\">HIV.D.DE240</a></td><td>Screen for and manage mental health problems</td><td>General care activities recommended - Screen for and manage mental health problems</td></tr><tr><td><a href=\"CodeSystem-concept-codes.html#concept-codes-HIV.46D.46DE241\">HIV.D.DE241</a></td><td>Screen for and manage and substance use issues</td><td>General care activities recommended - Screen for and manage and substance use issues</td></tr><tr><td><a href=\"CodeSystem-concept-codes.html#concept-codes-HIV.46D.46DE242\">HIV.D.DE242</a></td><td>Provide psychosocial counselling and support</td><td>General care activities recommended - Provide psychosocial counselling and support</td></tr><tr><td><a href=\"CodeSystem-concept-codes.html#concept-codes-HIV.46D.46DE243\">HIV.D.DE243</a></td><td>Manage pain and symptoms</td><td>General care activities recommended - Manage pain and symptoms</td></tr><tr><td><a href=\"CodeSystem-concept-codes.html#concept-codes-HIV.46D.46DE244\">HIV.D.DE244</a></td><td>Conduct a nutritional assessment and counsel on nutrition</td><td>General care activities recommended - Conduct a nutritional assessment and counsel on nutrition</td></tr><tr><td><a href=\"CodeSystem-concept-codes.html#concept-codes-HIV.46D.46DE245\">HIV.D.DE245</a></td><td>Conduct a growth and development assessment</td><td>General care activities recommended - Conduct a growth and development assessment</td></tr><tr><td><a href=\"CodeSystem-concept-codes.html#concept-codes-HIV.46D.46DE246\">HIV.D.DE246</a></td><td>Provide support on infant and child feeding</td><td>General care activities recommended - Provide support on infant and child feeding</td></tr></table></li></ul></div>"},"url":"http://fhir.org/guides/itech-uw/ValueSet/hiv-d-de230","version":"0.3.0","name":"GeneralcareactivitiesrecommendedCodes","title":"General care activities recommended Codes","status":"draft","experimental":false,"date":"2024-06-06T18:10:14+00:00","publisher":"World Health Organization (WHO) ","contact":[{"telecom":[{"system":"url","value":"https://www.who.int"}]}],"description":"Codes representing possible values for the General care activities recommended element","jurisdiction":[{"coding":[{"system":"http://unstats.un.org/unsd/methods/m49/m49.htm","code":"001"}]}],"immutable":true,"compose":{"include":[{"system":"http://fhir.org/guides/itech-uw/who-smart-hiv-dak/CodeSystem/concept-codes","concept":[{"code":"HIV.D.DE230","display":"Determine WHO clinical stage"},{"code":"HIV.D.DE231","display":"Determine if advanced disease"},{"code":"HIV.D.DE232","display":"Prepare for ART"},{"code":"HIV.D.DE233","display":"Prepare, assess and support adherence"},{"code":"HIV.D.DE234","display":"Manage current medications"},{"code":"HIV.D.DE235","display":"Check pregnancy status"},{"code":"HIV.D.DE236","display":"Provide family planning and contraception"},{"code":"HIV.D.DE237","display":"Support disclosure and partner notification"},{"code":"HIV.D.DE238","display":"Counsel on risk reduction and prevention"},{"code":"HIV.D.DE239","display":"Assess, prevent and manage noncommunicable diseases"},{"code":"HIV.D.DE240","display":"Screen for and manage mental health problems"},{"code":"HIV.D.DE241","display":"Screen for and manage and substance use issues"},{"code":"HIV.D.DE242","display":"Provide psychosocial counselling and support"},{"code":"HIV.D.DE243","display":"Manage pain and symptoms"},{"code":"HIV.D.DE244","display":"Conduct a nutritional assessment and counsel on nutrition"},{"code":"HIV.D.DE245","display":"Conduct a growth and development assessment"},{"code":"HIV.D.DE246","display":"Provide support on infant and child feeding"}]}]}}