{"resourceType":"ValueSet","id":"hiv-b-de173","text":{"status":"extensions","div":"<div xmlns=\"http://www.w3.org/1999/xhtml\"><ul><li>Include these codes as defined in <a href=\"CodeSystem-concept-codes.html\"><code>http://fhir.org/guides/itech-uw/who-smart-hiv-dak/CodeSystem/concept-codes</code></a><table class=\"none\"><tr><td style=\"white-space:nowrap\"><b>Code</b></td><td><b>Display</b></td><td><b>Definition</b></td></tr><tr><td><a href=\"CodeSystem-concept-codes.html#concept-codes-HIV.46B.46DE173\">HIV.B.DE173</a></td><td>Mental health services</td><td>Other support services - Mental health services</td></tr><tr><td><a href=\"CodeSystem-concept-codes.html#concept-codes-HIV.46B.46DE174\">HIV.B.DE174</a></td><td>Psychosocial counselling, support and treatment adherence counselling</td><td>Other support services - Psychosocial counselling, support and treatment adherence counselling</td></tr><tr><td><a href=\"CodeSystem-concept-codes.html#concept-codes-HIV.46B.46DE175\">HIV.B.DE175</a></td><td>Support for disclosure and partner services</td><td>Other support services - Support for disclosure and partner services</td></tr><tr><td><a href=\"CodeSystem-concept-codes.html#concept-codes-HIV.46B.46DE176\">HIV.B.DE176</a></td><td>Legal and social services</td><td>Other support services - Legal and social services</td></tr><tr><td><a href=\"CodeSystem-concept-codes.html#concept-codes-HIV.46B.46DE177\">HIV.B.DE177</a></td><td>Services for responding to violence against women</td><td>Other support services - Services for responding to violence against women</td></tr><tr><td><a href=\"CodeSystem-concept-codes.html#concept-codes-HIV.46C.46DE165\">HIV.C.DE165</a></td><td>Mental health services</td><td>Other support services - Mental health services</td></tr><tr><td><a href=\"CodeSystem-concept-codes.html#concept-codes-HIV.46C.46DE166\">HIV.C.DE166</a></td><td>Psychosocial counselling, support and treatment adherence counselling</td><td>Other support services - Psychosocial counselling, support and treatment adherence counselling</td></tr><tr><td><a href=\"CodeSystem-concept-codes.html#concept-codes-HIV.46C.46DE167\">HIV.C.DE167</a></td><td>Support for disclosure and partner services</td><td>Other support services - Support for disclosure and partner services</td></tr><tr><td><a href=\"CodeSystem-concept-codes.html#concept-codes-HIV.46C.46DE168\">HIV.C.DE168</a></td><td>Legal and social services</td><td>Other support services - Legal and social services</td></tr><tr><td><a href=\"CodeSystem-concept-codes.html#concept-codes-HIV.46C.46DE169\">HIV.C.DE169</a></td><td>Services for responding to violence against women</td><td>Other support services - Services for responding to violence against women</td></tr><tr><td><a href=\"CodeSystem-concept-codes.html#concept-codes-HIV.46D.46DE520\">HIV.D.DE520</a></td><td>Mental health services</td><td>Other support services - Mental health services</td></tr><tr><td><a href=\"CodeSystem-concept-codes.html#concept-codes-HIV.46D.46DE521\">HIV.D.DE521</a></td><td>Psychosocial counselling, support and treatment adherence counselling</td><td>Other support services - Psychosocial counselling, support and treatment adherence counselling</td></tr><tr><td><a href=\"CodeSystem-concept-codes.html#concept-codes-HIV.46D.46DE522\">HIV.D.DE522</a></td><td>Legal and social services</td><td>Other support services - Legal and social services</td></tr><tr><td><a href=\"CodeSystem-concept-codes.html#concept-codes-HIV.46D.46DE523\">HIV.D.DE523</a></td><td>Services for responding to violence against women</td><td>Other support services - Services for responding to violence against women</td></tr></table></li></ul></div>"},"url":"http://fhir.org/guides/itech-uw/ValueSet/hiv-b-de173","version":"0.3.0","name":"OthersupportservicesCodes","title":"Other support services Codes","status":"draft","experimental":false,"date":"2024-04-30T19:53:06+00:00","publisher":"World Health Organization (WHO) ","contact":[{"telecom":[{"system":"url","value":"https://www.who.int"}]}],"description":"Codes representing possible values for the Other support services element","jurisdiction":[{"coding":[{"system":"http://unstats.un.org/unsd/methods/m49/m49.htm","code":"001"}]}],"immutable":true,"compose":{"include":[{"system":"http://fhir.org/guides/itech-uw/who-smart-hiv-dak/CodeSystem/concept-codes","concept":[{"code":"HIV.B.DE173","display":"Mental health services"},{"code":"HIV.B.DE174","display":"Psychosocial counselling, support and treatment adherence counselling"},{"code":"HIV.B.DE175","display":"Support for disclosure and partner services"},{"code":"HIV.B.DE176","display":"Legal and social services"},{"code":"HIV.B.DE177","display":"Services for responding to violence against women"},{"code":"HIV.C.DE165","display":"Mental health services"},{"code":"HIV.C.DE166","display":"Psychosocial counselling, support and treatment adherence counselling"},{"code":"HIV.C.DE167","display":"Support for disclosure and partner services"},{"code":"HIV.C.DE168","display":"Legal and social services"},{"code":"HIV.C.DE169","display":"Services for responding to violence against women"},{"code":"HIV.D.DE520","display":"Mental health services"},{"code":"HIV.D.DE521","display":"Psychosocial counselling, support and treatment adherence counselling"},{"code":"HIV.D.DE522","display":"Legal and social services"},{"code":"HIV.D.DE523","display":"Services for responding to violence against women"}]}]}}