{"resourceType":"ValueSet","id":"hiv-d-de431","text":{"status":"extensions","div":"<div xmlns=\"http://www.w3.org/1999/xhtml\"><ul><li>Include these codes as defined in <a href=\"CodeSystem-concept-codes.html\"><code>http://fhir.org/guides/itech-uw/who-smart-hiv-dak/CodeSystem/concept-codes</code></a><table class=\"none\"><tr><td style=\"white-space:nowrap\"><b>Code</b></td><td><b>Display</b></td><td><b>Definition</b></td></tr><tr><td><a href=\"CodeSystem-concept-codes.html#concept-codes-HIV.46D.46DE431\">HIV.D.DE431</a></td><td>Clinical treatment failure</td><td>Reason for regimen switch - Clinical treatment failure</td></tr><tr><td><a href=\"CodeSystem-concept-codes.html#concept-codes-HIV.46D.46DE432\">HIV.D.DE432</a></td><td>Immunological failure</td><td>Reason for regimen switch - Immunological failure</td></tr><tr><td><a href=\"CodeSystem-concept-codes.html#concept-codes-HIV.46D.46DE433\">HIV.D.DE433</a></td><td>Virological failure</td><td>Reason for regimen switch - Virological failure</td></tr><tr><td><a href=\"CodeSystem-concept-codes.html#concept-codes-HIV.46D.46DE434\">HIV.D.DE434</a></td><td>Other</td><td>Reason for regimen switch - Other</td></tr></table></li></ul></div>"},"url":"http://fhir.org/guides/itech-uw/ValueSet/hiv-d-de431","version":"0.3.0","name":"ReasonforregimenswitchCodes","title":"Reason for regimen switch Codes","status":"draft","experimental":false,"date":"2024-06-10T14:32:54+00:00","publisher":"World Health Organization (WHO) ","contact":[{"telecom":[{"system":"url","value":"https://www.who.int"}]}],"description":"Codes representing possible values for the Reason for regimen switch element","jurisdiction":[{"coding":[{"system":"http://unstats.un.org/unsd/methods/m49/m49.htm","code":"001"}]}],"immutable":true,"compose":{"include":[{"system":"http://fhir.org/guides/itech-uw/who-smart-hiv-dak/CodeSystem/concept-codes","concept":[{"code":"HIV.D.DE431","display":"Clinical treatment failure"},{"code":"HIV.D.DE432","display":"Immunological failure"},{"code":"HIV.D.DE433","display":"Virological failure"},{"code":"HIV.D.DE434","display":"Other"}]}]}}