{"resourceType":"ValueSet","id":"hiv-c-de81","text":{"status":"extensions","div":"<div xmlns=\"http://www.w3.org/1999/xhtml\"><ul><li>Include these codes as defined in <a href=\"CodeSystem-concept-codes.html\"><code>http://fhir.org/guides/itech-uw/who-smart-hiv-dak/CodeSystem/concept-codes</code></a><table class=\"none\"><tr><td style=\"white-space:nowrap\"><b>Code</b></td><td><b>Display</b></td><td><b>Definition</b></td></tr><tr><td><a href=\"CodeSystem-concept-codes.html#concept-codes-HIV.46C.46DE81\">HIV.C.DE81</a></td><td>Oral PrEP</td><td>PrEP product prescribed - Oral PrEP</td></tr><tr><td><a href=\"CodeSystem-concept-codes.html#concept-codes-HIV.46C.46DE82\">HIV.C.DE82</a></td><td>Dapivirine vaginal ring (DVR)</td><td>PrEP product prescribed - Dapivirine vaginal ring (DVR)</td></tr><tr><td><a href=\"CodeSystem-concept-codes.html#concept-codes-HIV.46C.46DE83\">HIV.C.DE83</a></td><td>CAB-LA</td><td>PrEP product prescribed - CAB-LA</td></tr><tr><td><a href=\"CodeSystem-concept-codes.html#concept-codes-HIV.46C.46DE84\">HIV.C.DE84</a></td><td>Other</td><td>PrEP product prescribed - Other</td></tr></table></li></ul></div>"},"url":"http://fhir.org/guides/itech-uw/ValueSet/hiv-c-de81","version":"0.3.0","name":"PrEPproductprescribedCodes","title":"PrEP product prescribed Codes","status":"draft","experimental":false,"date":"2024-04-30T19:50:03+00:00","publisher":"World Health Organization (WHO) ","contact":[{"telecom":[{"system":"url","value":"https://www.who.int"}]}],"description":"Codes representing possible values for the PrEP product prescribed element","jurisdiction":[{"coding":[{"system":"http://unstats.un.org/unsd/methods/m49/m49.htm","code":"001"}]}],"immutable":true,"compose":{"include":[{"system":"http://fhir.org/guides/itech-uw/who-smart-hiv-dak/CodeSystem/concept-codes","concept":[{"code":"HIV.C.DE81","display":"Oral PrEP"},{"code":"HIV.C.DE82","display":"Dapivirine vaginal ring (DVR)"},{"code":"HIV.C.DE83","display":"CAB-LA"},{"code":"HIV.C.DE84","display":"Other"}]}]}}