{"resourceType":"ValueSet","id":"hiv-c-de56","text":{"status":"extensions","div":"<div xmlns=\"http://www.w3.org/1999/xhtml\"><ul><li>Include these codes as defined in <a href=\"CodeSystem-concept-codes.html\"><code>http://fhir.org/guides/itech-uw/who-smart-hiv-dak/CodeSystem/concept-codes</code></a><table class=\"none\"><tr><td style=\"white-space:nowrap\"><b>Code</b></td><td><b>Display</b></td><td><b>Definition</b></td></tr><tr><td><a href=\"CodeSystem-concept-codes.html#concept-codes-HIV.46C.46DE56\">HIV.C.DE56</a></td><td>Not on ART</td><td>Sex partner's HIV treatment status - Not on ART</td></tr><tr><td><a href=\"CodeSystem-concept-codes.html#concept-codes-HIV.46C.46DE57\">HIV.C.DE57</a></td><td>On ART less than 6 months</td><td>Sex partner's HIV treatment status - On ART less than 6 months</td></tr><tr><td><a href=\"CodeSystem-concept-codes.html#concept-codes-HIV.46C.46DE58\">HIV.C.DE58</a></td><td>Partner has suspected low adherence to ART</td><td>Sex partner's HIV treatment status - Partner has suspected low adherence to ART</td></tr><tr><td><a href=\"CodeSystem-concept-codes.html#concept-codes-HIV.46C.46DE59\">HIV.C.DE59</a></td><td>Partner is not virally suppressed</td><td>Sex partner's HIV treatment status - Partner is not virally suppressed</td></tr><tr><td><a href=\"CodeSystem-concept-codes.html#concept-codes-HIV.46C.46DE60\">HIV.C.DE60</a></td><td>Partner is virally suppressed and has been on ART for 6 months or more</td><td>Sex partner's HIV treatment status - Partner is virally suppressed and has been on ART for 6 months or more</td></tr></table></li></ul></div>"},"url":"http://fhir.org/guides/itech-uw/ValueSet/hiv-c-de56","version":"0.3.0","name":"Sexpartner'sHIVtreatmentstatusCodes","title":"Sex partner's HIV treatment status Codes","status":"draft","experimental":false,"date":"2024-06-06T18:10:14+00:00","publisher":"World Health Organization (WHO) ","contact":[{"telecom":[{"system":"url","value":"https://www.who.int"}]}],"description":"Codes representing possible values for the Sex partner's HIV treatment status element","jurisdiction":[{"coding":[{"system":"http://unstats.un.org/unsd/methods/m49/m49.htm","code":"001"}]}],"immutable":true,"compose":{"include":[{"system":"http://fhir.org/guides/itech-uw/who-smart-hiv-dak/CodeSystem/concept-codes","concept":[{"code":"HIV.C.DE56","display":"Not on ART"},{"code":"HIV.C.DE57","display":"On ART less than 6 months"},{"code":"HIV.C.DE58","display":"Partner has suspected low adherence to ART"},{"code":"HIV.C.DE59","display":"Partner is not virally suppressed"},{"code":"HIV.C.DE60","display":"Partner is virally suppressed and has been on ART for 6 months or more"}]}]}}