{"resourceType":"ValueSet","id":"hiv-b-de95","text":{"status":"extensions","div":"<div xmlns=\"http://www.w3.org/1999/xhtml\"><ul><li>Include these codes as defined in <a href=\"CodeSystem-concept-codes.html\"><code>http://fhir.org/guides/itech-uw/who-smart-hiv-dak/CodeSystem/concept-codes</code></a><table class=\"none\"><tr><td style=\"white-space:nowrap\"><b>Code</b></td><td><b>Display</b></td><td><b>Definition</b></td></tr><tr><td><a href=\"CodeSystem-concept-codes.html#concept-codes-HIV.46B.46DE95\">HIV.B.DE95</a></td><td>Reactive</td><td>Test result of HIV assay 1 - Reactive</td></tr><tr><td><a href=\"CodeSystem-concept-codes.html#concept-codes-HIV.46B.46DE96\">HIV.B.DE96</a></td><td>Non-reactive</td><td>Test result of HIV assay 1 - Non-reactive</td></tr><tr><td><a href=\"CodeSystem-concept-codes.html#concept-codes-HIV.46B.46DE97\">HIV.B.DE97</a></td><td>Invalid</td><td>Test result of HIV assay 1 - Invalid</td></tr><tr><td><a href=\"CodeSystem-concept-codes.html#concept-codes-HIV.46E.46DE201\">HIV.E.DE201</a></td><td>Reactive</td><td>Test result of HIV assay 1 - Reactive</td></tr><tr><td><a href=\"CodeSystem-concept-codes.html#concept-codes-HIV.46E.46DE202\">HIV.E.DE202</a></td><td>Non-reactive</td><td>Test result of HIV assay 1 - Non-reactive</td></tr><tr><td><a href=\"CodeSystem-concept-codes.html#concept-codes-HIV.46E.46DE203\">HIV.E.DE203</a></td><td>Invalid</td><td>Test result of HIV assay 1 - Invalid</td></tr></table></li></ul></div>"},"url":"http://fhir.org/guides/itech-uw/ValueSet/hiv-b-de95","version":"0.3.0","name":"TestresultofHIVassay1Codes","title":"Test result of HIV assay 1 Codes","status":"draft","experimental":false,"date":"2024-05-15T17:51:55+00:00","publisher":"World Health Organization (WHO) ","contact":[{"telecom":[{"system":"url","value":"https://www.who.int"}]}],"description":"Codes representing possible values for the Test result of HIV assay 1 element","jurisdiction":[{"coding":[{"system":"http://unstats.un.org/unsd/methods/m49/m49.htm","code":"001"}]}],"immutable":true,"compose":{"include":[{"system":"http://fhir.org/guides/itech-uw/who-smart-hiv-dak/CodeSystem/concept-codes","concept":[{"code":"HIV.B.DE95","display":"Reactive"},{"code":"HIV.B.DE96","display":"Non-reactive"},{"code":"HIV.B.DE97","display":"Invalid"},{"code":"HIV.E.DE201","display":"Reactive"},{"code":"HIV.E.DE202","display":"Non-reactive"},{"code":"HIV.E.DE203","display":"Invalid"}]}]}}