{"resourceType":"ValueSet","id":"hiv-d-de384","text":{"status":"extensions","div":"<div xmlns=\"http://www.w3.org/1999/xhtml\"><ul><li>Include these codes as defined in <a href=\"CodeSystem-concept-codes.html\"><code>http://fhir.org/guides/itech-uw/who-smart-hiv-dak/CodeSystem/concept-codes</code></a><table class=\"none\"><tr><td style=\"white-space:nowrap\"><b>Code</b></td><td><b>Display</b></td><td><b>Definition</b></td></tr><tr><td><a href=\"CodeSystem-concept-codes.html#concept-codes-HIV.46D.46DE384\">HIV.D.DE384</a></td><td>Within 7 days of HIV diagnosis</td><td>Time to start ART - Within 7 days of HIV diagnosis</td></tr><tr><td><a href=\"CodeSystem-concept-codes.html#concept-codes-HIV.46D.46DE385\">HIV.D.DE385</a></td><td>Within 30 days of HIV diagnosis</td><td>Time to start ART - Within 30 days of HIV diagnosis</td></tr><tr><td><a href=\"CodeSystem-concept-codes.html#concept-codes-HIV.46D.46DE386\">HIV.D.DE386</a></td><td>Within 90 days of HIV diagnosis</td><td>Time to start ART - Within 90 days of HIV diagnosis</td></tr></table></li></ul></div>"},"url":"http://fhir.org/guides/itech-uw/ValueSet/hiv-d-de384","version":"0.3.0","name":"TimetostartARTCodes","title":"Time to start ART Codes","status":"draft","experimental":false,"date":"2024-04-30T19:53:06+00:00","publisher":"World Health Organization (WHO) ","contact":[{"telecom":[{"system":"url","value":"https://www.who.int"}]}],"description":"Codes representing possible values for the Time to start ART element","jurisdiction":[{"coding":[{"system":"http://unstats.un.org/unsd/methods/m49/m49.htm","code":"001"}]}],"immutable":true,"compose":{"include":[{"system":"http://fhir.org/guides/itech-uw/who-smart-hiv-dak/CodeSystem/concept-codes","concept":[{"code":"HIV.D.DE384","display":"Within 7 days of HIV diagnosis"},{"code":"HIV.D.DE385","display":"Within 30 days of HIV diagnosis"},{"code":"HIV.D.DE386","display":"Within 90 days of HIV diagnosis"}]}]}}