{"resourceType":"ValueSet","id":"hiv-d-de707","text":{"status":"extensions","div":"<div xmlns=\"http://www.w3.org/1999/xhtml\"><ul><li>Include these codes as defined in <a href=\"CodeSystem-concept-codes.html\"><code>http://fhir.org/guides/itech-uw/who-smart-hiv-dak/CodeSystem/concept-codes</code></a><table class=\"none\"><tr><td style=\"white-space:nowrap\"><b>Code</b></td><td><b>Display</b></td><td><b>Definition</b></td></tr><tr><td><a href=\"CodeSystem-concept-codes.html#concept-codes-HIV.46D.46DE707\">HIV.D.DE707</a></td><td>Positive for cervical precancer lesions</td><td>Cervical cancer screening outcome - Positive for cervical precancer lesions</td></tr><tr><td><a href=\"CodeSystem-concept-codes.html#concept-codes-HIV.46D.46DE708\">HIV.D.DE708</a></td><td>Negative for cervical precancer lesions</td><td>Cervical cancer screening outcome - Negative for cervical precancer lesions</td></tr></table></li></ul></div>"},"url":"http://fhir.org/guides/itech-uw/ValueSet/hiv-d-de707","version":"0.3.0","name":"CervicalcancerscreeningoutcomeCodes","title":"Cervical cancer screening outcome Codes","status":"draft","experimental":false,"date":"2024-06-10T14:32:54+00:00","publisher":"World Health Organization (WHO) ","contact":[{"telecom":[{"system":"url","value":"https://www.who.int"}]}],"description":"Codes representing possible values for the Cervical cancer screening outcome element","jurisdiction":[{"coding":[{"system":"http://unstats.un.org/unsd/methods/m49/m49.htm","code":"001"}]}],"immutable":true,"compose":{"include":[{"system":"http://fhir.org/guides/itech-uw/who-smart-hiv-dak/CodeSystem/concept-codes","concept":[{"code":"HIV.D.DE707","display":"Positive for cervical precancer lesions"},{"code":"HIV.D.DE708","display":"Negative for cervical precancer lesions"}]}]}}