{"resourceType":"ValueSet","id":"hiv-d-de637","text":{"status":"extensions","div":"<div xmlns=\"http://www.w3.org/1999/xhtml\"><ul><li>Include these codes as defined in <a href=\"CodeSystem-concept-codes.html\"><code>http://fhir.org/guides/itech-uw/who-smart-hiv-dak/CodeSystem/concept-codes</code></a><table class=\"none\"><tr><td style=\"white-space:nowrap\"><b>Code</b></td><td><b>Display</b></td><td><b>Definition</b></td></tr><tr><td><a href=\"CodeSystem-concept-codes.html#concept-codes-HIV.46D.46DE637\">HIV.D.DE637</a></td><td>Stock-out</td><td>Reason immunization was not provided - Stock-out</td></tr><tr><td><a href=\"CodeSystem-concept-codes.html#concept-codes-HIV.46D.46DE638\">HIV.D.DE638</a></td><td>Client is ill</td><td>Reason immunization was not provided - Client is ill</td></tr><tr><td><a href=\"CodeSystem-concept-codes.html#concept-codes-HIV.46D.46DE639\">HIV.D.DE639</a></td><td>Client refused</td><td>Reason immunization was not provided - Client refused</td></tr><tr><td><a href=\"CodeSystem-concept-codes.html#concept-codes-HIV.46D.46DE640\">HIV.D.DE640</a></td><td>Allergy to vaccine</td><td>Reason immunization was not provided - Allergy to vaccine</td></tr><tr><td><a href=\"CodeSystem-concept-codes.html#concept-codes-HIV.46D.46DE641\">HIV.D.DE641</a></td><td>Other reason immunization not provided</td><td>Reason immunization was not provided - Other reason immunization not provided</td></tr></table></li></ul></div>"},"url":"http://fhir.org/guides/itech-uw/ValueSet/hiv-d-de637","version":"0.3.0","name":"ReasonimmunizationwasnotprovidedCodes","title":"Reason immunization was not provided Codes","status":"draft","experimental":false,"date":"2024-06-10T14:32:54+00:00","publisher":"World Health Organization (WHO) ","contact":[{"telecom":[{"system":"url","value":"https://www.who.int"}]}],"description":"Codes representing possible values for the Reason immunization was not provided element","jurisdiction":[{"coding":[{"system":"http://unstats.un.org/unsd/methods/m49/m49.htm","code":"001"}]}],"immutable":true,"compose":{"include":[{"system":"http://fhir.org/guides/itech-uw/who-smart-hiv-dak/CodeSystem/concept-codes","concept":[{"code":"HIV.D.DE637","display":"Stock-out"},{"code":"HIV.D.DE638","display":"Client is ill"},{"code":"HIV.D.DE639","display":"Client refused"},{"code":"HIV.D.DE640","display":"Allergy to vaccine"},{"code":"HIV.D.DE641","display":"Other reason immunization not provided"}]}]}}