{"resourceType":"ValueSet","id":"hiv-d-de659","text":{"status":"extensions","div":"<div xmlns=\"http://www.w3.org/1999/xhtml\"><ul><li>Include these codes as defined in <a href=\"CodeSystem-concept-codes.html\"><code>http://fhir.org/guides/itech-uw/who-smart-hiv-dak/CodeSystem/concept-codes</code></a><table class=\"none\"><tr><td style=\"white-space:nowrap\"><b>Code</b></td><td><b>Display</b></td><td><b>Definition</b></td></tr><tr><td><a href=\"CodeSystem-concept-codes.html#concept-codes-HIV.46D.46DE659\">HIV.D.DE659</a></td><td>HPV-DNA</td><td>Cervical cancer primary screening test type - HPV-DNA</td></tr><tr><td><a href=\"CodeSystem-concept-codes.html#concept-codes-HIV.46D.46DE660\">HIV.D.DE660</a></td><td>VIA</td><td>Cervical cancer primary screening test type - VIA</td></tr><tr><td><a href=\"CodeSystem-concept-codes.html#concept-codes-HIV.46D.46DE661\">HIV.D.DE661</a></td><td>Cervical cytology</td><td>Cervical cancer primary screening test type - Cervical cytology</td></tr><tr><td><a href=\"CodeSystem-concept-codes.html#concept-codes-HIV.46D.46DE662\">HIV.D.DE662</a></td><td>Other</td><td>Cervical cancer primary screening test type - Other</td></tr></table></li></ul></div>"},"url":"http://fhir.org/guides/itech-uw/ValueSet/hiv-d-de659","version":"0.3.0","name":"CervicalcancerprimaryscreeningtesttypeCodes","title":"Cervical cancer primary screening test type Codes","status":"draft","experimental":false,"date":"2024-04-30T19:53:06+00:00","publisher":"World Health Organization (WHO) ","contact":[{"telecom":[{"system":"url","value":"https://www.who.int"}]}],"description":"Codes representing possible values for the Cervical cancer primary screening test type element","jurisdiction":[{"coding":[{"system":"http://unstats.un.org/unsd/methods/m49/m49.htm","code":"001"}]}],"immutable":true,"compose":{"include":[{"system":"http://fhir.org/guides/itech-uw/who-smart-hiv-dak/CodeSystem/concept-codes","concept":[{"code":"HIV.D.DE659","display":"HPV-DNA"},{"code":"HIV.D.DE660","display":"VIA"},{"code":"HIV.D.DE661","display":"Cervical cytology"},{"code":"HIV.D.DE662","display":"Other"}]}]}}