{"resourceType":"ValueSet","id":"hiv-b-de38","text":{"status":"extensions","div":"<div xmlns=\"http://www.w3.org/1999/xhtml\"><ul><li>Include these codes as defined in <a href=\"CodeSystem-concept-codes.html\"><code>http://fhir.org/guides/itech-uw/who-smart-hiv-dak/CodeSystem/concept-codes</code></a><table class=\"none\"><tr><td style=\"white-space:nowrap\"><b>Code</b></td><td><b>Display</b></td><td><b>Definition</b></td></tr><tr><td><a href=\"CodeSystem-concept-codes.html#concept-codes-HIV.46B.46DE38\">HIV.B.DE38</a></td><td>Sex worker</td><td>Partner is from a key population* - Sex worker</td></tr><tr><td><a href=\"CodeSystem-concept-codes.html#concept-codes-HIV.46B.46DE39\">HIV.B.DE39</a></td><td>Men who have sex with men</td><td>Partner is from a key population* - Men who have sex with men</td></tr><tr><td><a href=\"CodeSystem-concept-codes.html#concept-codes-HIV.46B.46DE40\">HIV.B.DE40</a></td><td>Trans and gender-diverse people</td><td>Partner is from a key population* - Trans and gender-diverse people</td></tr><tr><td><a href=\"CodeSystem-concept-codes.html#concept-codes-HIV.46B.46DE41\">HIV.B.DE41</a></td><td>People who inject drugs</td><td>Partner is from a key population* - People who inject drugs</td></tr><tr><td><a href=\"CodeSystem-concept-codes.html#concept-codes-HIV.46B.46DE42\">HIV.B.DE42</a></td><td>People living in prisons and other closed settings</td><td>Partner is from a key population* - People living in prisons and other closed settings</td></tr></table></li></ul></div>"},"url":"http://fhir.org/guides/itech-uw/ValueSet/hiv-b-de38","version":"0.3.0","name":"Partnerisfromakeypopulation*Codes","title":"Partner is from a key population* Codes","status":"draft","experimental":false,"date":"2024-04-30T19:24:27+00:00","publisher":"World Health Organization (WHO) ","contact":[{"telecom":[{"system":"url","value":"https://www.who.int"}]}],"description":"Codes representing possible values for the Partner is from a key population* element","jurisdiction":[{"coding":[{"system":"http://unstats.un.org/unsd/methods/m49/m49.htm","code":"001"}]}],"immutable":true,"compose":{"include":[{"system":"http://fhir.org/guides/itech-uw/who-smart-hiv-dak/CodeSystem/concept-codes","concept":[{"code":"HIV.B.DE38","display":"Sex worker"},{"code":"HIV.B.DE39","display":"Men who have sex with men"},{"code":"HIV.B.DE40","display":"Trans and gender-diverse people"},{"code":"HIV.B.DE41","display":"People who inject drugs"},{"code":"HIV.B.DE42","display":"People living in prisons and other closed settings"}]}]}}