{
  "resourceType" : "PlanDefinition",
  "id" : "HIVE12DT",
  "text" : {
    "status" : "generated",
    "div" : "<div xmlns=\"http://www.w3.org/1999/xhtml\"><p><b>Generated Narrative: PlanDefinition</b><a name=\"HIVE12DT\"> </a><a name=\"hcHIVE12DT\"> </a></p><div style=\"display: inline-block; background-color: #d9e0e7; padding: 6px; margin: 4px; border: 1px solid #8da1b4; border-radius: 5px; line-height: 60%\"><p style=\"margin-bottom: 0px\">ResourcePlanDefinition &quot;HIVE12DT&quot; </p></div><p><b>url</b>: <code>http://fhir.org/guides/who/anc-cds/PlanDefinition/HIVE12DT</code></p><p><b>identifier</b>: HIV.E12.DT\u00a0(use:\u00a0official)</p><p><b>version</b>: 0.3.0</p><p><b>name</b>: HIVE12DT</p><p><b>title</b>: HIV.E12.DT</p><p><b>type</b>: ECA Rule <span style=\"background: LightGoldenRodYellow; margin: 4px; border: 1px solid khaki\"> (<a href=\"http://terminology.hl7.org/5.5.0/CodeSystem-plan-definition-type.html\">PlanDefinitionType</a>#eca-rule)</span></p><p><b>status</b>: active</p><p><b>experimental</b>: false</p><p><b>date</b>: 2024-03-26 13:56:57+0300</p><p><b>publisher</b>: World Health Organization (WHO) </p><p><b>contact</b>: <a href=\"https://www.who.int\">https://www.who.int</a></p><p><b>description</b>: Managing indeterminate test results: standard operating procedure</p><h3>UseContexts</h3><table class=\"grid\"><tr><td style=\"display: none\">-</td><td><b>Code</b></td><td><b>Value[x]</b></td></tr><tr><td style=\"display: none\">*</td><td>Workflow Task (Details: UsageContextType code task = 'Workflow Task', stated as 'Workflow Task')</td><td>Test infant using HIV testing algorithm, HIV.F8 Test infant/child for HIV using HIV testing algorithm <span style=\"background: LightGoldenRodYellow; margin: 4px; border: 1px solid khaki\"> (activity-codes#HIV.E12)</span></td></tr></table><p><b>jurisdiction</b>: Global (Whole world) <span style=\"background: LightGoldenRodYellow; margin: 4px; border: 1px solid khaki\"> (m49.htm#001)</span></p><p><b>library</b>: <a href=\"http://fhir.org/guides/who/anc-cds/Library/HIVE12DT\">http://fhir.org/guides/who/anc-cds/Library/HIVE12DT</a></p><blockquote><p><b>action</b></p><p><b>title</b>: HIV.E12.DT</p><h3>Triggers</h3><table class=\"grid\"><tr><td style=\"display: none\">-</td><td><b>Type</b></td><td><b>Name</b></td></tr><tr><td style=\"display: none\">*</td><td>named-event</td><td>HIV.E12 Test infant using HIV testing algorithm, HIV.F8 Test infant/child for HIV using HIV testing algorithm</td></tr></table><blockquote><p><b>action</b></p><blockquote><p><b>id</b></p>1</blockquote><p><b>title</b>: Report as HIV-negative. Manage in accordance with current guidance. Set &quot;HIV test result&quot;='HIV-negative'.</p><p><b>description</b>: Report as HIV-negative. Manage in accordance with current guidance. Set &quot;HIV test result&quot;='HIV-negative'.</p><blockquote><p><b>documentation</b></p></blockquote><blockquote><p><b>condition</b></p></blockquote><blockquote><p><b>action</b></p></blockquote><blockquote><p><b>action</b></p></blockquote></blockquote><blockquote><p><b>action</b></p><blockquote><p><b>id</b></p>2</blockquote><p><b>title</b>: Perform &quot;EID test number&quot;='EID test number 2' using EID sample no. 1</p><p><b>description</b>: Perform &quot;EID test number&quot;='EID test number 2' using EID sample no. 1</p><blockquote><p><b>documentation</b></p></blockquote><blockquote><p><b>condition</b></p></blockquote><blockquote><p><b>action</b></p></blockquote><blockquote><p><b>action</b></p></blockquote></blockquote><blockquote><p><b>action</b></p><blockquote><p><b>id</b></p>3</blockquote><p><b>title</b>: Report as HIV-positive. Manage in accordance with current guidance. Set &quot;HIV test result&quot;='HIV-positive'.</p><p><b>description</b>: Report as HIV-positive. Manage in accordance with current guidance. Set &quot;HIV test result&quot;='HIV-positive'.</p><blockquote><p><b>documentation</b></p></blockquote><blockquote><p><b>condition</b></p></blockquote><blockquote><p><b>action</b></p></blockquote><blockquote><p><b>action</b></p></blockquote></blockquote><blockquote><p><b>action</b></p><blockquote><p><b>id</b></p>4</blockquote><p><b>title</b>: Report as HIV-negative.  Manage in accordance with current guidance. Set &quot;HIV test result&quot;='HIV-negative'.</p><p><b>description</b>: Report as HIV-negative.  Manage in accordance with current guidance. Set &quot;HIV test result&quot;='HIV-negative'.</p><blockquote><p><b>documentation</b></p></blockquote><blockquote><p><b>condition</b></p></blockquote><blockquote><p><b>action</b></p></blockquote><blockquote><p><b>action</b></p></blockquote></blockquote><blockquote><p><b>action</b></p><blockquote><p><b>id</b></p>5</blockquote><p><b>title</b>: Report as HIV-inconclusive. Request a new sample within four weeks. Repeat samples should be given priority.  Do not report as positive or initiate ART but maintain prophylaxis in accordance with current guidance. Conduct further review by a clinical and laboratory team.Set &quot;HIV test result&quot;='HIV-inconclusive'</p><p><b>description</b>: Report as HIV-inconclusive. Request a new sample within four weeks. Repeat samples should be given priority.  Do not report as positive or initiate ART but maintain prophylaxis in accordance with current guidance. Conduct further review by a clinical and laboratory team.Set &quot;HIV test result&quot;='HIV-inconclusive'</p><blockquote><p><b>documentation</b></p></blockquote><blockquote><p><b>condition</b></p></blockquote><blockquote><p><b>action</b></p></blockquote><blockquote><p><b>action</b></p></blockquote></blockquote><blockquote><p><b>action</b></p><blockquote><p><b>id</b></p>6</blockquote><p><b>title</b>: Report as HIV-positive. Manage in according with current guidance.  Set &quot;HIV test result&quot;='HIV-positive'.</p><p><b>description</b>: Report as HIV-positive. Manage in according with current guidance.  Set &quot;HIV test result&quot;='HIV-positive'.</p><blockquote><p><b>documentation</b></p></blockquote><blockquote><p><b>condition</b></p></blockquote><blockquote><p><b>action</b></p></blockquote><blockquote><p><b>action</b></p></blockquote></blockquote></blockquote></div>"
  },
  "url" : "http://fhir.org/guides/who/anc-cds/PlanDefinition/HIVE12DT",
  "identifier" : [{
    "use" : "official",
    "value" : "HIV.E12.DT"
  }],
  "version" : "0.3.0",
  "name" : "HIVE12DT",
  "title" : "HIV.E12.DT",
  "type" : {
    "coding" : [{
      "system" : "http://terminology.hl7.org/CodeSystem/plan-definition-type",
      "code" : "eca-rule"
    }]
  },
  "status" : "active",
  "experimental" : false,
  "date" : "2024-03-26T13:56:57+03:00",
  "publisher" : "World Health Organization (WHO) ",
  "contact" : [{
    "telecom" : [{
      "system" : "url",
      "value" : "https://www.who.int"
    }]
  }],
  "description" : "Managing indeterminate test results: standard operating procedure",
  "useContext" : [{
    "code" : {
      "system" : "http://terminology.hl7.org/CodeSystem/usage-context-type",
      "code" : "task",
      "display" : "Workflow Task"
    },
    "valueCodeableConcept" : {
      "coding" : [{
        "system" : "http://fhir.org/guides/who/anc-cds/CodeSystem/activity-codes",
        "code" : "HIV.E12",
        "display" : "Test infant using HIV testing algorithm, HIV.F8 Test infant/child for HIV using HIV testing algorithm"
      }]
    }
  }],
  "jurisdiction" : [{
    "coding" : [{
      "system" : "http://unstats.un.org/unsd/methods/m49/m49.htm",
      "code" : "001"
    }]
  }],
  "library" : ["http://fhir.org/guides/who/anc-cds/Library/HIVE12DT"],
  "action" : [{
    "title" : "HIV.E12.DT",
    "trigger" : [{
      "type" : "named-event",
      "name" : "HIV.E12 Test infant using HIV testing algorithm, HIV.F8 Test infant/child for HIV using HIV testing algorithm"
    }],
    "action" : [{
      "id" : "1",
      "title" : "Report as HIV-negative. Manage in accordance with current guidance. Set \"HIV test result\"='HIV-negative'.",
      "description" : "Report as HIV-negative. Manage in accordance with current guidance. Set \"HIV test result\"='HIV-negative'.",
      "documentation" : [{
        "type" : "citation",
        "label" : "Consolidated guidelines on HIV prevention, testing, treatment, service delivery and monitoring: recommendations for a public health approach (2021); Fig. 2.8 Managing indeterminate test results: standard operating procedure."
      }],
      "condition" : [{
        "kind" : "applicability",
        "expression" : {
          "description" : "(HIV.E12.DT.01)\n  AND (\"EID sample number\"='EID sample 1')\n  AND (\"EID test number\"='EID test number 1')\n  AND (\"EID test number 1 test result\"='Negative')\n  AND (-)",
          "language" : "text/cql-identifier",
          "expression" : "Should Report as HIV-negative. Manage in accordance with current guidance. Set \\\"HIV test result\\\"='HIV-negative'."
        }
      }],
      "action" : [{
        "title" : "Report as HIV-negative. Manage in accordance with current guidance. Set \"HIV test result\"='HIV-negative'."
      },
      {
        "title" : "Report as HIV-negative. Manage in accordance with current guidance. Please refer to chapter 3 (Consolidated guidelines on HIV prevention, testing, treatment, service delivery and monitoring: recommendations for a public health approach (2021)) for further details on postnatal package of care.  "
      }]
    },
    {
      "id" : "2",
      "title" : "Perform \"EID test number\"='EID test number 2' using EID sample no. 1",
      "description" : "Perform \"EID test number\"='EID test number 2' using EID sample no. 1",
      "documentation" : [{
        "type" : "citation",
        "label" : "Consolidated guidelines on HIV prevention, testing, treatment, service delivery and monitoring: recommendations for a public health approach (2021); Fig. 2.8 Managing indeterminate test results: standard operating procedure."
      }],
      "condition" : [{
        "kind" : "applicability",
        "expression" : {
          "description" : "(HIV.E12.DT.02)\n  AND (\"EID sample number\"='EID sample 1')\n  AND (\"EID test number\"='EID test number 1')\n  AND (\"EID test number 1 test result\"='Indeterminate')\n  AND (-)",
          "language" : "text/cql-identifier",
          "expression" : "Should Perform \\\"EID test number\\\"='EID test number 2' using EID sample no. 1"
        }
      }],
      "action" : [{
        "title" : "Perform \"EID test number\"='EID test number 2' using EID sample no. 1"
      },
      {
        "title" : "Perform test no. 2 using EID sample no. 1. All indeterminate tests should be repeat tested on the same specimen, if and when available. If the same specimen cannot be repeat tested, then a new specimen should be requested and tested as quickly as possible."
      }]
    },
    {
      "id" : "3",
      "title" : "Report as HIV-positive. Manage in accordance with current guidance. Set \"HIV test result\"='HIV-positive'.",
      "description" : "Report as HIV-positive. Manage in accordance with current guidance. Set \"HIV test result\"='HIV-positive'.",
      "documentation" : [{
        "type" : "citation",
        "label" : "Consolidated guidelines on HIV prevention, testing, treatment, service delivery and monitoring: recommendations for a public health approach (2021); Fig. 2.8 Managing indeterminate test results: standard operating procedure."
      }],
      "condition" : [{
        "kind" : "applicability",
        "expression" : {
          "description" : "(HIV.E12.DT.03)\n  AND (\"EID sample number\"='EID sample 1')\n  AND (\"EID test number\"='EID test number 1')\n  AND (\"EID test number 1 test result\"='Positive')\n  AND (-)",
          "language" : "text/cql-identifier",
          "expression" : "Should Report as HIV-positive. Manage in accordance with current guidance. Set \\\"HIV test result\\\"='HIV-positive'."
        }
      }],
      "action" : [{
        "title" : "Report as HIV-positive. Manage in accordance with current guidance. Set \"HIV test result\"='HIV-positive'."
      },
      {
        "title" : "Report as HIV-positive. Manage in accordance with current guidance. Please refer to chapter 3 (Consolidated guidelines on HIV prevention, testing, treatment, service delivery and monitoring: recommendations for a public health approach (2021)) for further details on postnatal package of care.  "
      }]
    },
    {
      "id" : "4",
      "title" : "Report as HIV-negative.  Manage in accordance with current guidance. Set \"HIV test result\"='HIV-negative'.",
      "description" : "Report as HIV-negative.  Manage in accordance with current guidance. Set \"HIV test result\"='HIV-negative'.",
      "documentation" : [{
        "type" : "citation",
        "label" : "Consolidated guidelines on HIV prevention, testing, treatment, service delivery and monitoring: recommendations for a public health approach (2021); Fig. 2.8 Managing indeterminate test results: standard operating procedure."
      }],
      "condition" : [{
        "kind" : "applicability",
        "expression" : {
          "description" : "(HIV.E12.DT.04)\n  AND (\"EID sample number\"='EID sample 1')\n  AND (\"EID test number\"='EID test number 2')\n  AND (\"EID test number 1 test result\"='Indeterminate')\n  AND (\"EID test number 2 test result\"='Negative')",
          "language" : "text/cql-identifier",
          "expression" : "Should Report as HIV-negative.  Manage in accordance with current guidance. Set \\\"HIV test result\\\"='HIV-negative'."
        }
      }],
      "action" : [{
        "title" : "Report as HIV-negative.  Manage in accordance with current guidance. Set \"HIV test result\"='HIV-negative'."
      },
      {
        "title" : "Report as HIV-negative. Manage in accordance with current guidance.  Please refer to chapter 3 (Consolidated guidelines on HIV prevention, testing, treatment, service delivery and monitoring: recommendations for a public health approach (2021)) for further details on postnatal package of care.  "
      }]
    },
    {
      "id" : "5",
      "title" : "Report as HIV-inconclusive. Request a new sample within four weeks. Repeat samples should be given priority.  Do not report as positive or initiate ART but maintain prophylaxis in accordance with current guidance. Conduct further review by a clinical and laboratory team.Set \"HIV test result\"='HIV-inconclusive'",
      "description" : "Report as HIV-inconclusive. Request a new sample within four weeks. Repeat samples should be given priority.  Do not report as positive or initiate ART but maintain prophylaxis in accordance with current guidance. Conduct further review by a clinical and laboratory team.Set \"HIV test result\"='HIV-inconclusive'",
      "documentation" : [{
        "type" : "citation",
        "label" : "Consolidated guidelines on HIV prevention, testing, treatment, service delivery and monitoring: recommendations for a public health approach (2021); Fig. 2.8 Managing indeterminate test results: standard operating procedure."
      }],
      "condition" : [{
        "kind" : "applicability",
        "expression" : {
          "description" : "(HIV.E12.DT.05)\n  AND (\"EID sample number\"='EID sample 1')\n  AND (\"EID test number\"='EID test number 2')\n  AND (\"EID test number 1 test result\"='Indeterminate')\n  AND (\"EID test number 2 test result\"='Indeterminate')",
          "language" : "text/cql-identifier",
          "expression" : "Should Report as HIV-inconclusive. Request a new sample within four weeks. Repeat samples should be given priority.  Do not report as positive or initiate ART but maintain prophylaxis in accordance with current guidance. Conduct further review by a clinical and laboratory team.Set \\\"HIV test result\\\"='HIV-inconclusive'"
        }
      }],
      "action" : [{
        "title" : "Report as HIV-inconclusive. Request a new sample within four weeks. Repeat samples should be given priority.  Do not report as positive or initiate ART but maintain prophylaxis in accordance with current guidance. Conduct further review by a clinical and laboratory team.Set \"HIV test result\"='HIV-inconclusive'"
      },
      {
        "title" : "Report as HIV-inconclusive. For specimens with two indeterminate test results, a new sample should be requested. For infants repeatedly testing indeterminate, it is suggested that a team of experts review clinical and test information to determine the best follow-up care.Request a new sample within 4 weeks.  Do not report as positive or initiate ART but maintain prophylaxis in accordance with current guidance.Further review by a clinical and laboratory team.A team of laboratories, clinicians or paediatricians, complex case experts (if possible) and caregivers should review repeated indeterminate results in two separate samples together with clinical information. Infants should be actively tracked to ensure follow-up and retention."
      }]
    },
    {
      "id" : "6",
      "title" : "Report as HIV-positive. Manage in according with current guidance.  Set \"HIV test result\"='HIV-positive'.",
      "description" : "Report as HIV-positive. Manage in according with current guidance.  Set \"HIV test result\"='HIV-positive'.",
      "documentation" : [{
        "type" : "citation",
        "label" : "Consolidated guidelines on HIV prevention, testing, treatment, service delivery and monitoring: recommendations for a public health approach (2021); Fig. 2.8 Managing indeterminate test results: standard operating procedure."
      }],
      "condition" : [{
        "kind" : "applicability",
        "expression" : {
          "description" : "(HIV.E12.DT.06)\n  AND (\"EID sample number\"='EID sample 1')\n  AND (\"EID test number\"='EID test number 2')\n  AND (\"EID test number 1 test result\"='Indeterminate')\n  AND (\"EID test number 2 test result\"='Positive')",
          "language" : "text/cql-identifier",
          "expression" : "Should Report as HIV-positive. Manage in according with current guidance.  Set \\\"HIV test result\\\"='HIV-positive'."
        }
      }],
      "action" : [{
        "title" : "Report as HIV-positive. Manage in according with current guidance.  Set \"HIV test result\"='HIV-positive'."
      },
      {
        "title" : "Report as HIV-positive.  Manage in accordance with current guidance. Please refer to chapter 3 (Consolidated guidelines on HIV prevention, testing, treatment, service delivery and monitoring: recommendations for a public health approach (2021)) for further details on postnatal package of care.  "
      }]
    }]
  }]
}