{
  "resourceType" : "PlanDefinition",
  "id" : "HIVB7DT",
  "text" : {
    "status" : "generated",
    "div" : "<div xmlns=\"http://www.w3.org/1999/xhtml\"><p><b>Generated Narrative: PlanDefinition</b><a name=\"HIVB7DT\"> </a><a name=\"hcHIVB7DT\"> </a></p><div style=\"display: inline-block; background-color: #d9e0e7; padding: 6px; margin: 4px; border: 1px solid #8da1b4; border-radius: 5px; line-height: 60%\"><p style=\"margin-bottom: 0px\">ResourcePlanDefinition &quot;HIVB7DT&quot; </p></div><p><b>url</b>: <code>http://fhir.org/guides/who/anc-cds/PlanDefinition/HIVB7DT</code></p><p><b>identifier</b>: HIV.B7.DT\u00a0(use:\u00a0official)</p><p><b>version</b>: 0.3.0</p><p><b>name</b>: HIVB7DT</p><p><b>title</b>: HIV.B7.DT</p><p><b>type</b>: ECA Rule <span style=\"background: LightGoldenRodYellow; margin: 4px; border: 1px solid khaki\"> (<a href=\"http://terminology.hl7.org/5.5.0/CodeSystem-plan-definition-type.html\">PlanDefinitionType</a>#eca-rule)</span></p><p><b>status</b>: active</p><p><b>experimental</b>: false</p><p><b>date</b>: 2024-03-26 13:56:57+0300</p><p><b>publisher</b>: World Health Organization (WHO) </p><p><b>contact</b>: <a href=\"https://www.who.int\">https://www.who.int</a></p><p><b>description</b>: WHO standard testing strategy for HIV-1 diagnosis (among people ≥18 months of age)</p><h3>UseContexts</h3><table class=\"grid\"><tr><td style=\"display: none\">-</td><td><b>Code</b></td><td><b>Value[x]</b></td></tr><tr><td style=\"display: none\">*</td><td>Workflow Task (Details: UsageContextType code task = 'Workflow Task', stated as 'Workflow Task')</td><td>Test for HIV using testing algorithm, HIV.C4 Test for HIV using testing algorithm, HIV.D.11 Retest using HIV strategy <span style=\"background: LightGoldenRodYellow; margin: 4px; border: 1px solid khaki\"> (activity-codes#HIV.B7)</span></td></tr></table><p><b>jurisdiction</b>: Global (Whole world) <span style=\"background: LightGoldenRodYellow; margin: 4px; border: 1px solid khaki\"> (m49.htm#001)</span></p><p><b>library</b>: <a href=\"http://fhir.org/guides/who/anc-cds/Library/HIVB7DT\">http://fhir.org/guides/who/anc-cds/Library/HIVB7DT</a></p><blockquote><p><b>action</b></p><p><b>title</b>: HIV.B7.DT</p><h3>Triggers</h3><table class=\"grid\"><tr><td style=\"display: none\">-</td><td><b>Type</b></td><td><b>Name</b></td></tr><tr><td style=\"display: none\">*</td><td>named-event</td><td>HIV.B7 Test for HIV using testing algorithm, HIV.C4 Test for HIV using testing algorithm, HIV.D.11 Retest using HIV strategy</td></tr></table><blockquote><p><b>action</b></p><blockquote><p><b>id</b></p>1</blockquote><p><b>title</b>: Report as HIV-negative.  Set &quot;HIV test result&quot;='HIV-negative'</p><p><b>description</b>: Report as HIV-negative.  Set &quot;HIV test result&quot;='HIV-negative'</p><blockquote><p><b>documentation</b></p></blockquote><blockquote><p><b>condition</b></p></blockquote><blockquote><p><b>action</b></p></blockquote><blockquote><p><b>action</b></p></blockquote></blockquote><blockquote><p><b>action</b></p><blockquote><p><b>id</b></p>2</blockquote><p><b>title</b>: Continue with performing HIV 'Assay 2'</p><p><b>description</b>: Continue with performing HIV 'Assay 2'</p><blockquote><p><b>documentation</b></p></blockquote><blockquote><p><b>condition</b></p></blockquote><blockquote><p><b>action</b></p></blockquote><blockquote><p><b>action</b></p></blockquote></blockquote><blockquote><p><b>action</b></p><blockquote><p><b>id</b></p>3</blockquote><p><b>title</b>: Continue with performing HIV 'Assay 1 repeated'</p><p><b>description</b>: Continue with performing HIV 'Assay 1 repeated'</p><blockquote><p><b>documentation</b></p></blockquote><blockquote><p><b>condition</b></p></blockquote><blockquote><p><b>action</b></p></blockquote><blockquote><p><b>action</b></p></blockquote></blockquote><blockquote><p><b>action</b></p><blockquote><p><b>id</b></p>4</blockquote><p><b>title</b>: Continue with performing HIV 'Assay 3'</p><p><b>description</b>: Continue with performing HIV 'Assay 3'</p><blockquote><p><b>documentation</b></p></blockquote><blockquote><p><b>condition</b></p></blockquote><blockquote><p><b>action</b></p></blockquote><blockquote><p><b>action</b></p></blockquote></blockquote><blockquote><p><b>action</b></p><blockquote><p><b>id</b></p>5</blockquote><p><b>title</b>: Report as HIV negative.  Set &quot;HIV test result&quot;='HIV-negative'</p><p><b>description</b>: Report as HIV negative.  Set &quot;HIV test result&quot;='HIV-negative'</p><blockquote><p><b>documentation</b></p></blockquote><blockquote><p><b>condition</b></p></blockquote><blockquote><p><b>action</b></p></blockquote><blockquote><p><b>action</b></p></blockquote></blockquote><blockquote><p><b>action</b></p><blockquote><p><b>id</b></p>6</blockquote><p><b>title</b>: Report as HIV-inconclusiveSchedule retest date on &quot;Visit date&quot; + 14 daysSet &quot;HIV test result&quot;='HIV-inconclusive'</p><p><b>description</b>: Report as HIV-inconclusiveSchedule retest date on &quot;Visit date&quot; + 14 daysSet &quot;HIV test result&quot;='HIV-inconclusive'</p><blockquote><p><b>documentation</b></p></blockquote><blockquote><p><b>condition</b></p></blockquote><blockquote><p><b>action</b></p></blockquote><blockquote><p><b>action</b></p></blockquote></blockquote><blockquote><p><b>action</b></p><blockquote><p><b>id</b></p>7</blockquote><p><b>title</b>: Report HIV-inconclusiveSchedule retest date on &quot;Visit date&quot;+ 14 daysSet &quot;HIV test result&quot;='HIV-inconclusive'</p><p><b>description</b>: Report HIV-inconclusiveSchedule retest date on &quot;Visit date&quot;+ 14 daysSet &quot;HIV test result&quot;='HIV-inconclusive'</p><blockquote><p><b>documentation</b></p></blockquote><blockquote><p><b>condition</b></p></blockquote><blockquote><p><b>action</b></p></blockquote><blockquote><p><b>action</b></p></blockquote></blockquote><blockquote><p><b>action</b></p><blockquote><p><b>id</b></p>8</blockquote><p><b>title</b>: Report as HIV-positive. Set &quot;HIV test result&quot;='HIV-positive'</p><p><b>description</b>: Report as HIV-positive. Set &quot;HIV test result&quot;='HIV-positive'</p><blockquote><p><b>documentation</b></p></blockquote><blockquote><p><b>condition</b></p></blockquote><blockquote><p><b>action</b></p></blockquote><blockquote><p><b>action</b></p></blockquote></blockquote></blockquote></div>"
  },
  "url" : "http://fhir.org/guides/who/anc-cds/PlanDefinition/HIVB7DT",
  "identifier" : [{
    "use" : "official",
    "value" : "HIV.B7.DT"
  }],
  "version" : "0.3.0",
  "name" : "HIVB7DT",
  "title" : "HIV.B7.DT",
  "type" : {
    "coding" : [{
      "system" : "http://terminology.hl7.org/CodeSystem/plan-definition-type",
      "code" : "eca-rule"
    }]
  },
  "status" : "active",
  "experimental" : false,
  "date" : "2024-03-26T13:56:57+03:00",
  "publisher" : "World Health Organization (WHO) ",
  "contact" : [{
    "telecom" : [{
      "system" : "url",
      "value" : "https://www.who.int"
    }]
  }],
  "description" : "WHO standard testing strategy for HIV-1 diagnosis (among people ≥18 months of age)",
  "useContext" : [{
    "code" : {
      "system" : "http://terminology.hl7.org/CodeSystem/usage-context-type",
      "code" : "task",
      "display" : "Workflow Task"
    },
    "valueCodeableConcept" : {
      "coding" : [{
        "system" : "http://fhir.org/guides/who/anc-cds/CodeSystem/activity-codes",
        "code" : "HIV.B7",
        "display" : "Test for HIV using testing algorithm, HIV.C4 Test for HIV using testing algorithm, HIV.D.11 Retest using HIV strategy"
      }]
    }
  }],
  "jurisdiction" : [{
    "coding" : [{
      "system" : "http://unstats.un.org/unsd/methods/m49/m49.htm",
      "code" : "001"
    }]
  }],
  "library" : ["http://fhir.org/guides/who/anc-cds/Library/HIVB7DT"],
  "action" : [{
    "title" : "HIV.B7.DT",
    "trigger" : [{
      "type" : "named-event",
      "name" : "HIV.B7 Test for HIV using testing algorithm, HIV.C4 Test for HIV using testing algorithm, HIV.D.11 Retest using HIV strategy"
    }],
    "action" : [{
      "id" : "1",
      "title" : "Report as HIV-negative.  Set \"HIV test result\"='HIV-negative'",
      "description" : "Report as HIV-negative.  Set \"HIV test result\"='HIV-negative'",
      "documentation" : [{
        "type" : "citation",
        "label" : "Consolidated Guidelines on HIV Testing Services (2019): \nFig. 8.3. WHO standard testing strategy for HIV-1 diagnosis (among people ≥18 months of age). Fig. 2. WHO universal HIV testing strategy. "
      }],
      "condition" : [{
        "kind" : "applicability",
        "expression" : {
          "description" : "(HIV.B7.DT.01)\n  AND (\"Assay number in testing strategy\"='Assay 1')\n  AND (\"HIV test type\" IN 'Rapid diagnostic test for HIV', 'Enzyme immunoassay for HIV')\n  AND (\"Test result of HIV assay 1\"='Non-reactive')\n  AND (-)\n  AND (-)\n  AND (-)\n  AND (-)\n  AND (-)",
          "language" : "text/cql-identifier",
          "expression" : "Should Report as HIV-negative.  Set \\\"HIV test result\\\"='HIV-negative'"
        }
      }],
      "action" : [{
        "title" : "Report as HIV-negative.  Set \"HIV test result\"='HIV-negative'"
      },
      {
        "title" : "Report as HIV-negative.  All individuals are tested on Assay 1 (A1). Anyone with a non-reactive test result (A1−) is reported as HIV-negative."
      }]
    },
    {
      "id" : "2",
      "title" : "Continue with performing HIV 'Assay 2'",
      "description" : "Continue with performing HIV 'Assay 2'",
      "documentation" : [{
        "type" : "citation",
        "label" : "Consolidated Guidelines on HIV Testing Services (2019): \nFig. 8.3. WHO standard testing strategy for HIV-1 diagnosis (among people ≥18 months of age). Fig. 2. WHO universal HIV testing strategy. "
      }],
      "condition" : [{
        "kind" : "applicability",
        "expression" : {
          "description" : "(HIV.B7.DT.02)\n  AND (\"Assay number in testing strategy\"='Assay 1')\n  AND (\"HIV test type\" IN 'Rapid diagnostic test for HIV', 'Enzyme immunoassay for HIV')\n  AND (\"Test result of HIV assay 1\"='Reactive')\n  AND (-)\n  AND (-)\n  AND (-)\n  AND (-)\n  AND (-)",
          "language" : "text/cql-identifier",
          "expression" : "Should Continue with performing HIV 'Assay 2'"
        }
      }],
      "action" : [{
        "title" : "Continue with performing HIV 'Assay 2'"
      },
      {
        "title" : "Continue with performing HIV 'Assay 2'All individuals are tested on Assay 1 (A1).Individuals who are reactive on Assay 1 (A1+) should then be tested on a separate and distinct Assay 2 (A2)."
      }]
    },
    {
      "id" : "3",
      "title" : "Continue with performing HIV 'Assay 1 repeated'",
      "description" : "Continue with performing HIV 'Assay 1 repeated'",
      "documentation" : [{
        "type" : "citation",
        "label" : "Consolidated Guidelines on HIV Testing Services (2019): \nFig. 8.3. WHO standard testing strategy for HIV-1 diagnosis (among people ≥18 months of age). Fig. 2. WHO universal HIV testing strategy. "
      }],
      "condition" : [{
        "kind" : "applicability",
        "expression" : {
          "description" : "(HIV.B7.DT.03)\n  AND (\"Assay number in testing strategy\"='Assay 2')\n  AND (\"HIV test type\" IN 'Rapid diagnostic test for HIV', 'Enzyme immunoassay for HIV')\n  AND (\"Test result of HIV assay 1\"='Reactive')\n  AND (\"Test result of HIV assay 2\"='Non-reactive')\n  AND (-)\n  AND (-)\n  AND (-)\n  AND (-)",
          "language" : "text/cql-identifier",
          "expression" : "Should Continue with performing HIV 'Assay 1 repeated'"
        }
      }],
      "action" : [{
        "title" : "Continue with performing HIV 'Assay 1 repeated'"
      },
      {
        "title" : "Continue with performing HIV 'Assay 1 repeated'Individuals who are reactive on Assay 1 but non-reactive on Assay 2 (A1+; A2−) should be repeated on Assay 1. In the event of discrepant test results (A1+; A2−), it is important to repeat Assay 1. Repeating Assay 1 will determine if the individual is repeatedly reactive on the assay that has the highest sensitivity"
      }]
    },
    {
      "id" : "4",
      "title" : "Continue with performing HIV 'Assay 3'",
      "description" : "Continue with performing HIV 'Assay 3'",
      "documentation" : [{
        "type" : "citation",
        "label" : "Consolidated Guidelines on HIV Testing Services (2019): \nFig. 8.3. WHO standard testing strategy for HIV-1 diagnosis (among people ≥18 months of age). Fig. 2. WHO universal HIV testing strategy. "
      }],
      "condition" : [{
        "kind" : "applicability",
        "expression" : {
          "description" : "(HIV.B7.DT.04)\n  AND (\"Assay number in testing strategy\"='Assay 2')\n  AND (\"HIV test type\" IN 'Rapid diagnostic test for HIV', 'Enzyme immunoassay for HIV')\n  AND (\"Test result of HIV assay 1\"='Reactive')\n  AND (\"Test result of HIV assay 2\"='Reactive')\n  AND (-)\n  AND (-)\n  AND (-)\n  AND (-)",
          "language" : "text/cql-identifier",
          "expression" : "Should Continue with performing HIV 'Assay 3'"
        }
      }],
      "action" : [{
        "title" : "Continue with performing HIV 'Assay 3'"
      },
      {
        "title" : "Continue with performing HIV 'Assay 3'Individuals who are reactive on both Assay 1 and Assay 2 (A1+; A2+) should then be tested on a separate and distinct Assay 3 (A3)."
      }]
    },
    {
      "id" : "5",
      "title" : "Report as HIV negative.  Set \"HIV test result\"='HIV-negative'",
      "description" : "Report as HIV negative.  Set \"HIV test result\"='HIV-negative'",
      "documentation" : [{
        "type" : "citation",
        "label" : "Consolidated Guidelines on HIV Testing Services (2019): \nFig. 8.3. WHO standard testing strategy for HIV-1 diagnosis (among people ≥18 months of age). Fig. 2. WHO universal HIV testing strategy. "
      }],
      "condition" : [{
        "kind" : "applicability",
        "expression" : {
          "description" : "(HIV.B7.DT.05)\n  AND (\"Assay number in testing strategy\"='Assay 1 repeated')\n  AND (\"HIV test type\" IN 'Rapid diagnostic test for HIV', 'Enzyme immunoassay for HIV')\n  AND (\"Test result of HIV assay 1\"='Reactive')\n  AND (\"Test result of HIV assay 2\"='Non-reactive')\n  AND (\"Test result of HIV assay 1 repeated\"='Non-reactive')\n  AND (-)\n  AND (-)\n  AND (-)",
          "language" : "text/cql-identifier",
          "expression" : "Should Report as HIV negative.  Set \\\"HIV test result\\\"='HIV-negative'"
        }
      }],
      "action" : [{
        "title" : "Report as HIV negative.  Set \"HIV test result\"='HIV-negative'"
      },
      {
        "title" : "Report as HIV negative.  If repeat Assay 1 is non-reactive (A1+; A2−; repeat A1–), the status should be reported as HIV negative."
      }]
    },
    {
      "id" : "6",
      "title" : "Report as HIV-inconclusiveSchedule retest date on \"Visit date\" + 14 daysSet \"HIV test result\"='HIV-inconclusive'",
      "description" : "Report as HIV-inconclusiveSchedule retest date on \"Visit date\" + 14 daysSet \"HIV test result\"='HIV-inconclusive'",
      "documentation" : [{
        "type" : "citation",
        "label" : "Consolidated Guidelines on HIV Testing Services (2019): \nFig. 8.3. WHO standard testing strategy for HIV-1 diagnosis (among people ≥18 months of age). Fig. 2. WHO universal HIV testing strategy. "
      }],
      "condition" : [{
        "kind" : "applicability",
        "expression" : {
          "description" : "(HIV.B7.DT.06)\n  AND (\"Assay number in testing strategy\"='Assay 1 repeated')\n  AND (\"HIV test type\" IN 'Rapid diagnostic test for HIV', 'Enzyme immunoassay for HIV')\n  AND (\"Test result of HIV assay 1\"='Reactive')\n  AND (\"Test result of HIV assay 2\"='Non-reactive')\n  AND (\"Test result of HIV assay 1 repeated\"='Reactive')\n  AND (-)\n  AND (-)\n  AND (-)",
          "language" : "text/cql-identifier",
          "expression" : "Should Report as HIV-inconclusiveSchedule retest date on \\\"Visit date\\\" + 14 daysSet \\\"HIV test result\\\"='HIV-inconclusive'"
        }
      }],
      "action" : [{
        "title" : "Report as HIV-inconclusiveSchedule retest date on \"Visit date\" + 14 daysSet \"HIV test result\"='HIV-inconclusive'"
      },
      {
        "title" : "Report as HIV-inconclusive; retest in 14 days.  If repeat Assay 1 is reactive (A1+; A2–; repeat A1+), the status should be reported as HIV-inconclusive, and the individual asked to return in 14 days for additional testing."
      }]
    },
    {
      "id" : "7",
      "title" : "Report HIV-inconclusiveSchedule retest date on \"Visit date\"+ 14 daysSet \"HIV test result\"='HIV-inconclusive'",
      "description" : "Report HIV-inconclusiveSchedule retest date on \"Visit date\"+ 14 daysSet \"HIV test result\"='HIV-inconclusive'",
      "documentation" : [{
        "type" : "citation",
        "label" : "Consolidated Guidelines on HIV Testing Services (2019): \nFig. 8.3. WHO standard testing strategy for HIV-1 diagnosis (among people ≥18 months of age). Fig. 2. WHO universal HIV testing strategy. "
      }],
      "condition" : [{
        "kind" : "applicability",
        "expression" : {
          "description" : "(HIV.B7.DT.07)\n  AND (\"Assay number in testing strategy\"='Assay 3')\n  AND (\"HIV test type\" IN 'Rapid diagnostic test for HIV', 'Enzyme immunoassay for HIV')\n  AND (\"Test result of HIV assay 1\"='Reactive')\n  AND (\"Test result of HIV assay 2\"='Reactive')\n  AND (-)\n  AND (\"Test result of HIV assay 3\"='Non-reactive')\n  AND (-)\n  AND (-)",
          "language" : "text/cql-identifier",
          "expression" : "Should Report HIV-inconclusiveSchedule retest date on \\\"Visit date\\\"+ 14 daysSet \\\"HIV test result\\\"='HIV-inconclusive'"
        }
      }],
      "action" : [{
        "title" : "Report HIV-inconclusiveSchedule retest date on \"Visit date\"+ 14 daysSet \"HIV test result\"='HIV-inconclusive'"
      },
      {
        "title" : "Report HIV-inconclusive; retest in 14 days.  Report HIV-inconclusive if Assay 3 is non-reactive (A1+; A2+; A3−). The individual should be asked to return in 14 days for additional testing."
      }]
    },
    {
      "id" : "8",
      "title" : "Report as HIV-positive. Set \"HIV test result\"='HIV-positive'",
      "description" : "Report as HIV-positive. Set \"HIV test result\"='HIV-positive'",
      "documentation" : [{
        "type" : "citation",
        "label" : "Consolidated Guidelines on HIV Testing Services (2019): \nFig. 8.3. WHO standard testing strategy for HIV-1 diagnosis (among people ≥18 months of age). Fig. 2. WHO universal HIV testing strategy. "
      }],
      "condition" : [{
        "kind" : "applicability",
        "expression" : {
          "description" : "(HIV.B7.DT.08)\n  AND (\"Assay number in testing strategy\"='Assay 3')\n  AND (\"HIV test type\" IN 'Rapid diagnostic test for HIV', 'Enzyme immunoassay for HIV')\n  AND (\"Test result of HIV assay 1\"='Reactive')\n  AND (\"Test result of HIV assay 2\"='Reactive')\n  AND (-)\n  AND (\"Test result of HIV assay 3\"='Reactive')\n  AND (-)\n  AND (-)",
          "language" : "text/cql-identifier",
          "expression" : "Should Report as HIV-positive. Set \\\"HIV test result\\\"='HIV-positive'"
        }
      }],
      "action" : [{
        "title" : "Report as HIV-positive. Set \"HIV test result\"='HIV-positive'"
      },
      {
        "title" : "Report as HIV-positive. Report as HIV-positive if Assay 3 is reactive (A1+; A2+; A3+)."
      }]
    }]
  }]
}