{
  "resourceType" : "PlanDefinition",
  "id" : "HIVD212DT",
  "text" : {
    "status" : "generated",
    "div" : "<div xmlns=\"http://www.w3.org/1999/xhtml\"><p><b>Generated Narrative: PlanDefinition</b><a name=\"HIVD212DT\"> </a><a name=\"hcHIVD212DT\"> </a></p><div style=\"display: inline-block; background-color: #d9e0e7; padding: 6px; margin: 4px; border: 1px solid #8da1b4; border-radius: 5px; line-height: 60%\"><p style=\"margin-bottom: 0px\">ResourcePlanDefinition &quot;HIVD212DT&quot; </p></div><p><b>url</b>: <code>http://fhir.org/guides/who/anc-cds/PlanDefinition/HIVD212DT</code></p><p><b>identifier</b>: HIV.D21.2.DT\u00a0(use:\u00a0official)</p><p><b>version</b>: 0.3.0</p><p><b>name</b>: HIVD212DT</p><p><b>title</b>: HIV.D21.2.DT</p><p><b>type</b>: ECA Rule <span style=\"background: LightGoldenRodYellow; margin: 4px; border: 1px solid khaki\"> (<a href=\"http://terminology.hl7.org/5.5.0/CodeSystem-plan-definition-type.html\">PlanDefinitionType</a>#eca-rule)</span></p><p><b>status</b>: active</p><p><b>experimental</b>: false</p><p><b>date</b>: 2024-03-26 13:56:58+0300</p><p><b>publisher</b>: World Health Organization (WHO) </p><p><b>contact</b>: <a href=\"https://www.who.int\">https://www.who.int</a></p><p><b>description</b>: Check for known drug interactions</p><h3>UseContexts</h3><table class=\"grid\"><tr><td style=\"display: none\">-</td><td><b>Code</b></td><td><b>Value[x]</b></td></tr><tr><td style=\"display: none\">*</td><td>Workflow Task (Details: UsageContextType code task = 'Workflow Task', stated as 'Workflow Task')</td><td>Determine regimen and treatment options <span style=\"background: LightGoldenRodYellow; margin: 4px; border: 1px solid khaki\"> (activity-codes#HIV.D21)</span></td></tr></table><p><b>jurisdiction</b>: Global (Whole world) <span style=\"background: LightGoldenRodYellow; margin: 4px; border: 1px solid khaki\"> (m49.htm#001)</span></p><p><b>library</b>: <a href=\"http://fhir.org/guides/who/anc-cds/Library/HIVD212DT\">http://fhir.org/guides/who/anc-cds/Library/HIVD212DT</a></p><blockquote><p><b>action</b></p><p><b>title</b>: HIV.D21.2.DT</p><h3>Triggers</h3><table class=\"grid\"><tr><td style=\"display: none\">-</td><td><b>Type</b></td><td><b>Name</b></td></tr><tr><td style=\"display: none\">*</td><td>named-event</td><td>HIV.D21 Determine regimen and treatment options</td></tr></table><blockquote><p><b>action</b></p><blockquote><p><b>id</b></p>1</blockquote><p><b>title</b>: Set &quot;Regimen substitution recommended&quot;=TrueSuggested management:Substitute rifampicin with rifabutin</p><p><b>description</b>: Set &quot;Regimen substitution recommended&quot;=TrueSuggested management:Substitute rifampicin with rifabutin</p><blockquote><p><b>documentation</b></p></blockquote><blockquote><p><b>condition</b></p></blockquote><blockquote><p><b>action</b></p></blockquote><blockquote><p><b>action</b></p></blockquote></blockquote><blockquote><p><b>action</b></p><blockquote><p><b>id</b></p>2</blockquote><p><b>title</b>: Set &quot;Dose adjustment recommended&quot;=TrueSet &quot;Regimen substitution recommended&quot;=TrueSuggested management:Substitute rifampicin with rifabutin.Adjust the dose of LPV/r or substitute with three NRTIs (for children)</p><p><b>description</b>: Set &quot;Dose adjustment recommended&quot;=TrueSet &quot;Regimen substitution recommended&quot;=TrueSuggested management:Substitute rifampicin with rifabutin.Adjust the dose of LPV/r or substitute with three NRTIs (for children)</p><blockquote><p><b>documentation</b></p></blockquote><blockquote><p><b>condition</b></p></blockquote><blockquote><p><b>action</b></p></blockquote><blockquote><p><b>action</b></p></blockquote></blockquote><blockquote><p><b>action</b></p><blockquote><p><b>id</b></p>3</blockquote><p><b>title</b>: Set &quot;Medication change recommended&quot;=TrueSuggested management: Use an alternative antimalarial agent</p><p><b>description</b>: Set &quot;Medication change recommended&quot;=TrueSuggested management: Use an alternative antimalarial agent</p><blockquote><p><b>documentation</b></p></blockquote><blockquote><p><b>condition</b></p></blockquote><blockquote><p><b>action</b></p></blockquote><blockquote><p><b>action</b></p></blockquote></blockquote><blockquote><p><b>action</b></p><blockquote><p><b>id</b></p>4</blockquote><p><b>title</b>: Set &quot;Medication change recommended&quot;=TrueSuggested management: Use an alternative statin (such as pravastatin)</p><p><b>description</b>: Set &quot;Medication change recommended&quot;=TrueSuggested management: Use an alternative statin (such as pravastatin)</p><blockquote><p><b>documentation</b></p></blockquote><blockquote><p><b>condition</b></p></blockquote><blockquote><p><b>action</b></p></blockquote><blockquote><p><b>action</b></p></blockquote></blockquote><blockquote><p><b>action</b></p><blockquote><p><b>id</b></p>5</blockquote><p><b>title</b>: Set &quot;Medication change recommended&quot;=TrueSuggested management:Use an alternative statin (such as pravastatin)</p><p><b>description</b>: Set &quot;Medication change recommended&quot;=TrueSuggested management:Use an alternative statin (such as pravastatin)</p><blockquote><p><b>documentation</b></p></blockquote><blockquote><p><b>condition</b></p></blockquote><blockquote><p><b>action</b></p></blockquote><blockquote><p><b>action</b></p></blockquote></blockquote><blockquote><p><b>action</b></p><blockquote><p><b>id</b></p>6</blockquote><p><b>title</b>: Set &quot;Prevention services offered and referrals&quot;='Offer male and female condoms and condom-compatible lubricants'Use alternative or additional contraceptive methods</p><p><b>description</b>: Set &quot;Prevention services offered and referrals&quot;='Offer male and female condoms and condom-compatible lubricants'Use alternative or additional contraceptive methods</p><blockquote><p><b>documentation</b></p></blockquote><blockquote><p><b>condition</b></p></blockquote><blockquote><p><b>action</b></p></blockquote><blockquote><p><b>action</b></p></blockquote></blockquote><blockquote><p><b>action</b></p><blockquote><p><b>id</b></p>7</blockquote><p><b>title</b>: Set &quot;Medication change recommended&quot;=TrueUse an alternative antihistamine agent</p><p><b>description</b>: Set &quot;Medication change recommended&quot;=TrueUse an alternative antihistamine agent</p><blockquote><p><b>documentation</b></p></blockquote><blockquote><p><b>condition</b></p></blockquote><blockquote><p><b>action</b></p></blockquote><blockquote><p><b>action</b></p></blockquote></blockquote><blockquote><p><b>action</b></p><blockquote><p><b>id</b></p>8</blockquote><p><b>title</b>: Monitor renal function</p><p><b>description</b>: Monitor renal function</p><blockquote><p><b>documentation</b></p></blockquote><blockquote><p><b>condition</b></p></blockquote><blockquote><p><b>action</b></p></blockquote><blockquote><p><b>action</b></p></blockquote></blockquote><blockquote><p><b>action</b></p><blockquote><p><b>id</b></p>9</blockquote><p><b>title</b>: Set &quot;Medication change recommended&quot;=TrueUse an alternative direct-acting antiviral agent.</p><p><b>description</b>: Set &quot;Medication change recommended&quot;=TrueUse an alternative direct-acting antiviral agent.</p><blockquote><p><b>documentation</b></p></blockquote><blockquote><p><b>condition</b></p></blockquote><blockquote><p><b>action</b></p></blockquote><blockquote><p><b>action</b></p></blockquote></blockquote><blockquote><p><b>action</b></p><blockquote><p><b>id</b></p>10</blockquote><p><b>title</b>: Set &quot;Dose adjustment recommended&quot;=TrueAdjust methadone and buprenorphine doses as appropriate.</p><p><b>description</b>: Set &quot;Dose adjustment recommended&quot;=TrueAdjust methadone and buprenorphine doses as appropriate.</p><blockquote><p><b>documentation</b></p></blockquote><blockquote><p><b>condition</b></p></blockquote><blockquote><p><b>action</b></p></blockquote><blockquote><p><b>action</b></p></blockquote></blockquote><blockquote><p><b>action</b></p><blockquote><p><b>id</b></p>11</blockquote><p><b>title</b>: Set &quot;Medication change recommended&quot;=TrueUse an alternative antimalarial agent.</p><p><b>description</b>: Set &quot;Medication change recommended&quot;=TrueUse an alternative antimalarial agent.</p><blockquote><p><b>documentation</b></p></blockquote><blockquote><p><b>condition</b></p></blockquote><blockquote><p><b>action</b></p></blockquote><blockquote><p><b>action</b></p></blockquote></blockquote><blockquote><p><b>action</b></p><blockquote><p><b>id</b></p>12</blockquote><p><b>title</b>: Set &quot;Medication change recommended&quot;=TrueUse an alternative statin (such as pravastatin).</p><p><b>description</b>: Set &quot;Medication change recommended&quot;=TrueUse an alternative statin (such as pravastatin).</p><blockquote><p><b>documentation</b></p></blockquote><blockquote><p><b>condition</b></p></blockquote><blockquote><p><b>action</b></p></blockquote><blockquote><p><b>action</b></p></blockquote></blockquote><blockquote><p><b>action</b></p><blockquote><p><b>id</b></p>13</blockquote><p><b>title</b>: Set &quot;Prevention services offered and referrals&quot;='Offer male and female condoms and condom-compatible lubricants'Use alternative or additional contraceptive methods.</p><p><b>description</b>: Set &quot;Prevention services offered and referrals&quot;='Offer male and female condoms and condom-compatible lubricants'Use alternative or additional contraceptive methods.</p><blockquote><p><b>documentation</b></p></blockquote><blockquote><p><b>condition</b></p></blockquote><blockquote><p><b>action</b></p></blockquote><blockquote><p><b>action</b></p></blockquote></blockquote><blockquote><p><b>action</b></p><blockquote><p><b>id</b></p>14</blockquote><p><b>title</b>: Set &quot;Medication change recommended&quot;=TrueUse an alternative antihistamine agent.</p><p><b>description</b>: Set &quot;Medication change recommended&quot;=TrueUse an alternative antihistamine agent.</p><blockquote><p><b>documentation</b></p></blockquote><blockquote><p><b>condition</b></p></blockquote><blockquote><p><b>action</b></p></blockquote><blockquote><p><b>action</b></p></blockquote></blockquote><blockquote><p><b>action</b></p><blockquote><p><b>id</b></p>15</blockquote><p><b>title</b>: Set &quot;Medication change recommended&quot;=TrueMonitor renal function.</p><p><b>description</b>: Set &quot;Medication change recommended&quot;=TrueMonitor renal function.</p><blockquote><p><b>documentation</b></p></blockquote><blockquote><p><b>condition</b></p></blockquote><blockquote><p><b>action</b></p></blockquote><blockquote><p><b>action</b></p></blockquote></blockquote><blockquote><p><b>action</b></p><blockquote><p><b>id</b></p>16</blockquote><p><b>title</b>: Set &quot;Medication change recommended&quot;=TrueUse an alternative direct-acting antiviral agent.</p><p><b>description</b>: Set &quot;Medication change recommended&quot;=TrueUse an alternative direct-acting antiviral agent. 2</p><blockquote><p><b>documentation</b></p></blockquote><blockquote><p><b>condition</b></p></blockquote><blockquote><p><b>action</b></p></blockquote><blockquote><p><b>action</b></p></blockquote></blockquote><blockquote><p><b>action</b></p><blockquote><p><b>id</b></p>17</blockquote><p><b>title</b>: Set &quot;Dose adjustment recommended&quot;=TrueAdjust methadone and buprenorphine doses as appropriate.</p><p><b>description</b>: Set &quot;Dose adjustment recommended&quot;=TrueAdjust methadone and buprenorphine doses as appropriate. 2</p><blockquote><p><b>documentation</b></p></blockquote><blockquote><p><b>condition</b></p></blockquote><blockquote><p><b>action</b></p></blockquote><blockquote><p><b>action</b></p></blockquote></blockquote><blockquote><p><b>action</b></p><blockquote><p><b>id</b></p>18</blockquote><p><b>title</b>: Set &quot;Regimen substitution recommended&quot;=TrueSuggested management is to substitute rifampicin with rifabutin</p><p><b>description</b>: Set &quot;Regimen substitution recommended&quot;=TrueSuggested management is to substitute rifampicin with rifabutin</p><blockquote><p><b>documentation</b></p></blockquote><blockquote><p><b>condition</b></p></blockquote><blockquote><p><b>action</b></p></blockquote><blockquote><p><b>action</b></p></blockquote></blockquote><blockquote><p><b>action</b></p><blockquote><p><b>id</b></p>19</blockquote><p><b>title</b>: Set &quot;Dose adjustment recommended&quot;=TrueSet &quot;Regimen substitution recommended&quot;=TrueSuggested management is to substitute rifampicin with rifabutin, adjust the dose of LPV/r or substitute with three NRTIs (for children)</p><p><b>description</b>: Set &quot;Dose adjustment recommended&quot;=TrueSet &quot;Regimen substitution recommended&quot;=TrueSuggested management is to substitute rifampicin with rifabutin, adjust the dose of LPV/r or substitute with three NRTIs (for children)</p><blockquote><p><b>documentation</b></p></blockquote><blockquote><p><b>condition</b></p></blockquote><blockquote><p><b>action</b></p></blockquote><blockquote><p><b>action</b></p></blockquote></blockquote><blockquote><p><b>action</b></p><blockquote><p><b>id</b></p>20</blockquote><p><b>title</b>: Set &quot;Medication change recommended&quot;=TrueUse an alternative antimalarial agent.</p><p><b>description</b>: Set &quot;Medication change recommended&quot;=TrueUse an alternative antimalarial agent. 2</p><blockquote><p><b>documentation</b></p></blockquote><blockquote><p><b>condition</b></p></blockquote><blockquote><p><b>action</b></p></blockquote><blockquote><p><b>action</b></p></blockquote></blockquote><blockquote><p><b>action</b></p><blockquote><p><b>id</b></p>21</blockquote><p><b>title</b>: Set &quot;Medication change recommended&quot;=TrueUse an alternative statin (such as pravastatin).</p><p><b>description</b>: Set &quot;Medication change recommended&quot;=TrueUse an alternative statin (such as pravastatin). 2</p><blockquote><p><b>documentation</b></p></blockquote><blockquote><p><b>condition</b></p></blockquote><blockquote><p><b>action</b></p></blockquote><blockquote><p><b>action</b></p></blockquote></blockquote><blockquote><p><b>action</b></p><blockquote><p><b>id</b></p>22</blockquote><p><b>title</b>: Set &quot;Prevention services offered and referrals&quot;= 'Offer male and female condoms and condom-compatible lubricants'Use alternative or additional contraceptive methods.</p><p><b>description</b>: Set &quot;Prevention services offered and referrals&quot;= 'Offer male and female condoms and condom-compatible lubricants'Use alternative or additional contraceptive methods.</p><blockquote><p><b>documentation</b></p></blockquote><blockquote><p><b>condition</b></p></blockquote><blockquote><p><b>action</b></p></blockquote><blockquote><p><b>action</b></p></blockquote></blockquote><blockquote><p><b>action</b></p><blockquote><p><b>id</b></p>23</blockquote><p><b>title</b>: Set &quot;Medication change recommended&quot;=TrueUse an alternative antihistamine agent.</p><p><b>description</b>: Set &quot;Medication change recommended&quot;=TrueUse an alternative antihistamine agent. 2</p><blockquote><p><b>documentation</b></p></blockquote><blockquote><p><b>condition</b></p></blockquote><blockquote><p><b>action</b></p></blockquote><blockquote><p><b>action</b></p></blockquote></blockquote><blockquote><p><b>action</b></p><blockquote><p><b>id</b></p>24</blockquote><p><b>title</b>: Set &quot;Medication change recommended&quot;=TrueMonitor renal function.</p><p><b>description</b>: Set &quot;Medication change recommended&quot;=TrueMonitor renal function. 2</p><blockquote><p><b>documentation</b></p></blockquote><blockquote><p><b>condition</b></p></blockquote><blockquote><p><b>action</b></p></blockquote><blockquote><p><b>action</b></p></blockquote></blockquote><blockquote><p><b>action</b></p><blockquote><p><b>id</b></p>25</blockquote><p><b>title</b>: Set &quot;Medication change recommended&quot;=TrueUse an alternative direct-acting antiviral agent.</p><p><b>description</b>: Set &quot;Medication change recommended&quot;=TrueUse an alternative direct-acting antiviral agent. 3</p><blockquote><p><b>documentation</b></p></blockquote><blockquote><p><b>condition</b></p></blockquote><blockquote><p><b>action</b></p></blockquote><blockquote><p><b>action</b></p></blockquote></blockquote><blockquote><p><b>action</b></p><blockquote><p><b>id</b></p>26</blockquote><p><b>title</b>: Set &quot;Dose adjustment recommended&quot;=TrueAdjust methadone and buprenorphine doses as appropriate.</p><p><b>description</b>: Set &quot;Dose adjustment recommended&quot;=TrueAdjust methadone and buprenorphine doses as appropriate. 3</p><blockquote><p><b>documentation</b></p></blockquote><blockquote><p><b>condition</b></p></blockquote><blockquote><p><b>action</b></p></blockquote><blockquote><p><b>action</b></p></blockquote></blockquote><blockquote><p><b>action</b></p><blockquote><p><b>id</b></p>27</blockquote><p><b>title</b>: Set &quot;Regimen substitution recommended&quot;=TrueSubstitute rifampicin with rifabutin.</p><p><b>description</b>: Set &quot;Regimen substitution recommended&quot;=TrueSubstitute rifampicin with rifabutin.</p><blockquote><p><b>documentation</b></p></blockquote><blockquote><p><b>condition</b></p></blockquote><blockquote><p><b>action</b></p></blockquote><blockquote><p><b>action</b></p></blockquote></blockquote><blockquote><p><b>action</b></p><blockquote><p><b>id</b></p>28</blockquote><p><b>title</b>: Set &quot;Dose adjustment recommended&quot;=TrueSet &quot;Regimen substitution recommended&quot;=TrueSubstitute rifampicin with rifabutin.Adjust the dose of LPV/r or substitute with three NRTIs (for children)</p><p><b>description</b>: Set &quot;Dose adjustment recommended&quot;=TrueSet &quot;Regimen substitution recommended&quot;=TrueSubstitute rifampicin with rifabutin.Adjust the dose of LPV/r or substitute with three NRTIs (for children)</p><blockquote><p><b>documentation</b></p></blockquote><blockquote><p><b>condition</b></p></blockquote><blockquote><p><b>action</b></p></blockquote><blockquote><p><b>action</b></p></blockquote></blockquote><blockquote><p><b>action</b></p><blockquote><p><b>id</b></p>29</blockquote><p><b>title</b>: Set &quot;Medication change recommended&quot;=TrueUse an alternative antiarrhythmic agent.</p><p><b>description</b>: Set &quot;Medication change recommended&quot;=TrueUse an alternative antiarrhythmic agent.</p><blockquote><p><b>documentation</b></p></blockquote><blockquote><p><b>condition</b></p></blockquote><blockquote><p><b>action</b></p></blockquote><blockquote><p><b>action</b></p></blockquote></blockquote><blockquote><p><b>action</b></p><blockquote><p><b>id</b></p>30</blockquote><p><b>title</b>: Set &quot;Dose adjustment recommended&quot;=TrueAdjust the dose of DTG or substitute rifampicin with rifabutin.</p><p><b>description</b>: Set &quot;Dose adjustment recommended&quot;=TrueAdjust the dose of DTG or substitute rifampicin with rifabutin.</p><blockquote><p><b>documentation</b></p></blockquote><blockquote><p><b>condition</b></p></blockquote><blockquote><p><b>action</b></p></blockquote><blockquote><p><b>action</b></p></blockquote></blockquote><blockquote><p><b>action</b></p><blockquote><p><b>id</b></p>31</blockquote><p><b>title</b>: Set &quot;Medication change recommended&quot;=TrueUse an alternative anticonvulsant agent (such as valproic acid or gabapentin).</p><p><b>description</b>: Set &quot;Medication change recommended&quot;=TrueUse an alternative anticonvulsant agent (such as valproic acid or gabapentin).</p><blockquote><p><b>documentation</b></p></blockquote><blockquote><p><b>condition</b></p></blockquote><blockquote><p><b>action</b></p></blockquote><blockquote><p><b>action</b></p></blockquote></blockquote><blockquote><p><b>action</b></p><blockquote><p><b>id</b></p>32</blockquote><p><b>title</b>: Set &quot;Medication change recommended&quot;=TrueUse DTG at least two hours before or at least six hours after supplements containing polyvalent cations, including but not limited to the following products: multivitamin supplements containing Fe, Ca, Mg or Zn; mineral supplements, cation-containing laxatives and antacids containing Al, Ca or Mg. Monitor for efficacy in suppressing viral load. </p><p><b>description</b>: Set &quot;Medication change recommended&quot;=TrueUse DTG at least two hours before or at least six hours after supplements containing polyvalent cations, including but not limited to the following products: multivitamin supplements containing Fe, Ca, Mg or Zn; mineral supplements, cation-containing laxatives and antacids containing Al, Ca or Mg. Monitor for efficacy in suppressing viral load. </p><blockquote><p><b>documentation</b></p></blockquote><blockquote><p><b>condition</b></p></blockquote><blockquote><p><b>action</b></p></blockquote><blockquote><p><b>action</b></p></blockquote></blockquote><blockquote><p><b>action</b></p><blockquote><p><b>id</b></p>33</blockquote><p><b>title</b>: Set &quot;Medication change recommended&quot;=TrueUse an alternative antimalarial agent.</p><p><b>description</b>: Set &quot;Medication change recommended&quot;=TrueUse an alternative antimalarial agent. 3</p><blockquote><p><b>documentation</b></p></blockquote><blockquote><p><b>condition</b></p></blockquote><blockquote><p><b>action</b></p></blockquote><blockquote><p><b>action</b></p></blockquote></blockquote><blockquote><p><b>action</b></p><blockquote><p><b>id</b></p>34</blockquote><p><b>title</b>: Set &quot;Medication change recommended&quot;=TrueUse an alternative gastrointestinal agent.</p><p><b>description</b>: Set &quot;Medication change recommended&quot;=TrueUse an alternative gastrointestinal agent.</p><blockquote><p><b>documentation</b></p></blockquote><blockquote><p><b>condition</b></p></blockquote><blockquote><p><b>action</b></p></blockquote><blockquote><p><b>action</b></p></blockquote></blockquote><blockquote><p><b>action</b></p><blockquote><p><b>id</b></p>35</blockquote><p><b>title</b>: Set &quot;Medication change recommended&quot;=TrueAvoid high-dose metformin with DTG; adjust the metformin dose as appropriate</p><p><b>description</b>: Set &quot;Medication change recommended&quot;=TrueAvoid high-dose metformin with DTG; adjust the metformin dose as appropriate</p><blockquote><p><b>documentation</b></p></blockquote><blockquote><p><b>condition</b></p></blockquote><blockquote><p><b>action</b></p></blockquote><blockquote><p><b>action</b></p></blockquote></blockquote><blockquote><p><b>action</b></p><blockquote><p><b>id</b></p>36</blockquote><p><b>title</b>: Set &quot;Dose adjustment recommended&quot;=TrueAdjust the methadone dose as appropriate.</p><p><b>description</b>: Set &quot;Dose adjustment recommended&quot;=TrueAdjust the methadone dose as appropriate.</p><blockquote><p><b>documentation</b></p></blockquote><blockquote><p><b>condition</b></p></blockquote><blockquote><p><b>action</b></p></blockquote><blockquote><p><b>action</b></p></blockquote></blockquote><blockquote><p><b>action</b></p><blockquote><p><b>id</b></p>37</blockquote><p><b>title</b>: Set &quot;Prevention services offered and referrals&quot;='Offer male and female condoms and condom-compatible lubricants'Use alternative or additional contraceptive methods.Advise additional use of male or female condoms.</p><p><b>description</b>: Set &quot;Prevention services offered and referrals&quot;='Offer male and female condoms and condom-compatible lubricants'Use alternative or additional contraceptive methods.Advise additional use of male or female condoms.</p><blockquote><p><b>documentation</b></p></blockquote><blockquote><p><b>condition</b></p></blockquote><blockquote><p><b>action</b></p></blockquote><blockquote><p><b>action</b></p></blockquote></blockquote><blockquote><p><b>action</b></p><blockquote><p><b>id</b></p>38</blockquote><p><b>title</b>: Set &quot;Medication change recommended&quot;=TrueUse an alternative antihistamine agent.</p><p><b>description</b>: Set &quot;Medication change recommended&quot;=TrueUse an alternative antihistamine agent. 3</p><blockquote><p><b>documentation</b></p></blockquote><blockquote><p><b>condition</b></p></blockquote><blockquote><p><b>action</b></p></blockquote><blockquote><p><b>action</b></p></blockquote></blockquote><blockquote><p><b>action</b></p><blockquote><p><b>id</b></p>39</blockquote><p><b>title</b>: Set &quot;Medication change recommended&quot;=TrueUse an alternative antimigraine agent.</p><p><b>description</b>: Set &quot;Medication change recommended&quot;=TrueUse an alternative antimigraine agent.</p><blockquote><p><b>documentation</b></p></blockquote><blockquote><p><b>condition</b></p></blockquote><blockquote><p><b>action</b></p></blockquote><blockquote><p><b>action</b></p></blockquote></blockquote><blockquote><p><b>action</b></p><blockquote><p><b>id</b></p>40</blockquote><p><b>title</b>: Set &quot;Medication change recommended&quot;=TrueUse an alternative direct-acting antiviral agent.</p><p><b>description</b>: Set &quot;Medication change recommended&quot;=TrueUse an alternative direct-acting antiviral agent. 4</p><blockquote><p><b>documentation</b></p></blockquote><blockquote><p><b>condition</b></p></blockquote><blockquote><p><b>action</b></p></blockquote><blockquote><p><b>action</b></p></blockquote></blockquote><blockquote><p><b>action</b></p><blockquote><p><b>id</b></p>41</blockquote><p><b>title</b>: Set &quot;Medication change recommended&quot;=TrueUse an alternative anxiolytic agent.</p><p><b>description</b>: Set &quot;Medication change recommended&quot;=TrueUse an alternative anxiolytic agent.</p><blockquote><p><b>documentation</b></p></blockquote><blockquote><p><b>condition</b></p></blockquote><blockquote><p><b>action</b></p></blockquote><blockquote><p><b>action</b></p></blockquote></blockquote><blockquote><p><b>action</b></p><blockquote><p><b>id</b></p>42</blockquote><p><b>title</b>: Set &quot;Regimen substitution recommended&quot;=TrueSubstitute EFV with nevirapine (NVP).</p><p><b>description</b>: Set &quot;Regimen substitution recommended&quot;=TrueSubstitute EFV with nevirapine (NVP).</p><blockquote><p><b>documentation</b></p></blockquote><blockquote><p><b>condition</b></p></blockquote><blockquote><p><b>action</b></p></blockquote><blockquote><p><b>action</b></p></blockquote></blockquote><blockquote><p><b>action</b></p><blockquote><p><b>id</b></p>43</blockquote><p><b>title</b>: Set &quot;Prevention services offered and referrals&quot;='Offer male and female condoms and condom-compatible lubricants'Advise additional use of male or female condoms.</p><p><b>description</b>: Set &quot;Prevention services offered and referrals&quot;='Offer male and female condoms and condom-compatible lubricants'Advise additional use of male or female condoms.</p><blockquote><p><b>documentation</b></p></blockquote><blockquote><p><b>condition</b></p></blockquote><blockquote><p><b>action</b></p></blockquote><blockquote><p><b>action</b></p></blockquote></blockquote><blockquote><p><b>action</b></p><blockquote><p><b>id</b></p>44</blockquote><p><b>title</b>: Set &quot;Regimen substitution recommended&quot;=TrueFirst-line: substitute AZT with tenofovir (TDF).</p><p><b>description</b>: Set &quot;Regimen substitution recommended&quot;=TrueFirst-line: substitute AZT with tenofovir (TDF).</p><blockquote><p><b>documentation</b></p></blockquote><blockquote><p><b>condition</b></p></blockquote><blockquote><p><b>action</b></p></blockquote><blockquote><p><b>action</b></p></blockquote></blockquote><blockquote><p><b>action</b></p><blockquote><p><b>id</b></p>45</blockquote><p><b>title</b>: Set &quot;Regimen substitution recommended&quot;=TrueSecond-line: substitute AZT with stavudine (d4T).</p><p><b>description</b>: Set &quot;Regimen substitution recommended&quot;=TrueSecond-line: substitute AZT with stavudine (d4T).</p><blockquote><p><b>documentation</b></p></blockquote><blockquote><p><b>condition</b></p></blockquote><blockquote><p><b>action</b></p></blockquote><blockquote><p><b>action</b></p></blockquote></blockquote><blockquote><p><b>action</b></p><blockquote><p><b>id</b></p>46</blockquote><p><b>title</b>: Set &quot;Regimen substitution recommended&quot;=TrueFirst-line: substitute AZT with TDF.</p><p><b>description</b>: Set &quot;Regimen substitution recommended&quot;=TrueFirst-line: substitute AZT with TDF.</p><blockquote><p><b>documentation</b></p></blockquote><blockquote><p><b>condition</b></p></blockquote><blockquote><p><b>action</b></p></blockquote><blockquote><p><b>action</b></p></blockquote></blockquote><blockquote><p><b>action</b></p><blockquote><p><b>id</b></p>47</blockquote><p><b>title</b>: Set &quot;Regimen substitution recommended&quot;=TrueSecond-line: substitute AZT with stavudine (d4T).</p><p><b>description</b>: Set &quot;Regimen substitution recommended&quot;=TrueSecond-line: substitute AZT with stavudine (d4T). 2</p><blockquote><p><b>documentation</b></p></blockquote><blockquote><p><b>condition</b></p></blockquote><blockquote><p><b>action</b></p></blockquote><blockquote><p><b>action</b></p></blockquote></blockquote></blockquote></div>"
  },
  "url" : "http://fhir.org/guides/who/anc-cds/PlanDefinition/HIVD212DT",
  "identifier" : [{
    "use" : "official",
    "value" : "HIV.D21.2.DT"
  }],
  "version" : "0.3.0",
  "name" : "HIVD212DT",
  "title" : "HIV.D21.2.DT",
  "type" : {
    "coding" : [{
      "system" : "http://terminology.hl7.org/CodeSystem/plan-definition-type",
      "code" : "eca-rule"
    }]
  },
  "status" : "active",
  "experimental" : false,
  "date" : "2024-03-26T13:56:58+03:00",
  "publisher" : "World Health Organization (WHO) ",
  "contact" : [{
    "telecom" : [{
      "system" : "url",
      "value" : "https://www.who.int"
    }]
  }],
  "description" : "Check for known drug interactions",
  "useContext" : [{
    "code" : {
      "system" : "http://terminology.hl7.org/CodeSystem/usage-context-type",
      "code" : "task",
      "display" : "Workflow Task"
    },
    "valueCodeableConcept" : {
      "coding" : [{
        "system" : "http://fhir.org/guides/who/anc-cds/CodeSystem/activity-codes",
        "code" : "HIV.D21",
        "display" : "Determine regimen and treatment options"
      }]
    }
  }],
  "jurisdiction" : [{
    "coding" : [{
      "system" : "http://unstats.un.org/unsd/methods/m49/m49.htm",
      "code" : "001"
    }]
  }],
  "library" : ["http://fhir.org/guides/who/anc-cds/Library/HIVD212DT"],
  "action" : [{
    "title" : "HIV.D21.2.DT",
    "trigger" : [{
      "type" : "named-event",
      "name" : "HIV.D21 Determine regimen and treatment options"
    }],
    "action" : [{
      "id" : "1",
      "title" : "Set \"Regimen substitution recommended\"=TrueSuggested management:Substitute rifampicin with rifabutin",
      "description" : "Set \"Regimen substitution recommended\"=TrueSuggested management:Substitute rifampicin with rifabutin",
      "documentation" : [{
        "type" : "citation",
        "label" : "Consolidated guidelines on HIV prevention, testing, treatment, service delivery and monitoring: recommendations for a public health approach (2021) Table 4.14: Key ARV drug–drug interactions and suggested management, Section 4.1: Key ARV drug interactions, Annex 2: Key drug interactions for ARVs"
      }],
      "condition" : [{
        "kind" : "applicability",
        "expression" : {
          "description" : "(HIV.D21.2.DT.01)\n  AND ( \"ART regimen composition\" IN 'ATV/r')\n  AND (\"Medication/drug\"='Rifampicin')\n  AND ( \"Age\" ≥ 10 years)\n  AND (-)",
          "language" : "text/cql-identifier",
          "expression" : "Should Set \\\"Regimen substitution recommended\\\"=TrueSuggested management:Substitute rifampicin with rifabutin"
        }
      }],
      "action" : [{
        "title" : "Set \"Regimen substitution recommended\"=TrueSuggested management:Substitute rifampicin with rifabutin"
      },
      {
        "title" : "Suggested management is to substitute rifampicin with rifabutin"
      }]
    },
    {
      "id" : "2",
      "title" : "Set \"Dose adjustment recommended\"=TrueSet \"Regimen substitution recommended\"=TrueSuggested management:Substitute rifampicin with rifabutin.Adjust the dose of LPV/r or substitute with three NRTIs (for children)",
      "description" : "Set \"Dose adjustment recommended\"=TrueSet \"Regimen substitution recommended\"=TrueSuggested management:Substitute rifampicin with rifabutin.Adjust the dose of LPV/r or substitute with three NRTIs (for children)",
      "documentation" : [{
        "type" : "citation"
      }],
      "condition" : [{
        "kind" : "applicability",
        "expression" : {
          "description" : "(HIV.D21.2.DT.02)\n  AND (\"ART regimen composition\" IN 'ATV/r')\n  AND (\"Medication/drug\"='Rifampicin')\n  AND ( \"Age\" < 10 years)\n  AND (-)",
          "language" : "text/cql-identifier",
          "expression" : "Should Set \\\"Dose adjustment recommended\\\"=TrueSet \\\"Regimen substitution recommended\\\"=TrueSuggested management:Substitute rifampicin with rifabutin.Adjust the dose of LPV/r or substitute with three NRTIs (for children)"
        }
      }],
      "action" : [{
        "title" : "Set \"Dose adjustment recommended\"=TrueSet \"Regimen substitution recommended\"=TrueSuggested management:Substitute rifampicin with rifabutin.Adjust the dose of LPV/r or substitute with three NRTIs (for children)"
      },
      {
        "title" : "Suggested management:Substitute rifampicin with rifabutin.Adjust the dose of LPV/r or substitute with three NRTIs (for children)"
      }]
    },
    {
      "id" : "3",
      "title" : "Set \"Medication change recommended\"=TrueSuggested management: Use an alternative antimalarial agent",
      "description" : "Set \"Medication change recommended\"=TrueSuggested management: Use an alternative antimalarial agent",
      "documentation" : [{
        "type" : "citation"
      }],
      "condition" : [{
        "kind" : "applicability",
        "expression" : {
          "description" : "(HIV.D21.2.DT.03)\n  AND (\"ART regimen composition\" IN 'ATV/r')\n  AND (\"Medication/drug\"='Halofantrine')\n  AND (-)\n  AND (-)",
          "language" : "text/cql-identifier",
          "expression" : "Should Set \\\"Medication change recommended\\\"=TrueSuggested management: Use an alternative antimalarial agent"
        }
      }],
      "action" : [{
        "title" : "Set \"Medication change recommended\"=TrueSuggested management: Use an alternative antimalarial agent"
      },
      {
        "title" : "Suggested management: Use an alternative antimalarial agent"
      }]
    },
    {
      "id" : "4",
      "title" : "Set \"Medication change recommended\"=TrueSuggested management: Use an alternative statin (such as pravastatin)",
      "description" : "Set \"Medication change recommended\"=TrueSuggested management: Use an alternative statin (such as pravastatin)",
      "documentation" : [{
        "type" : "citation"
      }],
      "condition" : [{
        "kind" : "applicability",
        "expression" : {
          "description" : "(HIV.D21.2.DT.04)\n  AND (\"ART regimen composition\" IN 'ATV/r')\n  AND (\"Medication/drug\"='Lovastatin')\n  AND (-)\n  AND (-)",
          "language" : "text/cql-identifier",
          "expression" : "Should Set \\\"Medication change recommended\\\"=TrueSuggested management: Use an alternative statin (such as pravastatin)"
        }
      }],
      "action" : [{
        "title" : "Set \"Medication change recommended\"=TrueSuggested management: Use an alternative statin (such as pravastatin)"
      },
      {
        "title" : "Suggested management: Use an alternative statin (such as pravastatin)"
      }]
    },
    {
      "id" : "5",
      "title" : "Set \"Medication change recommended\"=TrueSuggested management:Use an alternative statin (such as pravastatin)",
      "description" : "Set \"Medication change recommended\"=TrueSuggested management:Use an alternative statin (such as pravastatin)",
      "documentation" : [{
        "type" : "citation"
      }],
      "condition" : [{
        "kind" : "applicability",
        "expression" : {
          "description" : "(HIV.D21.2.DT.05)\n  AND (\"ART regimen composition\" IN 'ATV/r')\n  AND (\"Medication/drug\"='Simvastatin')\n  AND (-)\n  AND (-)",
          "language" : "text/cql-identifier",
          "expression" : "Should Set \\\"Medication change recommended\\\"=TrueSuggested management:Use an alternative statin (such as pravastatin)"
        }
      }],
      "action" : [{
        "title" : "Set \"Medication change recommended\"=TrueSuggested management:Use an alternative statin (such as pravastatin)"
      },
      {
        "title" : "Suggested management:Use an alternative statin (such as pravastatin)"
      }]
    },
    {
      "id" : "6",
      "title" : "Set \"Prevention services offered and referrals\"='Offer male and female condoms and condom-compatible lubricants'Use alternative or additional contraceptive methods",
      "description" : "Set \"Prevention services offered and referrals\"='Offer male and female condoms and condom-compatible lubricants'Use alternative or additional contraceptive methods",
      "documentation" : [{
        "type" : "citation"
      }],
      "condition" : [{
        "kind" : "applicability",
        "expression" : {
          "description" : "(HIV.D21.2.DT.06)\n  AND (\"ART regimen composition\" IN 'ATV/r')\n  AND (\"Medication/drug\"='Hormonal contraception')\n  AND (-)\n  AND (-)",
          "language" : "text/cql-identifier",
          "expression" : "Should Set \\\"Prevention services offered and referrals\\\"='Offer male and female condoms and condom-compatible lubricants'Use alternative or additional contraceptive methods"
        }
      }],
      "action" : [{
        "title" : "Set \"Prevention services offered and referrals\"='Offer male and female condoms and condom-compatible lubricants'Use alternative or additional contraceptive methods"
      },
      {
        "title" : "Offer male and female condoms and condom-compatible lubricantsUse alternative or additional contraceptive methods"
      }]
    },
    {
      "id" : "7",
      "title" : "Set \"Medication change recommended\"=TrueUse an alternative antihistamine agent",
      "description" : "Set \"Medication change recommended\"=TrueUse an alternative antihistamine agent",
      "documentation" : [{
        "type" : "citation"
      }],
      "condition" : [{
        "kind" : "applicability",
        "expression" : {
          "description" : "((HIV.D21.2.DT.07)\n  AND (\"ART regimen composition\" IN 'ATV/r')\n  AND (\"Medication/drug\"='Astemizole')\n  AND (-)\n  AND (-))\n  OR ((HIV.D21.2.DT.08)\n  AND (\"ART regimen composition\" IN 'ATV/r')\n  AND (\"Medication/drug\"='Terfenadine')\n  AND (-)\n  AND (-))",
          "language" : "text/cql-identifier",
          "expression" : "Should Set \\\"Medication change recommended\\\"=TrueUse an alternative antihistamine agent"
        }
      }],
      "action" : [{
        "title" : "Set \"Medication change recommended\"=TrueUse an alternative antihistamine agent"
      },
      {
        "title" : "Use an alternative antihistamine agent"
      }]
    },
    {
      "id" : "8",
      "title" : "Monitor renal function",
      "description" : "Monitor renal function",
      "documentation" : [{
        "type" : "citation"
      }],
      "condition" : [{
        "kind" : "applicability",
        "expression" : {
          "description" : "(HIV.D21.2.DT.09)\n  AND (\"ART regimen composition\" IN 'ATV/r')\n  AND (\"Medication/drug\"='TDF')\n  AND (-)\n  AND (-)",
          "language" : "text/cql-identifier",
          "expression" : "Should Monitor renal function"
        }
      }],
      "action" : [{
        "title" : "Monitor renal function"
      },
      {
        "title" : "Monitor renal function"
      }]
    },
    {
      "id" : "9",
      "title" : "Set \"Medication change recommended\"=TrueUse an alternative direct-acting antiviral agent.",
      "description" : "Set \"Medication change recommended\"=TrueUse an alternative direct-acting antiviral agent.",
      "documentation" : [{
        "type" : "citation"
      }],
      "condition" : [{
        "kind" : "applicability",
        "expression" : {
          "description" : "((HIV.D21.2.DT.10)\n  AND (\"ART regimen composition\" IN 'ATV/r')\n  AND (\"Medication/drug\"='Simeprevir')\n  AND (-)\n  AND (-))\n  OR ((HIV.D21.2.DT.11)\n  AND (\"ART regimen composition\" IN 'ATV/r')\n  AND (\"Medication/drug\"='Ombitasvir + paritaprevir/ritonavir + dasabuvir')\n  AND (-)\n  AND (-))",
          "language" : "text/cql-identifier",
          "expression" : "Should Set \\\"Medication change recommended\\\"=TrueUse an alternative direct-acting antiviral agent."
        }
      }],
      "action" : [{
        "title" : "Set \"Medication change recommended\"=TrueUse an alternative direct-acting antiviral agent."
      },
      {
        "title" : "Use an alternative direct-acting antiviral agent."
      }]
    },
    {
      "id" : "10",
      "title" : "Set \"Dose adjustment recommended\"=TrueAdjust methadone and buprenorphine doses as appropriate.",
      "description" : "Set \"Dose adjustment recommended\"=TrueAdjust methadone and buprenorphine doses as appropriate.",
      "documentation" : [{
        "type" : "citation"
      }],
      "condition" : [{
        "kind" : "applicability",
        "expression" : {
          "description" : "((HIV.D21.2.DT.12)\n  AND (\"ART regimen composition\" IN 'ATV/r')\n  AND (\"Medication/drug\"='Methadone')\n  AND (-)\n  AND (-))\n  OR ((HIV.D21.2.DT.13)\n  AND (\"ART regimen composition\" IN 'ATV/r')\n  AND (\"Medication/drug\"='Buprenorphine')\n  AND (-)\n  AND (-))",
          "language" : "text/cql-identifier",
          "expression" : "Should Set \\\"Dose adjustment recommended\\\"=TrueAdjust methadone and buprenorphine doses as appropriate."
        }
      }],
      "action" : [{
        "title" : "Set \"Dose adjustment recommended\"=TrueAdjust methadone and buprenorphine doses as appropriate."
      },
      {
        "title" : "Adjust methadone and buprenorphine doses as appropriate."
      }]
    },
    {
      "id" : "11",
      "title" : "Set \"Medication change recommended\"=TrueUse an alternative antimalarial agent.",
      "description" : "Set \"Medication change recommended\"=TrueUse an alternative antimalarial agent.",
      "documentation" : [{
        "type" : "citation"
      }],
      "condition" : [{
        "kind" : "applicability",
        "expression" : {
          "description" : "(HIV.D21.2.DT.14)\n  AND (\"ART regimen composition\" IN 'DRV/r')\n  AND (\"Medication/drug\"='Halofantrine')\n  AND (-)\n  AND (-)",
          "language" : "text/cql-identifier",
          "expression" : "Should Set \\\"Medication change recommended\\\"=TrueUse an alternative antimalarial agent."
        }
      }],
      "action" : [{
        "title" : "Set \"Medication change recommended\"=TrueUse an alternative antimalarial agent."
      },
      {
        "title" : "Use an alternative antimalarial agent."
      }]
    },
    {
      "id" : "12",
      "title" : "Set \"Medication change recommended\"=TrueUse an alternative statin (such as pravastatin).",
      "description" : "Set \"Medication change recommended\"=TrueUse an alternative statin (such as pravastatin).",
      "documentation" : [{
        "type" : "citation"
      }],
      "condition" : [{
        "kind" : "applicability",
        "expression" : {
          "description" : "((HIV.D21.2.DT.15)\n  AND (\"ART regimen composition\" IN 'DRV/r')\n  AND (\"Medication/drug\"='Lovastatin')\n  AND (-)\n  AND (-))\n  OR ((HIV.D21.2.DT.16)\n  AND (\"ART regimen composition\" IN 'DRV/r')\n  AND (\"Medication/drug\"='Simvastatin')\n  AND (-)\n  AND (-))",
          "language" : "text/cql-identifier",
          "expression" : "Should Set \\\"Medication change recommended\\\"=TrueUse an alternative statin (such as pravastatin)."
        }
      }],
      "action" : [{
        "title" : "Set \"Medication change recommended\"=TrueUse an alternative statin (such as pravastatin)."
      },
      {
        "title" : "Use an alternative statin (such as pravastatin)."
      }]
    },
    {
      "id" : "13",
      "title" : "Set \"Prevention services offered and referrals\"='Offer male and female condoms and condom-compatible lubricants'Use alternative or additional contraceptive methods.",
      "description" : "Set \"Prevention services offered and referrals\"='Offer male and female condoms and condom-compatible lubricants'Use alternative or additional contraceptive methods.",
      "documentation" : [{
        "type" : "citation"
      }],
      "condition" : [{
        "kind" : "applicability",
        "expression" : {
          "description" : "(HIV.D21.2.DT.17)\n  AND (\"ART regimen composition\" IN 'DRV/r')\n  AND (\"Medication/drug\"='Hormonal contraception')\n  AND (-)\n  AND (-)",
          "language" : "text/cql-identifier",
          "expression" : "Should Set \\\"Prevention services offered and referrals\\\"='Offer male and female condoms and condom-compatible lubricants'Use alternative or additional contraceptive methods."
        }
      }],
      "action" : [{
        "title" : "Set \"Prevention services offered and referrals\"='Offer male and female condoms and condom-compatible lubricants'Use alternative or additional contraceptive methods."
      },
      {
        "title" : "Offer male and female condoms and condom-compatible lubricantsUse alternative or additional contraceptive methods."
      }]
    },
    {
      "id" : "14",
      "title" : "Set \"Medication change recommended\"=TrueUse an alternative antihistamine agent.",
      "description" : "Set \"Medication change recommended\"=TrueUse an alternative antihistamine agent.",
      "documentation" : [{
        "type" : "citation"
      }],
      "condition" : [{
        "kind" : "applicability",
        "expression" : {
          "description" : "((HIV.D21.2.DT.18)\n  AND (\"ART regimen composition\" IN 'DRV/r')\n  AND (\"Medication/drug\"='Astemizole')\n  AND (-)\n  AND (-))\n  OR ((HIV.D21.2.DT.19)\n  AND (\"ART regimen composition\" IN 'DRV/r')\n  AND (\"Medication/drug\"='Terfenadine')\n  AND (-)\n  AND (-))",
          "language" : "text/cql-identifier",
          "expression" : "Should Set \\\"Medication change recommended\\\"=TrueUse an alternative antihistamine agent."
        }
      }],
      "action" : [{
        "title" : "Set \"Medication change recommended\"=TrueUse an alternative antihistamine agent."
      },
      {
        "title" : "Use an alternative antihistamine agent."
      }]
    },
    {
      "id" : "15",
      "title" : "Set \"Medication change recommended\"=TrueMonitor renal function.",
      "description" : "Set \"Medication change recommended\"=TrueMonitor renal function.",
      "documentation" : [{
        "type" : "citation"
      }],
      "condition" : [{
        "kind" : "applicability",
        "expression" : {
          "description" : "(HIV.D21.2.DT.20)\n  AND (\"ART regimen composition\" IN 'DRV/r')\n  AND (\"Medication/drug\"='TDF')\n  AND (-)\n  AND (-)",
          "language" : "text/cql-identifier",
          "expression" : "Should Set \\\"Medication change recommended\\\"=TrueMonitor renal function."
        }
      }],
      "action" : [{
        "title" : "Set \"Medication change recommended\"=TrueMonitor renal function."
      },
      {
        "title" : "Monitor renal function."
      }]
    },
    {
      "id" : "16",
      "title" : "Set \"Medication change recommended\"=TrueUse an alternative direct-acting antiviral agent.",
      "description" : "Set \"Medication change recommended\"=TrueUse an alternative direct-acting antiviral agent. 2",
      "documentation" : [{
        "type" : "citation"
      }],
      "condition" : [{
        "kind" : "applicability",
        "expression" : {
          "description" : "((HIV.D21.2.DT.21)\n  AND (\"ART regimen composition\" IN 'DRV/r')\n  AND (\"Medication/drug\"='Simeprevir')\n  AND (-)\n  AND (-))\n  OR ((HIV.D21.2.DT.22)\n  AND (\"ART regimen composition\" IN 'DRV/r')\n  AND (\"Medication/drug\"='Ombitasvir + paritaprevir/ritonavir + dasabuvir')\n  AND (-)\n  AND (-))",
          "language" : "text/cql-identifier",
          "expression" : "Should Set \\\"Medication change recommended\\\"=TrueUse an alternative direct-acting antiviral agent. 2"
        }
      }],
      "action" : [{
        "title" : "Set \"Medication change recommended\"=TrueUse an alternative direct-acting antiviral agent."
      },
      {
        "title" : "Use an alternative direct-acting antiviral agent."
      }]
    },
    {
      "id" : "17",
      "title" : "Set \"Dose adjustment recommended\"=TrueAdjust methadone and buprenorphine doses as appropriate.",
      "description" : "Set \"Dose adjustment recommended\"=TrueAdjust methadone and buprenorphine doses as appropriate. 2",
      "documentation" : [{
        "type" : "citation"
      }],
      "condition" : [{
        "kind" : "applicability",
        "expression" : {
          "description" : "((HIV.D21.2.DT.23)\n  AND (\"ART regimen composition\" IN 'DRV/r')\n  AND (\"Medication/drug\"='Methadone')\n  AND (-)\n  AND (-))\n  OR ((HIV.D21.2.DT.24)\n  AND (\"ART regimen composition\" IN 'DRV/r')\n  AND (\"Medication/drug\"='Buprenorphine')\n  AND (-)\n  AND (-))",
          "language" : "text/cql-identifier",
          "expression" : "Should Set \\\"Dose adjustment recommended\\\"=TrueAdjust methadone and buprenorphine doses as appropriate. 2"
        }
      }],
      "action" : [{
        "title" : "Set \"Dose adjustment recommended\"=TrueAdjust methadone and buprenorphine doses as appropriate."
      },
      {
        "title" : "Adjust methadone and buprenorphine doses as appropriate."
      }]
    },
    {
      "id" : "18",
      "title" : "Set \"Regimen substitution recommended\"=TrueSuggested management is to substitute rifampicin with rifabutin",
      "description" : "Set \"Regimen substitution recommended\"=TrueSuggested management is to substitute rifampicin with rifabutin",
      "documentation" : [{
        "type" : "citation"
      }],
      "condition" : [{
        "kind" : "applicability",
        "expression" : {
          "description" : "(HIV.D21.2.DT.25)\n  AND (\"ART regimen composition\" IN 'DRV/r')\n  AND ( \"Medication/drug\"='Rifampicin')\n  AND (\"Age\" ≥ 10 years)\n  AND (-)",
          "language" : "text/cql-identifier",
          "expression" : "Should Set \\\"Regimen substitution recommended\\\"=TrueSuggested management is to substitute rifampicin with rifabutin"
        }
      }],
      "action" : [{
        "title" : "Set \"Regimen substitution recommended\"=TrueSuggested management is to substitute rifampicin with rifabutin"
      },
      {
        "title" : "Suggested management is to substitute rifampicin with rifabutin"
      }]
    },
    {
      "id" : "19",
      "title" : "Set \"Dose adjustment recommended\"=TrueSet \"Regimen substitution recommended\"=TrueSuggested management is to substitute rifampicin with rifabutin, adjust the dose of LPV/r or substitute with three NRTIs (for children)",
      "description" : "Set \"Dose adjustment recommended\"=TrueSet \"Regimen substitution recommended\"=TrueSuggested management is to substitute rifampicin with rifabutin, adjust the dose of LPV/r or substitute with three NRTIs (for children)",
      "documentation" : [{
        "type" : "citation"
      }],
      "condition" : [{
        "kind" : "applicability",
        "expression" : {
          "description" : "(HIV.D21.2.DT.26)\n  AND (\"ART regimen composition\" IN 'DRV/r')\n  AND (\"Medication/drug\"='Rifampicin')\n  AND ( \"Age\" < 10 years)\n  AND (-)",
          "language" : "text/cql-identifier",
          "expression" : "Should Set \\\"Dose adjustment recommended\\\"=TrueSet \\\"Regimen substitution recommended\\\"=TrueSuggested management is to substitute rifampicin with rifabutin, adjust the dose of LPV/r or substitute with three NRTIs (for children)"
        }
      }],
      "action" : [{
        "title" : "Set \"Dose adjustment recommended\"=TrueSet \"Regimen substitution recommended\"=TrueSuggested management is to substitute rifampicin with rifabutin, adjust the dose of LPV/r or substitute with three NRTIs (for children)"
      },
      {
        "title" : "Suggested management is to substitute rifampicin with rifabutin, adjust the dose of LPV/r or substitute with three NRTIs (for children)"
      }]
    },
    {
      "id" : "20",
      "title" : "Set \"Medication change recommended\"=TrueUse an alternative antimalarial agent.",
      "description" : "Set \"Medication change recommended\"=TrueUse an alternative antimalarial agent. 2",
      "documentation" : [{
        "type" : "citation"
      }],
      "condition" : [{
        "kind" : "applicability",
        "expression" : {
          "description" : "(HIV.D21.2.DT.27)\n  AND (\"ART regimen composition\" IN 'LPV/r')\n  AND (\"Medication/drug\"='Halofantrine')\n  AND (-)\n  AND (-)",
          "language" : "text/cql-identifier",
          "expression" : "Should Set \\\"Medication change recommended\\\"=TrueUse an alternative antimalarial agent. 2"
        }
      }],
      "action" : [{
        "title" : "Set \"Medication change recommended\"=TrueUse an alternative antimalarial agent."
      },
      {
        "title" : "Use an alternative antimalarial agent."
      }]
    },
    {
      "id" : "21",
      "title" : "Set \"Medication change recommended\"=TrueUse an alternative statin (such as pravastatin).",
      "description" : "Set \"Medication change recommended\"=TrueUse an alternative statin (such as pravastatin). 2",
      "documentation" : [{
        "type" : "citation"
      }],
      "condition" : [{
        "kind" : "applicability",
        "expression" : {
          "description" : "((HIV.D21.2.DT.28)\n  AND (\"ART regimen composition\" IN 'LPV/r')\n  AND (\"Medication/drug\"='Lovastatin')\n  AND (-)\n  AND (-))\n  OR ((HIV.D21.2.DT.29)\n  AND (\"ART regimen composition\" IN 'LPV/r')\n  AND (\"Medication/drug\"='Simvastatin')\n  AND (-)\n  AND (-))",
          "language" : "text/cql-identifier",
          "expression" : "Should Set \\\"Medication change recommended\\\"=TrueUse an alternative statin (such as pravastatin). 2"
        }
      }],
      "action" : [{
        "title" : "Set \"Medication change recommended\"=TrueUse an alternative statin (such as pravastatin)."
      },
      {
        "title" : "Use an alternative statin (such as pravastatin)."
      }]
    },
    {
      "id" : "22",
      "title" : "Set \"Prevention services offered and referrals\"= 'Offer male and female condoms and condom-compatible lubricants'Use alternative or additional contraceptive methods.",
      "description" : "Set \"Prevention services offered and referrals\"= 'Offer male and female condoms and condom-compatible lubricants'Use alternative or additional contraceptive methods.",
      "documentation" : [{
        "type" : "citation"
      }],
      "condition" : [{
        "kind" : "applicability",
        "expression" : {
          "description" : "(HIV.D21.2.DT.30)\n  AND (\"ART regimen composition\" IN 'LPV/r')\n  AND (\"Medication/drug\"='Hormonal contraception')\n  AND (-)\n  AND (-)",
          "language" : "text/cql-identifier",
          "expression" : "Should Set \\\"Prevention services offered and referrals\\\"= 'Offer male and female condoms and condom-compatible lubricants'Use alternative or additional contraceptive methods."
        }
      }],
      "action" : [{
        "title" : "Set \"Prevention services offered and referrals\"= 'Offer male and female condoms and condom-compatible lubricants'Use alternative or additional contraceptive methods."
      },
      {
        "title" : "Offer male and female condoms and condom-compatible lubricantsUse alternative or additional contraceptive methods."
      }]
    },
    {
      "id" : "23",
      "title" : "Set \"Medication change recommended\"=TrueUse an alternative antihistamine agent.",
      "description" : "Set \"Medication change recommended\"=TrueUse an alternative antihistamine agent. 2",
      "documentation" : [{
        "type" : "citation"
      }],
      "condition" : [{
        "kind" : "applicability",
        "expression" : {
          "description" : "((HIV.D21.2.DT.31)\n  AND (\"ART regimen composition\" IN 'LPV/r')\n  AND (\"Medication/drug\"='Astemizole')\n  AND (-)\n  AND (-))\n  OR ((HIV.D21.2.DT.32)\n  AND (\"ART regimen composition\" IN 'LPV/r')\n  AND (\"Medication/drug\"='Terfenadine')\n  AND (-)\n  AND (-))",
          "language" : "text/cql-identifier",
          "expression" : "Should Set \\\"Medication change recommended\\\"=TrueUse an alternative antihistamine agent. 2"
        }
      }],
      "action" : [{
        "title" : "Set \"Medication change recommended\"=TrueUse an alternative antihistamine agent."
      },
      {
        "title" : "Use an alternative antihistamine agent."
      }]
    },
    {
      "id" : "24",
      "title" : "Set \"Medication change recommended\"=TrueMonitor renal function.",
      "description" : "Set \"Medication change recommended\"=TrueMonitor renal function. 2",
      "documentation" : [{
        "type" : "citation"
      }],
      "condition" : [{
        "kind" : "applicability",
        "expression" : {
          "description" : "(HIV.D21.2.DT.33)\n  AND (\"ART regimen composition\" IN 'LPV/r')\n  AND (\"Medication/drug\"='TDF')\n  AND (-)\n  AND (-)",
          "language" : "text/cql-identifier",
          "expression" : "Should Set \\\"Medication change recommended\\\"=TrueMonitor renal function. 2"
        }
      }],
      "action" : [{
        "title" : "Set \"Medication change recommended\"=TrueMonitor renal function."
      },
      {
        "title" : "Monitor renal function."
      }]
    },
    {
      "id" : "25",
      "title" : "Set \"Medication change recommended\"=TrueUse an alternative direct-acting antiviral agent.",
      "description" : "Set \"Medication change recommended\"=TrueUse an alternative direct-acting antiviral agent. 3",
      "documentation" : [{
        "type" : "citation"
      }],
      "condition" : [{
        "kind" : "applicability",
        "expression" : {
          "description" : "((HIV.D21.2.DT.34)\n  AND (\"ART regimen composition\" IN 'LPV/r')\n  AND (\"Medication/drug\"='Simeprevir')\n  AND (-)\n  AND (-))\n  OR ((HIV.D21.2.DT.35)\n  AND (\"ART regimen composition\" IN 'LPV/r')\n  AND (\"Medication/drug\"='Ombitasvir + paritaprevir/ritonavir + dasabuvir')\n  AND (-)\n  AND (-))",
          "language" : "text/cql-identifier",
          "expression" : "Should Set \\\"Medication change recommended\\\"=TrueUse an alternative direct-acting antiviral agent. 3"
        }
      }],
      "action" : [{
        "title" : "Set \"Medication change recommended\"=TrueUse an alternative direct-acting antiviral agent."
      },
      {
        "title" : "Use an alternative direct-acting antiviral agent."
      }]
    },
    {
      "id" : "26",
      "title" : "Set \"Dose adjustment recommended\"=TrueAdjust methadone and buprenorphine doses as appropriate.",
      "description" : "Set \"Dose adjustment recommended\"=TrueAdjust methadone and buprenorphine doses as appropriate. 3",
      "documentation" : [{
        "type" : "citation"
      }],
      "condition" : [{
        "kind" : "applicability",
        "expression" : {
          "description" : "((HIV.D21.2.DT.36)\n  AND (\"ART regimen composition\" IN 'LPV/r')\n  AND (\"Medication/drug\"='Methadone')\n  AND (-)\n  AND (-))\n  OR ((HIV.D21.2.DT.37)\n  AND (\"ART regimen composition\" IN 'LPV/r')\n  AND (\"Medication/drug\"='Buprenorphine')\n  AND (-)\n  AND (-))",
          "language" : "text/cql-identifier",
          "expression" : "Should Set \\\"Dose adjustment recommended\\\"=TrueAdjust methadone and buprenorphine doses as appropriate. 3"
        }
      }],
      "action" : [{
        "title" : "Set \"Dose adjustment recommended\"=TrueAdjust methadone and buprenorphine doses as appropriate."
      },
      {
        "title" : "Adjust methadone and buprenorphine doses as appropriate."
      }]
    },
    {
      "id" : "27",
      "title" : "Set \"Regimen substitution recommended\"=TrueSubstitute rifampicin with rifabutin.",
      "description" : "Set \"Regimen substitution recommended\"=TrueSubstitute rifampicin with rifabutin.",
      "documentation" : [{
        "type" : "citation"
      }],
      "condition" : [{
        "kind" : "applicability",
        "expression" : {
          "description" : "(HIV.D21.2.DT.38)\n  AND (\"ART regimen composition\" IN 'LPV/r')\n  AND (\"Medication/drug\"='Rifampicin')\n  AND ( \"Age\" ≥ 10 years)\n  AND (-)",
          "language" : "text/cql-identifier",
          "expression" : "Should Set \\\"Regimen substitution recommended\\\"=TrueSubstitute rifampicin with rifabutin."
        }
      }],
      "action" : [{
        "title" : "Set \"Regimen substitution recommended\"=TrueSubstitute rifampicin with rifabutin."
      },
      {
        "title" : "Substitute rifampicin with rifabutin."
      }]
    },
    {
      "id" : "28",
      "title" : "Set \"Dose adjustment recommended\"=TrueSet \"Regimen substitution recommended\"=TrueSubstitute rifampicin with rifabutin.Adjust the dose of LPV/r or substitute with three NRTIs (for children)",
      "description" : "Set \"Dose adjustment recommended\"=TrueSet \"Regimen substitution recommended\"=TrueSubstitute rifampicin with rifabutin.Adjust the dose of LPV/r or substitute with three NRTIs (for children)",
      "documentation" : [{
        "type" : "citation"
      }],
      "condition" : [{
        "kind" : "applicability",
        "expression" : {
          "description" : "(HIV.D21.2.DT.39)\n  AND (\"ART regimen composition\" IN 'LPV/r')\n  AND (\"Medication/drug\"='Rifampicin')\n  AND ( \"Age\" < 10 years)\n  AND (-)",
          "language" : "text/cql-identifier",
          "expression" : "Should Set \\\"Dose adjustment recommended\\\"=TrueSet \\\"Regimen substitution recommended\\\"=TrueSubstitute rifampicin with rifabutin.Adjust the dose of LPV/r or substitute with three NRTIs (for children)"
        }
      }],
      "action" : [{
        "title" : "Set \"Dose adjustment recommended\"=TrueSet \"Regimen substitution recommended\"=TrueSubstitute rifampicin with rifabutin.Adjust the dose of LPV/r or substitute with three NRTIs (for children)"
      },
      {
        "title" : "Substitute rifampicin with rifabutin.Adjust the dose of LPV/r or substitute with three NRTIs (for children)"
      }]
    },
    {
      "id" : "29",
      "title" : "Set \"Medication change recommended\"=TrueUse an alternative antiarrhythmic agent.",
      "description" : "Set \"Medication change recommended\"=TrueUse an alternative antiarrhythmic agent.",
      "documentation" : [{
        "type" : "citation"
      }],
      "condition" : [{
        "kind" : "applicability",
        "expression" : {
          "description" : "(HIV.D21.2.DT.40)\n  AND (\"ART regimen composition\" IN 'DTG')\n  AND (\"Medication/drug\"='Dofetilide')\n  AND (-)\n  AND (-)",
          "language" : "text/cql-identifier",
          "expression" : "Should Set \\\"Medication change recommended\\\"=TrueUse an alternative antiarrhythmic agent."
        }
      }],
      "action" : [{
        "title" : "Set \"Medication change recommended\"=TrueUse an alternative antiarrhythmic agent."
      },
      {
        "title" : "Use an alternative antiarrhythmic agent."
      }]
    },
    {
      "id" : "30",
      "title" : "Set \"Dose adjustment recommended\"=TrueAdjust the dose of DTG or substitute rifampicin with rifabutin.",
      "description" : "Set \"Dose adjustment recommended\"=TrueAdjust the dose of DTG or substitute rifampicin with rifabutin.",
      "documentation" : [{
        "type" : "citation"
      }],
      "condition" : [{
        "kind" : "applicability",
        "expression" : {
          "description" : "(HIV.D21.2.DT.41)\n  AND (\"ART regimen composition\" IN 'DTG')\n  AND (\"Medication/drug\"='Rifampicin')\n  AND (-)\n  AND (-)",
          "language" : "text/cql-identifier",
          "expression" : "Should Set \\\"Dose adjustment recommended\\\"=TrueAdjust the dose of DTG or substitute rifampicin with rifabutin."
        }
      }],
      "action" : [{
        "title" : "Set \"Dose adjustment recommended\"=TrueAdjust the dose of DTG or substitute rifampicin with rifabutin."
      },
      {
        "title" : "Adjust the dose of DTG or substitute rifampicin with rifabutin."
      }]
    },
    {
      "id" : "31",
      "title" : "Set \"Medication change recommended\"=TrueUse an alternative anticonvulsant agent (such as valproic acid or gabapentin).",
      "description" : "Set \"Medication change recommended\"=TrueUse an alternative anticonvulsant agent (such as valproic acid or gabapentin).",
      "documentation" : [{
        "type" : "citation"
      }],
      "condition" : [{
        "kind" : "applicability",
        "expression" : {
          "description" : "(((HIV.D21.2.DT.42)\n  AND (\"ART regimen composition\" IN 'DTG')\n  AND (\"Medication/drug\"='Carbamazepine')\n  AND (-)\n  AND (-))\n  OR ((HIV.D21.2.DT.43)\n  AND (\"ART regimen composition\" IN 'DTG')\n  AND (\"Medication/drug\"='Phenobarbital')\n  AND (-)\n  AND (-)))\n  OR ((HIV.D21.2.DT.44)\n  AND (\"ART regimen composition\" IN 'DTG')\n  AND (\"Medication/drug\"='Phenytoin')\n  AND (-)\n  AND (-))",
          "language" : "text/cql-identifier",
          "expression" : "Should Set \\\"Medication change recommended\\\"=TrueUse an alternative anticonvulsant agent (such as valproic acid or gabapentin)."
        }
      }],
      "action" : [{
        "title" : "Set \"Medication change recommended\"=TrueUse an alternative anticonvulsant agent (such as valproic acid or gabapentin)."
      },
      {
        "title" : "Use an alternative anticonvulsant agent (such as valproic acid or gabapentin)."
      }]
    },
    {
      "id" : "32",
      "title" : "Set \"Medication change recommended\"=TrueUse DTG at least two hours before or at least six hours after supplements containing polyvalent cations, including but not limited to the following products: multivitamin supplements containing Fe, Ca, Mg or Zn; mineral supplements, cation-containing laxatives and antacids containing Al, Ca or Mg. Monitor for efficacy in suppressing viral load. ",
      "description" : "Set \"Medication change recommended\"=TrueUse DTG at least two hours before or at least six hours after supplements containing polyvalent cations, including but not limited to the following products: multivitamin supplements containing Fe, Ca, Mg or Zn; mineral supplements, cation-containing laxatives and antacids containing Al, Ca or Mg. Monitor for efficacy in suppressing viral load. ",
      "documentation" : [{
        "type" : "citation"
      }],
      "condition" : [{
        "kind" : "applicability",
        "expression" : {
          "description" : "(HIV.D21.2.DT.45)\n  AND (\"ART regimen composition\" IN 'DTG')\n  AND (\"Medication/drug\"='Polyvalent cation products containing Mg, Al, Fe, Ca and Zn')\n  AND (-)\n  AND (-)",
          "language" : "text/cql-identifier",
          "expression" : "Should Set \\\"Medication change recommended\\\"=TrueUse DTG at least two hours before or at least six hours after supplements containing polyvalent cations, including but not limited to the following products: multivitamin supplements containing Fe, Ca, Mg or Zn; mineral supplements, cation-containing laxatives and antacids containing Al, Ca or Mg. Monitor for efficacy in suppressing viral load. "
        }
      }],
      "action" : [{
        "title" : "Set \"Medication change recommended\"=TrueUse DTG at least two hours before or at least six hours after supplements containing polyvalent cations, including but not limited to the following products: multivitamin supplements containing Fe, Ca, Mg or Zn; mineral supplements, cation-containing laxatives and antacids containing Al, Ca or Mg. Monitor for efficacy in suppressing viral load. "
      },
      {
        "title" : "Use DTG at least two hours before or at least six hours after supplements containing polyvalent cations, including but not limited to the following products: multivitamin supplements containing Fe, Ca, Mg or Zn; mineral supplements, cation-containing laxatives and antacids containing Al, Ca or Mg. Monitor for efficacy in suppressing viral load. "
      }]
    },
    {
      "id" : "33",
      "title" : "Set \"Medication change recommended\"=TrueUse an alternative antimalarial agent.",
      "description" : "Set \"Medication change recommended\"=TrueUse an alternative antimalarial agent. 3",
      "documentation" : [{
        "type" : "citation"
      }],
      "condition" : [{
        "kind" : "applicability",
        "expression" : {
          "description" : "(HIV.D21.2.DT.46)\n  AND (\"ART regimen composition\" IN 'DTG')\n  AND (\"Medication/drug\"='Amodiaquine')\n  AND (-)\n  AND (-)",
          "language" : "text/cql-identifier",
          "expression" : "Should Set \\\"Medication change recommended\\\"=TrueUse an alternative antimalarial agent. 3"
        }
      }],
      "action" : [{
        "title" : "Set \"Medication change recommended\"=TrueUse an alternative antimalarial agent."
      },
      {
        "title" : "Use an alternative antimalarial agent."
      }]
    },
    {
      "id" : "34",
      "title" : "Set \"Medication change recommended\"=TrueUse an alternative gastrointestinal agent.",
      "description" : "Set \"Medication change recommended\"=TrueUse an alternative gastrointestinal agent.",
      "documentation" : [{
        "type" : "citation"
      }],
      "condition" : [{
        "kind" : "applicability",
        "expression" : {
          "description" : "(HIV.D21.2.DT.47)\n  AND (\"ART regimen composition\" IN 'DTG')\n  AND (\"Medication/drug\"='Cisapride')\n  AND (-)\n  AND (-)",
          "language" : "text/cql-identifier",
          "expression" : "Should Set \\\"Medication change recommended\\\"=TrueUse an alternative gastrointestinal agent."
        }
      }],
      "action" : [{
        "title" : "Set \"Medication change recommended\"=TrueUse an alternative gastrointestinal agent."
      },
      {
        "title" : "Use an alternative gastrointestinal agent."
      }]
    },
    {
      "id" : "35",
      "title" : "Set \"Medication change recommended\"=TrueAvoid high-dose metformin with DTG; adjust the metformin dose as appropriate",
      "description" : "Set \"Medication change recommended\"=TrueAvoid high-dose metformin with DTG; adjust the metformin dose as appropriate",
      "documentation" : [{
        "type" : "citation"
      }],
      "condition" : [{
        "kind" : "applicability",
        "expression" : {
          "description" : "(HIV.D21.2.DT.48)\n  AND (\"ART regimen composition\" IN 'DTG')\n  AND (\"Medication/drug\"='Metformin')",
          "language" : "text/cql-identifier",
          "expression" : "Should Set \\\"Medication change recommended\\\"=TrueAvoid high-dose metformin with DTG; adjust the metformin dose as appropriate"
        }
      }],
      "action" : [{
        "title" : "Set \"Medication change recommended\"=TrueAvoid high-dose metformin with DTG; adjust the metformin dose as appropriate"
      },
      {
        "title" : "Avoid high-dose metformin with DTG; adjust the metformin dose as appropriate"
      }]
    },
    {
      "id" : "36",
      "title" : "Set \"Dose adjustment recommended\"=TrueAdjust the methadone dose as appropriate.",
      "description" : "Set \"Dose adjustment recommended\"=TrueAdjust the methadone dose as appropriate.",
      "documentation" : [{
        "type" : "citation"
      }],
      "condition" : [{
        "kind" : "applicability",
        "expression" : {
          "description" : "(HIV.D21.2.DT.49)\n  AND (\"ART regimen composition\" IN 'EFV')\n  AND (\"Medication/drug\"='Methadone')\n  AND (-)\n  AND (-)",
          "language" : "text/cql-identifier",
          "expression" : "Should Set \\\"Dose adjustment recommended\\\"=TrueAdjust the methadone dose as appropriate."
        }
      }],
      "action" : [{
        "title" : "Set \"Dose adjustment recommended\"=TrueAdjust the methadone dose as appropriate."
      },
      {
        "title" : "Adjust the methadone dose as appropriate.Co-administering efavirenz (EFV) decreases methadone concentrations. This could subsequently cause withdrawal symptoms and increase the risk of relapse to opioid use. People receiving methadone and EFV should be monitored closely, and those experiencing opioid withdrawal may need to adjust their methadone dose (50)."
      }]
    },
    {
      "id" : "37",
      "title" : "Set \"Prevention services offered and referrals\"='Offer male and female condoms and condom-compatible lubricants'Use alternative or additional contraceptive methods.Advise additional use of male or female condoms.",
      "description" : "Set \"Prevention services offered and referrals\"='Offer male and female condoms and condom-compatible lubricants'Use alternative or additional contraceptive methods.Advise additional use of male or female condoms.",
      "documentation" : [{
        "type" : "citation"
      }],
      "condition" : [{
        "kind" : "applicability",
        "expression" : {
          "description" : "(HIV.D21.2.DT.50)\n  AND (\"ART regimen composition\" IN 'EFV')\n  AND (\"Medication/drug\"='Hormonal contraception')\n  AND (-)\n  AND (-)",
          "language" : "text/cql-identifier",
          "expression" : "Should Set \\\"Prevention services offered and referrals\\\"='Offer male and female condoms and condom-compatible lubricants'Use alternative or additional contraceptive methods.Advise additional use of male or female condoms."
        }
      }],
      "action" : [{
        "title" : "Set \"Prevention services offered and referrals\"='Offer male and female condoms and condom-compatible lubricants'Use alternative or additional contraceptive methods.Advise additional use of male or female condoms."
      },
      {
        "title" : "Offer male and female condoms and condom-compatible lubricantsUse alternative or additional contraceptive methods.Advise additional use of male or female condoms."
      }]
    },
    {
      "id" : "38",
      "title" : "Set \"Medication change recommended\"=TrueUse an alternative antihistamine agent.",
      "description" : "Set \"Medication change recommended\"=TrueUse an alternative antihistamine agent. 3",
      "documentation" : [{
        "type" : "citation"
      }],
      "condition" : [{
        "kind" : "applicability",
        "expression" : {
          "description" : "((HIV.D21.2.DT.51)\n  AND (\"ART regimen composition\" IN 'EFV')\n  AND (\"Medication/drug\"='Astemizole')\n  AND (-)\n  AND (-))\n  OR ((HIV.D21.2.DT.52)\n  AND (\"ART regimen composition\" IN 'EFV')\n  AND (\"Medication/drug\"='Terfenadine')\n  AND (-)\n  AND (-))",
          "language" : "text/cql-identifier",
          "expression" : "Should Set \\\"Medication change recommended\\\"=TrueUse an alternative antihistamine agent. 3"
        }
      }],
      "action" : [{
        "title" : "Set \"Medication change recommended\"=TrueUse an alternative antihistamine agent."
      },
      {
        "title" : "Use an alternative antihistamine agent."
      }]
    },
    {
      "id" : "39",
      "title" : "Set \"Medication change recommended\"=TrueUse an alternative antimigraine agent.",
      "description" : "Set \"Medication change recommended\"=TrueUse an alternative antimigraine agent.",
      "documentation" : [{
        "type" : "citation"
      }],
      "condition" : [{
        "kind" : "applicability",
        "expression" : {
          "description" : "((HIV.D21.2.DT.53)\n  AND (\"ART regimen composition\" IN 'EFV')\n  AND (\"Medication/drug\"='Ergotamine')\n  AND (-)\n  AND (-))\n  OR ((HIV.D21.2.DT.54)\n  AND (\"ART regimen composition\" IN 'EFV')\n  AND (\"Medication/drug\"='Dihydroergotamine')\n  AND (-)\n  AND (-))",
          "language" : "text/cql-identifier",
          "expression" : "Should Set \\\"Medication change recommended\\\"=TrueUse an alternative antimigraine agent."
        }
      }],
      "action" : [{
        "title" : "Set \"Medication change recommended\"=TrueUse an alternative antimigraine agent."
      },
      {
        "title" : "Use an alternative antimigraine agent."
      }]
    },
    {
      "id" : "40",
      "title" : "Set \"Medication change recommended\"=TrueUse an alternative direct-acting antiviral agent.",
      "description" : "Set \"Medication change recommended\"=TrueUse an alternative direct-acting antiviral agent. 4",
      "documentation" : [{
        "type" : "citation"
      }],
      "condition" : [{
        "kind" : "applicability",
        "expression" : {
          "description" : "(HIV.D21.2.DT.55)\n  AND (\"ART regimen composition\" IN 'EFV')\n  AND (\"Medication/drug\"='Simeprevir')\n  AND (-)\n  AND (-)",
          "language" : "text/cql-identifier",
          "expression" : "Should Set \\\"Medication change recommended\\\"=TrueUse an alternative direct-acting antiviral agent. 4"
        }
      }],
      "action" : [{
        "title" : "Set \"Medication change recommended\"=TrueUse an alternative direct-acting antiviral agent."
      },
      {
        "title" : "Use an alternative direct-acting antiviral agent."
      }]
    },
    {
      "id" : "41",
      "title" : "Set \"Medication change recommended\"=TrueUse an alternative anxiolytic agent.",
      "description" : "Set \"Medication change recommended\"=TrueUse an alternative anxiolytic agent.",
      "documentation" : [{
        "type" : "citation"
      }],
      "condition" : [{
        "kind" : "applicability",
        "expression" : {
          "description" : "((HIV.D21.2.DT.56)\n  AND (\"ART regimen composition\" IN 'EFV')\n  AND (\"Medication/drug\"='Midazolam')\n  AND (-)\n  AND (-))\n  OR ((HIV.D21.2.DT.57)\n  AND (\"ART regimen composition\" IN 'EFV')\n  AND (\"Medication/drug\"='Triazolam')\n  AND (-)\n  AND (-))",
          "language" : "text/cql-identifier",
          "expression" : "Should Set \\\"Medication change recommended\\\"=TrueUse an alternative anxiolytic agent."
        }
      }],
      "action" : [{
        "title" : "Set \"Medication change recommended\"=TrueUse an alternative anxiolytic agent."
      },
      {
        "title" : "Use an alternative anxiolytic agent."
      }]
    },
    {
      "id" : "42",
      "title" : "Set \"Regimen substitution recommended\"=TrueSubstitute EFV with nevirapine (NVP).",
      "description" : "Set \"Regimen substitution recommended\"=TrueSubstitute EFV with nevirapine (NVP).",
      "documentation" : [{
        "type" : "citation"
      }],
      "condition" : [{
        "kind" : "applicability",
        "expression" : {
          "description" : "(HIV.D21.2.DT.58)\n  AND (\"ART regimen composition\" IN 'EFV')\n  AND (\"Medication/drug\"='Rifampicin')\n  AND (-)\n  AND (-)",
          "language" : "text/cql-identifier",
          "expression" : "Should Set \\\"Regimen substitution recommended\\\"=TrueSubstitute EFV with nevirapine (NVP)."
        }
      }],
      "action" : [{
        "title" : "Set \"Regimen substitution recommended\"=TrueSubstitute EFV with nevirapine (NVP)."
      },
      {
        "title" : "Substitute EFV with nevirapine (NVP)."
      }]
    },
    {
      "id" : "43",
      "title" : "Set \"Prevention services offered and referrals\"='Offer male and female condoms and condom-compatible lubricants'Advise additional use of male or female condoms.",
      "description" : "Set \"Prevention services offered and referrals\"='Offer male and female condoms and condom-compatible lubricants'Advise additional use of male or female condoms.",
      "documentation" : [{
        "type" : "citation"
      }],
      "condition" : [{
        "kind" : "applicability",
        "expression" : {
          "description" : "(HIV.D21.2.DT.59)\n  AND (\"ART regimen composition\" IN 'NVP')\n  AND (\"Medication/drug\"='Estrogen-based hormonal contraception')\n  AND (-)\n  AND (-)",
          "language" : "text/cql-identifier",
          "expression" : "Should Set \\\"Prevention services offered and referrals\\\"='Offer male and female condoms and condom-compatible lubricants'Advise additional use of male or female condoms."
        }
      }],
      "action" : [{
        "title" : "Set \"Prevention services offered and referrals\"='Offer male and female condoms and condom-compatible lubricants'Advise additional use of male or female condoms."
      },
      {
        "title" : "Offer male and female condoms and condom-compatible lubricantsAdvise additional use of male or female condoms."
      }]
    },
    {
      "id" : "44",
      "title" : "Set \"Regimen substitution recommended\"=TrueFirst-line: substitute AZT with tenofovir (TDF).",
      "description" : "Set \"Regimen substitution recommended\"=TrueFirst-line: substitute AZT with tenofovir (TDF).",
      "documentation" : [{
        "type" : "citation"
      }],
      "condition" : [{
        "kind" : "applicability",
        "expression" : {
          "description" : "(HIV.D21.2.DT.60)\n  AND (\"ART regimen composition\" IN 'AZT')\n  AND (\"Medication/drug\"='Ribavirin')\n  AND (-)\n  AND (\"Current ART regimen (first-, second-, or third-line)\"='First-line ART regimen for adults and adolescents')",
          "language" : "text/cql-identifier",
          "expression" : "Should Set \\\"Regimen substitution recommended\\\"=TrueFirst-line: substitute AZT with tenofovir (TDF)."
        }
      }],
      "action" : [{
        "title" : "Set \"Regimen substitution recommended\"=TrueFirst-line: substitute AZT with tenofovir (TDF)."
      },
      {
        "title" : "First-line: substitute AZT with tenofovir (TDF)."
      }]
    },
    {
      "id" : "45",
      "title" : "Set \"Regimen substitution recommended\"=TrueSecond-line: substitute AZT with stavudine (d4T).",
      "description" : "Set \"Regimen substitution recommended\"=TrueSecond-line: substitute AZT with stavudine (d4T).",
      "documentation" : [{
        "type" : "citation"
      }],
      "condition" : [{
        "kind" : "applicability",
        "expression" : {
          "description" : "(HIV.D21.2.DT.61)\n  AND (\"ART regimen composition\" IN 'AZT')\n  AND (\"Medication/drug\"='Ribavirin')\n  AND (-)\n  AND (\"Current ART regimen (first-, second-, or third-line)\"='Second-line ART regimen for adults and adolescents')",
          "language" : "text/cql-identifier",
          "expression" : "Should Set \\\"Regimen substitution recommended\\\"=TrueSecond-line: substitute AZT with stavudine (d4T)."
        }
      }],
      "action" : [{
        "title" : "Set \"Regimen substitution recommended\"=TrueSecond-line: substitute AZT with stavudine (d4T)."
      },
      {
        "title" : "Second-line: substitute AZT with stavudine (d4T)."
      }]
    },
    {
      "id" : "46",
      "title" : "Set \"Regimen substitution recommended\"=TrueFirst-line: substitute AZT with TDF.",
      "description" : "Set \"Regimen substitution recommended\"=TrueFirst-line: substitute AZT with TDF.",
      "documentation" : [{
        "type" : "citation"
      }],
      "condition" : [{
        "kind" : "applicability",
        "expression" : {
          "description" : "(HIV.D21.2.DT.62)\n  AND (\"ART regimen composition\" IN 'AZT')\n  AND (\"Medication/drug\"='Peginterferon alfa-2a')\n  AND (-)\n  AND (\"Current ART regimen (first-, second-, or third-line)\"='First-line ART regimen for adults and adolescents')",
          "language" : "text/cql-identifier",
          "expression" : "Should Set \\\"Regimen substitution recommended\\\"=TrueFirst-line: substitute AZT with TDF."
        }
      }],
      "action" : [{
        "title" : "Set \"Regimen substitution recommended\"=TrueFirst-line: substitute AZT with TDF."
      },
      {
        "title" : "First-line: substitute AZT with TDF."
      }]
    },
    {
      "id" : "47",
      "title" : "Set \"Regimen substitution recommended\"=TrueSecond-line: substitute AZT with stavudine (d4T).",
      "description" : "Set \"Regimen substitution recommended\"=TrueSecond-line: substitute AZT with stavudine (d4T). 2",
      "documentation" : [{
        "type" : "citation"
      }],
      "condition" : [{
        "kind" : "applicability",
        "expression" : {
          "description" : "(HIV.D21.2.DT.63)\n  AND (\"ART regimen composition\" IN 'AZT')\n  AND (\"Medication/drug\"='Peginterferon alfa-2a')\n  AND (-)\n  AND (\"Current ART regimen (first-, second-, or third-line)\"='Second-line ART regimen for adults and adolescents')",
          "language" : "text/cql-identifier",
          "expression" : "Should Set \\\"Regimen substitution recommended\\\"=TrueSecond-line: substitute AZT with stavudine (d4T). 2"
        }
      }],
      "action" : [{
        "title" : "Set \"Regimen substitution recommended\"=TrueSecond-line: substitute AZT with stavudine (d4T)."
      },
      {
        "title" : "Second-line: substitute AZT with stavudine (d4T)."
      }]
    }]
  }]
}