{
  "resourceType" : "ValueSet",
  "id" : "hiv-e-de168",
  "text" : {
    "status" : "extensions",
    "div" : "<div xmlns=\"http://www.w3.org/1999/xhtml\"><ul><li>Include these codes as defined in <a href=\"CodeSystem-concept-codes.html\"><code>http://fhir.org/guides/itech-uw/who-smart-hiv-dak/CodeSystem/concept-codes</code></a><table class=\"none\"><tr><td style=\"white-space:nowrap\"><b>Code</b></td><td><b>Display</b></td><td><b>Definition</b></td></tr><tr><td><a href=\"CodeSystem-concept-codes.html#concept-codes-HIV.46E.46DE168\">HIV.E.DE168</a></td><td>HIV test type</td><td>Infant ARV prophylaxis start date - HIV test type</td></tr><tr><td><a href=\"CodeSystem-concept-codes.html#concept-codes-HIV.46E.46DE169\">HIV.E.DE169</a></td><td>Rapid diagnostic test for HIV</td><td>Infant ARV prophylaxis start date - Rapid diagnostic test for HIV</td></tr><tr><td><a href=\"CodeSystem-concept-codes.html#concept-codes-HIV.46E.46DE170\">HIV.E.DE170</a></td><td>Enzyme immunoassay for HIV</td><td>Infant ARV prophylaxis start date - Enzyme immunoassay for HIV</td></tr><tr><td><a href=\"CodeSystem-concept-codes.html#concept-codes-HIV.46E.46DE171\">HIV.E.DE171</a></td><td>Nucleic acid test for HIV</td><td>Infant ARV prophylaxis start date - Nucleic acid test for HIV</td></tr><tr><td><a href=\"CodeSystem-concept-codes.html#concept-codes-HIV.46E.46DE172\">HIV.E.DE172</a></td><td>Dual HIV/syphilis rapid diagnostic test</td><td>Infant ARV prophylaxis start date - Dual HIV/syphilis rapid diagnostic test</td></tr></table></li></ul></div>"
  },
  "url" : "http://fhir.org/guides/itech-uw/ValueSet/hiv-e-de168",
  "version" : "0.3.0",
  "name" : "InfantARVprophylaxisstartdateCodes",
  "title" : "Infant ARV prophylaxis start date Codes",
  "status" : "draft",
  "experimental" : false,
  "date" : "2024-06-06T18:10:14+00:00",
  "publisher" : "World Health Organization (WHO) ",
  "contact" : [{
    "telecom" : [{
      "system" : "url",
      "value" : "https://www.who.int"
    }]
  }],
  "description" : "Codes representing possible values for the Infant ARV prophylaxis start date element",
  "jurisdiction" : [{
    "coding" : [{
      "system" : "http://unstats.un.org/unsd/methods/m49/m49.htm",
      "code" : "001"
    }]
  }],
  "immutable" : true,
  "compose" : {
    "include" : [{
      "system" : "http://fhir.org/guides/itech-uw/who-smart-hiv-dak/CodeSystem/concept-codes",
      "concept" : [{
        "code" : "HIV.E.DE168",
        "display" : "HIV test type"
      },
      {
        "code" : "HIV.E.DE169",
        "display" : "Rapid diagnostic test for HIV"
      },
      {
        "code" : "HIV.E.DE170",
        "display" : "Enzyme immunoassay for HIV"
      },
      {
        "code" : "HIV.E.DE171",
        "display" : "Nucleic acid test for HIV"
      },
      {
        "code" : "HIV.E.DE172",
        "display" : "Dual HIV/syphilis rapid diagnostic test"
      }]
    }]
  }
}