{
  "resourceType" : "ValueSet",
  "id" : "hiv-b-de51",
  "text" : {
    "status" : "extensions",
    "div" : "<div xmlns=\"http://www.w3.org/1999/xhtml\"><ul><li>Include these codes as defined in <a href=\"CodeSystem-concept-codes.html\"><code>http://fhir.org/guides/itech-uw/who-smart-hiv-dak/CodeSystem/concept-codes</code></a><table class=\"none\"><tr><td style=\"white-space:nowrap\"><b>Code</b></td><td><b>Display</b></td><td><b>Definition</b></td></tr><tr><td><a href=\"CodeSystem-concept-codes.html#concept-codes-HIV.46B.46DE51\">HIV.B.DE51</a></td><td>Sex worker</td><td>Key population member type* - Sex worker</td></tr><tr><td><a href=\"CodeSystem-concept-codes.html#concept-codes-HIV.46B.46DE52\">HIV.B.DE52</a></td><td>Men who have sex with men</td><td>Key population member type* - Men who have sex with men</td></tr><tr><td><a href=\"CodeSystem-concept-codes.html#concept-codes-HIV.46B.46DE53\">HIV.B.DE53</a></td><td>Trans and gender-diverse people</td><td>Key population member type* - Trans and gender-diverse people</td></tr><tr><td><a href=\"CodeSystem-concept-codes.html#concept-codes-HIV.46B.46DE54\">HIV.B.DE54</a></td><td>People who inject drugs</td><td>Key population member type* - People who inject drugs</td></tr><tr><td><a href=\"CodeSystem-concept-codes.html#concept-codes-HIV.46B.46DE55\">HIV.B.DE55</a></td><td>People living in prisons and other closed settings</td><td>Key population member type* - People living in prisons and other closed settings</td></tr><tr><td><a href=\"CodeSystem-concept-codes.html#concept-codes-HIV.46E.46DE115\">HIV.E.DE115</a></td><td>Sex worker</td><td>Key population member type* - Sex worker</td></tr><tr><td><a href=\"CodeSystem-concept-codes.html#concept-codes-HIV.46E.46DE116\">HIV.E.DE116</a></td><td>People who inject drugs</td><td>Key population member type* - People who inject drugs</td></tr><tr><td><a href=\"CodeSystem-concept-codes.html#concept-codes-HIV.46E.46DE117\">HIV.E.DE117</a></td><td>Trans and gender-diverse people</td><td>Key population member type* - Trans and gender-diverse people</td></tr><tr><td><a href=\"CodeSystem-concept-codes.html#concept-codes-HIV.46E.46DE118\">HIV.E.DE118</a></td><td>People living in prisons and other closed setting</td><td>Key population member type* - People living in prisons and other closed setting</td></tr></table></li></ul></div>"
  },
  "url" : "http://fhir.org/guides/itech-uw/ValueSet/hiv-b-de51",
  "version" : "0.3.0",
  "name" : "Keypopulationmembertype*Codes",
  "title" : "Key population member type* Codes",
  "status" : "draft",
  "experimental" : false,
  "date" : "2024-04-30T19:50:03+00:00",
  "publisher" : "World Health Organization (WHO) ",
  "contact" : [{
    "telecom" : [{
      "system" : "url",
      "value" : "https://www.who.int"
    }]
  }],
  "description" : "Codes representing possible values for the Key population member type* element",
  "jurisdiction" : [{
    "coding" : [{
      "system" : "http://unstats.un.org/unsd/methods/m49/m49.htm",
      "code" : "001"
    }]
  }],
  "immutable" : true,
  "compose" : {
    "include" : [{
      "system" : "http://fhir.org/guides/itech-uw/who-smart-hiv-dak/CodeSystem/concept-codes",
      "concept" : [{
        "code" : "HIV.B.DE51",
        "display" : "Sex worker"
      },
      {
        "code" : "HIV.B.DE52",
        "display" : "Men who have sex with men"
      },
      {
        "code" : "HIV.B.DE53",
        "display" : "Trans and gender-diverse people"
      },
      {
        "code" : "HIV.B.DE54",
        "display" : "People who inject drugs"
      },
      {
        "code" : "HIV.B.DE55",
        "display" : "People living in prisons and other closed settings"
      },
      {
        "code" : "HIV.E.DE115",
        "display" : "Sex worker"
      },
      {
        "code" : "HIV.E.DE116",
        "display" : "People who inject drugs"
      },
      {
        "code" : "HIV.E.DE117",
        "display" : "Trans and gender-diverse people"
      },
      {
        "code" : "HIV.E.DE118",
        "display" : "People living in prisons and other closed setting"
      }]
    }]
  }
}