{
  "resourceType" : "ValueSet",
  "id" : "hiv-d-de669",
  "text" : {
    "status" : "extensions",
    "div" : "<div xmlns=\"http://www.w3.org/1999/xhtml\"><ul><li>Include these codes as defined in <a href=\"CodeSystem-concept-codes.html\"><code>http://fhir.org/guides/itech-uw/who-smart-hiv-dak/CodeSystem/concept-codes</code></a><table class=\"none\"><tr><td style=\"white-space:nowrap\"><b>Code</b></td><td><b>Display</b></td><td><b>Definition</b></td></tr><tr><td><a href=\"CodeSystem-concept-codes.html#concept-codes-HIV.46D.46DE669\">HIV.D.DE669</a></td><td>Negative</td><td>VIA cervical cancer screening test result - Negative</td></tr><tr><td><a href=\"CodeSystem-concept-codes.html#concept-codes-HIV.46D.46DE670\">HIV.D.DE670</a></td><td>Positive</td><td>VIA cervical cancer screening test result - Positive</td></tr><tr><td><a href=\"CodeSystem-concept-codes.html#concept-codes-HIV.46D.46DE671\">HIV.D.DE671</a></td><td>Suspected cancer</td><td>VIA cervical cancer screening test result - Suspected cancer</td></tr><tr><td><a href=\"CodeSystem-concept-codes.html#concept-codes-HIV.46D.46DE672\">HIV.D.DE672</a></td><td>Invalid</td><td>VIA cervical cancer screening test result - Invalid</td></tr></table></li></ul></div>"
  },
  "url" : "http://fhir.org/guides/itech-uw/ValueSet/hiv-d-de669",
  "version" : "0.3.0",
  "name" : "VIAcervicalcancerscreeningtestresultCodes",
  "title" : "VIA cervical cancer screening test result Codes",
  "status" : "draft",
  "experimental" : false,
  "date" : "2024-04-30T19:24:27+00:00",
  "publisher" : "World Health Organization (WHO) ",
  "contact" : [{
    "telecom" : [{
      "system" : "url",
      "value" : "https://www.who.int"
    }]
  }],
  "description" : "Codes representing possible values for the VIA cervical cancer screening test result element",
  "jurisdiction" : [{
    "coding" : [{
      "system" : "http://unstats.un.org/unsd/methods/m49/m49.htm",
      "code" : "001"
    }]
  }],
  "immutable" : true,
  "compose" : {
    "include" : [{
      "system" : "http://fhir.org/guides/itech-uw/who-smart-hiv-dak/CodeSystem/concept-codes",
      "concept" : [{
        "code" : "HIV.D.DE669",
        "display" : "Negative"
      },
      {
        "code" : "HIV.D.DE670",
        "display" : "Positive"
      },
      {
        "code" : "HIV.D.DE671",
        "display" : "Suspected cancer"
      },
      {
        "code" : "HIV.D.DE672",
        "display" : "Invalid"
      }]
    }]
  }
}