{
  "resourceType" : "ValueSet",
  "id" : "hiv-d-de84",
  "text" : {
    "status" : "extensions",
    "div" : "<div xmlns=\"http://www.w3.org/1999/xhtml\"><ul><li>Include these codes as defined in <a href=\"CodeSystem-concept-codes.html\"><code>http://fhir.org/guides/itech-uw/who-smart-hiv-dak/CodeSystem/concept-codes</code></a><table class=\"none\"><tr><td style=\"white-space:nowrap\"><b>Code</b></td><td><b>Display</b></td><td><b>Definition</b></td></tr><tr><td><a href=\"CodeSystem-concept-codes.html#concept-codes-HIV.46D.46DE84\">HIV.D.DE84</a></td><td>First-line ART regimen for adults and adolescents</td><td>Current ART regimen (first-, second-, or third-line) - First-line ART regimen for adults and adolescents</td></tr><tr><td><a href=\"CodeSystem-concept-codes.html#concept-codes-HIV.46D.46DE85\">HIV.D.DE85</a></td><td>First-line ART regimen for children</td><td>Current ART regimen (first-, second-, or third-line) - First-line ART regimen for children</td></tr><tr><td><a href=\"CodeSystem-concept-codes.html#concept-codes-HIV.46D.46DE86\">HIV.D.DE86</a></td><td>First-line ART regimen for neonates</td><td>Current ART regimen (first-, second-, or third-line) - First-line ART regimen for neonates</td></tr><tr><td><a href=\"CodeSystem-concept-codes.html#concept-codes-HIV.46D.46DE87\">HIV.D.DE87</a></td><td>Second-line ART regimen for adults and adolescents</td><td>Current ART regimen (first-, second-, or third-line) - Second-line ART regimen for adults and adolescents</td></tr><tr><td><a href=\"CodeSystem-concept-codes.html#concept-codes-HIV.46D.46DE88\">HIV.D.DE88</a></td><td>Second-line ART regimen for children</td><td>Current ART regimen (first-, second-, or third-line) - Second-line ART regimen for children</td></tr><tr><td><a href=\"CodeSystem-concept-codes.html#concept-codes-HIV.46D.46DE89\">HIV.D.DE89</a></td><td>Third-line ART regimen</td><td>Current ART regimen (first-, second-, or third-line) - Third-line ART regimen</td></tr></table></li></ul></div>"
  },
  "url" : "http://fhir.org/guides/itech-uw/ValueSet/hiv-d-de84",
  "version" : "0.3.0",
  "name" : "CurrentARTregimenfirstsecondorthirdlineCodes",
  "title" : "Current ART regimen (first-, second-, or third-line) Codes",
  "status" : "draft",
  "experimental" : false,
  "date" : "2024-04-30T19:24:27+00:00",
  "publisher" : "World Health Organization (WHO) ",
  "contact" : [{
    "telecom" : [{
      "system" : "url",
      "value" : "https://www.who.int"
    }]
  }],
  "description" : "Codes representing possible values for the Current ART regimen (first-, second-, or third-line) element",
  "jurisdiction" : [{
    "coding" : [{
      "system" : "http://unstats.un.org/unsd/methods/m49/m49.htm",
      "code" : "001"
    }]
  }],
  "immutable" : true,
  "compose" : {
    "include" : [{
      "system" : "http://fhir.org/guides/itech-uw/who-smart-hiv-dak/CodeSystem/concept-codes",
      "concept" : [{
        "code" : "HIV.D.DE84",
        "display" : "First-line ART regimen for adults and adolescents"
      },
      {
        "code" : "HIV.D.DE85",
        "display" : "First-line ART regimen for children"
      },
      {
        "code" : "HIV.D.DE86",
        "display" : "First-line ART regimen for neonates"
      },
      {
        "code" : "HIV.D.DE87",
        "display" : "Second-line ART regimen for adults and adolescents"
      },
      {
        "code" : "HIV.D.DE88",
        "display" : "Second-line ART regimen for children"
      },
      {
        "code" : "HIV.D.DE89",
        "display" : "Third-line ART regimen"
      }]
    }]
  }
}