{
  "resourceType" : "ValueSet",
  "id" : "hiv-d-de163",
  "text" : {
    "status" : "extensions",
    "div" : "<div xmlns=\"http://www.w3.org/1999/xhtml\"><ul><li>Include these codes as defined in <a href=\"CodeSystem-concept-codes.html\"><code>http://fhir.org/guides/itech-uw/who-smart-hiv-dak/CodeSystem/concept-codes</code></a><table class=\"none\"><tr><td style=\"white-space:nowrap\"><b>Code</b></td><td><b>Display</b></td><td><b>Definition</b></td></tr><tr><td><a href=\"CodeSystem-concept-codes.html#concept-codes-HIV.46D.46DE163\">HIV.D.DE163</a></td><td>Positive</td><td>HBsAg test result - Positive</td></tr><tr><td><a href=\"CodeSystem-concept-codes.html#concept-codes-HIV.46D.46DE164\">HIV.D.DE164</a></td><td>Negative</td><td>HBsAg test result - Negative</td></tr><tr><td><a href=\"CodeSystem-concept-codes.html#concept-codes-HIV.46D.46DE165\">HIV.D.DE165</a></td><td>Indeterminate</td><td>HBsAg test result - Indeterminate</td></tr><tr><td><a href=\"CodeSystem-concept-codes.html#concept-codes-HIV.46G.46DE19\">HIV.G.DE19</a></td><td>Positive</td><td>HBsAg test result - Positive</td></tr><tr><td><a href=\"CodeSystem-concept-codes.html#concept-codes-HIV.46G.46DE20\">HIV.G.DE20</a></td><td>Negative</td><td>HBsAg test result - Negative</td></tr><tr><td><a href=\"CodeSystem-concept-codes.html#concept-codes-HIV.46G.46DE21\">HIV.G.DE21</a></td><td>Indeterminate</td><td>HBsAg test result - Indeterminate</td></tr></table></li></ul></div>"
  },
  "url" : "http://fhir.org/guides/itech-uw/ValueSet/hiv-d-de163",
  "version" : "0.3.0",
  "name" : "HBsAgtestresultCodes",
  "title" : "HBsAg test result Codes",
  "status" : "draft",
  "experimental" : false,
  "date" : "2024-06-10T14:32:54+00:00",
  "publisher" : "World Health Organization (WHO) ",
  "contact" : [{
    "telecom" : [{
      "system" : "url",
      "value" : "https://www.who.int"
    }]
  }],
  "description" : "Codes representing possible values for the HBsAg test result element",
  "jurisdiction" : [{
    "coding" : [{
      "system" : "http://unstats.un.org/unsd/methods/m49/m49.htm",
      "code" : "001"
    }]
  }],
  "immutable" : true,
  "compose" : {
    "include" : [{
      "system" : "http://fhir.org/guides/itech-uw/who-smart-hiv-dak/CodeSystem/concept-codes",
      "concept" : [{
        "code" : "HIV.D.DE163",
        "display" : "Positive"
      },
      {
        "code" : "HIV.D.DE164",
        "display" : "Negative"
      },
      {
        "code" : "HIV.D.DE165",
        "display" : "Indeterminate"
      },
      {
        "code" : "HIV.G.DE19",
        "display" : "Positive"
      },
      {
        "code" : "HIV.G.DE20",
        "display" : "Negative"
      },
      {
        "code" : "HIV.G.DE21",
        "display" : "Indeterminate"
      }]
    }]
  }
}