{
  "resourceType" : "ValueSet",
  "id" : "hiv-b-de137",
  "text" : {
    "status" : "extensions",
    "div" : "<div xmlns=\"http://www.w3.org/1999/xhtml\"><ul><li>Include these codes as defined in <a href=\"CodeSystem-concept-codes.html\"><code>http://fhir.org/guides/itech-uw/who-smart-hiv-dak/CodeSystem/concept-codes</code></a><table class=\"none\"><tr><td style=\"white-space:nowrap\"><b>Code</b></td><td><b>Display</b></td><td><b>Definition</b></td></tr><tr><td><a href=\"CodeSystem-concept-codes.html#concept-codes-HIV.46B.46DE137\">HIV.B.DE137</a></td><td>HIV-positive</td><td>Partner HIV status (confirmed) - HIV-positive</td></tr><tr><td><a href=\"CodeSystem-concept-codes.html#concept-codes-HIV.46B.46DE138\">HIV.B.DE138</a></td><td>HIV-negative</td><td>Partner HIV status (confirmed) - HIV-negative</td></tr><tr><td><a href=\"CodeSystem-concept-codes.html#concept-codes-HIV.46B.46DE139\">HIV.B.DE139</a></td><td>Unknown</td><td>Partner HIV status (confirmed) - Unknown</td></tr></table></li></ul></div>"
  },
  "url" : "http://fhir.org/guides/itech-uw/ValueSet/hiv-b-de137",
  "version" : "0.3.0",
  "name" : "PartnerHIVstatusconfirmedCodes",
  "title" : "Partner HIV status (confirmed) Codes",
  "status" : "draft",
  "experimental" : false,
  "date" : "2024-06-06T18:10:14+00:00",
  "publisher" : "World Health Organization (WHO) ",
  "contact" : [{
    "telecom" : [{
      "system" : "url",
      "value" : "https://www.who.int"
    }]
  }],
  "description" : "Codes representing possible values for the Partner HIV status (confirmed) element",
  "jurisdiction" : [{
    "coding" : [{
      "system" : "http://unstats.un.org/unsd/methods/m49/m49.htm",
      "code" : "001"
    }]
  }],
  "immutable" : true,
  "compose" : {
    "include" : [{
      "system" : "http://fhir.org/guides/itech-uw/who-smart-hiv-dak/CodeSystem/concept-codes",
      "concept" : [{
        "code" : "HIV.B.DE137",
        "display" : "HIV-positive"
      },
      {
        "code" : "HIV.B.DE138",
        "display" : "HIV-negative"
      },
      {
        "code" : "HIV.B.DE139",
        "display" : "Unknown"
      }]
    }]
  }
}