{
  "resourceType" : "ValueSet",
  "id" : "hiv-d-de198",
  "text" : {
    "status" : "extensions",
    "div" : "<div xmlns=\"http://www.w3.org/1999/xhtml\"><ul><li>Include these codes as defined in <a href=\"CodeSystem-concept-codes.html\"><code>http://fhir.org/guides/itech-uw/who-smart-hiv-dak/CodeSystem/concept-codes</code></a><table class=\"none\"><tr><td style=\"white-space:nowrap\"><b>Code</b></td><td><b>Display</b></td><td><b>Definition</b></td></tr><tr><td><a href=\"CodeSystem-concept-codes.html#concept-codes-HIV.46D.46DE198\">HIV.D.DE198</a></td><td>Forgot</td><td>Reason(s) for adherence problem - Forgot</td></tr><tr><td><a href=\"CodeSystem-concept-codes.html#concept-codes-HIV.46D.46DE199\">HIV.D.DE199</a></td><td>Toxicity/side effects</td><td>Reason(s) for adherence problem - Toxicity/side effects</td></tr><tr><td><a href=\"CodeSystem-concept-codes.html#concept-codes-HIV.46D.46DE200\">HIV.D.DE200</a></td><td>Busy</td><td>Reason(s) for adherence problem - Busy</td></tr><tr><td><a href=\"CodeSystem-concept-codes.html#concept-codes-HIV.46D.46DE201\">HIV.D.DE201</a></td><td>Change of routine</td><td>Reason(s) for adherence problem - Change of routine</td></tr><tr><td><a href=\"CodeSystem-concept-codes.html#concept-codes-HIV.46D.46DE202\">HIV.D.DE202</a></td><td>Travel cost</td><td>Reason(s) for adherence problem - Travel cost</td></tr><tr><td><a href=\"CodeSystem-concept-codes.html#concept-codes-HIV.46D.46DE203\">HIV.D.DE203</a></td><td>Distance to clinic</td><td>Reason(s) for adherence problem - Distance to clinic</td></tr><tr><td><a href=\"CodeSystem-concept-codes.html#concept-codes-HIV.46D.46DE204\">HIV.D.DE204</a></td><td>Client lost/ran out of pills</td><td>Reason(s) for adherence problem - Client lost/ran out of pills</td></tr><tr><td><a href=\"CodeSystem-concept-codes.html#concept-codes-HIV.46D.46DE205\">HIV.D.DE205</a></td><td>Stock-out</td><td>Reason(s) for adherence problem - Stock-out</td></tr><tr><td><a href=\"CodeSystem-concept-codes.html#concept-codes-HIV.46D.46DE206\">HIV.D.DE206</a></td><td>Too ill</td><td>Reason(s) for adherence problem - Too ill</td></tr><tr><td><a href=\"CodeSystem-concept-codes.html#concept-codes-HIV.46D.46DE207\">HIV.D.DE207</a></td><td>Pill burden</td><td>Reason(s) for adherence problem - Pill burden</td></tr><tr><td><a href=\"CodeSystem-concept-codes.html#concept-codes-HIV.46D.46DE208\">HIV.D.DE208</a></td><td>Felt well</td><td>Reason(s) for adherence problem - Felt well</td></tr><tr><td><a href=\"CodeSystem-concept-codes.html#concept-codes-HIV.46D.46DE209\">HIV.D.DE209</a></td><td>Depression</td><td>Reason(s) for adherence problem - Depression</td></tr><tr><td><a href=\"CodeSystem-concept-codes.html#concept-codes-HIV.46D.46DE210\">HIV.D.DE210</a></td><td>Alcohol use</td><td>Reason(s) for adherence problem - Alcohol use</td></tr><tr><td><a href=\"CodeSystem-concept-codes.html#concept-codes-HIV.46D.46DE211\">HIV.D.DE211</a></td><td>Substance use</td><td>Reason(s) for adherence problem - Substance use</td></tr><tr><td><a href=\"CodeSystem-concept-codes.html#concept-codes-HIV.46D.46DE212\">HIV.D.DE212</a></td><td>Stigma/disclosure concerns</td><td>Reason(s) for adherence problem - Stigma/disclosure concerns</td></tr><tr><td><a href=\"CodeSystem-concept-codes.html#concept-codes-HIV.46D.46DE213\">HIV.D.DE213</a></td><td>Lack of food</td><td>Reason(s) for adherence problem - Lack of food</td></tr><tr><td><a href=\"CodeSystem-concept-codes.html#concept-codes-HIV.46D.46DE214\">HIV.D.DE214</a></td><td>Poor palatability</td><td>Reason(s) for adherence problem - Poor palatability</td></tr><tr><td><a href=\"CodeSystem-concept-codes.html#concept-codes-HIV.46D.46DE215\">HIV.D.DE215</a></td><td>Other reason for nonadherence</td><td>Reason(s) for adherence problem - Other reason for nonadherence</td></tr><tr><td><a href=\"CodeSystem-concept-codes.html#concept-codes-HIV.46H.46DE54\">HIV.H.DE54</a></td><td>Forgot</td><td>Reason(s) for adherence problem - Forgot</td></tr><tr><td><a href=\"CodeSystem-concept-codes.html#concept-codes-HIV.46H.46DE55\">HIV.H.DE55</a></td><td>Toxicity/side effects</td><td>Reason(s) for adherence problem - Toxicity/side effects</td></tr><tr><td><a href=\"CodeSystem-concept-codes.html#concept-codes-HIV.46H.46DE56\">HIV.H.DE56</a></td><td>Busy</td><td>Reason(s) for adherence problem - Busy</td></tr><tr><td><a href=\"CodeSystem-concept-codes.html#concept-codes-HIV.46H.46DE57\">HIV.H.DE57</a></td><td>Change of routine</td><td>Reason(s) for adherence problem - Change of routine</td></tr><tr><td><a href=\"CodeSystem-concept-codes.html#concept-codes-HIV.46H.46DE58\">HIV.H.DE58</a></td><td>Travel cost</td><td>Reason(s) for adherence problem - Travel cost</td></tr><tr><td><a href=\"CodeSystem-concept-codes.html#concept-codes-HIV.46H.46DE59\">HIV.H.DE59</a></td><td>Distance to clinic</td><td>Reason(s) for adherence problem - Distance to clinic</td></tr><tr><td><a href=\"CodeSystem-concept-codes.html#concept-codes-HIV.46H.46DE60\">HIV.H.DE60</a></td><td>Client lost/ran out of pills</td><td>Reason(s) for adherence problem - Client lost/ran out of pills</td></tr><tr><td><a href=\"CodeSystem-concept-codes.html#concept-codes-HIV.46H.46DE61\">HIV.H.DE61</a></td><td>Stock-out</td><td>Reason(s) for adherence problem - Stock-out</td></tr><tr><td><a href=\"CodeSystem-concept-codes.html#concept-codes-HIV.46H.46DE62\">HIV.H.DE62</a></td><td>Too ill</td><td>Reason(s) for adherence problem - Too ill</td></tr><tr><td><a href=\"CodeSystem-concept-codes.html#concept-codes-HIV.46H.46DE63\">HIV.H.DE63</a></td><td>Pill burden</td><td>Reason(s) for adherence problem - Pill burden</td></tr><tr><td><a href=\"CodeSystem-concept-codes.html#concept-codes-HIV.46H.46DE64\">HIV.H.DE64</a></td><td>Felt well</td><td>Reason(s) for adherence problem - Felt well</td></tr><tr><td><a href=\"CodeSystem-concept-codes.html#concept-codes-HIV.46H.46DE65\">HIV.H.DE65</a></td><td>Depression</td><td>Reason(s) for adherence problem - Depression</td></tr><tr><td><a href=\"CodeSystem-concept-codes.html#concept-codes-HIV.46H.46DE66\">HIV.H.DE66</a></td><td>Alcohol use</td><td>Reason(s) for adherence problem - Alcohol use</td></tr><tr><td><a href=\"CodeSystem-concept-codes.html#concept-codes-HIV.46H.46DE67\">HIV.H.DE67</a></td><td>Substance use</td><td>Reason(s) for adherence problem - Substance use</td></tr><tr><td><a href=\"CodeSystem-concept-codes.html#concept-codes-HIV.46H.46DE68\">HIV.H.DE68</a></td><td>Stigma/disclosure concerns</td><td>Reason(s) for adherence problem - Stigma/disclosure concerns</td></tr><tr><td><a href=\"CodeSystem-concept-codes.html#concept-codes-HIV.46H.46DE69\">HIV.H.DE69</a></td><td>Lack of food</td><td>Reason(s) for adherence problem - Lack of food</td></tr><tr><td><a href=\"CodeSystem-concept-codes.html#concept-codes-HIV.46H.46DE70\">HIV.H.DE70</a></td><td>Poor palatability</td><td>Reason(s) for adherence problem - Poor palatability</td></tr><tr><td><a href=\"CodeSystem-concept-codes.html#concept-codes-HIV.46H.46DE71\">HIV.H.DE71</a></td><td>Other</td><td>Reason(s) for adherence problem - Other</td></tr></table></li></ul></div>"
  },
  "url" : "http://fhir.org/guides/itech-uw/ValueSet/hiv-d-de198",
  "version" : "0.3.0",
  "name" : "ReasonsforadherenceproblemCodes",
  "title" : "Reason(s) for adherence problem Codes",
  "status" : "draft",
  "experimental" : false,
  "date" : "2024-06-06T18:10:14+00:00",
  "publisher" : "World Health Organization (WHO) ",
  "contact" : [{
    "telecom" : [{
      "system" : "url",
      "value" : "https://www.who.int"
    }]
  }],
  "description" : "Codes representing possible values for the Reason(s) for adherence problem element",
  "jurisdiction" : [{
    "coding" : [{
      "system" : "http://unstats.un.org/unsd/methods/m49/m49.htm",
      "code" : "001"
    }]
  }],
  "immutable" : true,
  "compose" : {
    "include" : [{
      "system" : "http://fhir.org/guides/itech-uw/who-smart-hiv-dak/CodeSystem/concept-codes",
      "concept" : [{
        "code" : "HIV.D.DE198",
        "display" : "Forgot"
      },
      {
        "code" : "HIV.D.DE199",
        "display" : "Toxicity/side effects"
      },
      {
        "code" : "HIV.D.DE200",
        "display" : "Busy"
      },
      {
        "code" : "HIV.D.DE201",
        "display" : "Change of routine"
      },
      {
        "code" : "HIV.D.DE202",
        "display" : "Travel cost"
      },
      {
        "code" : "HIV.D.DE203",
        "display" : "Distance to clinic"
      },
      {
        "code" : "HIV.D.DE204",
        "display" : "Client lost/ran out of pills"
      },
      {
        "code" : "HIV.D.DE205",
        "display" : "Stock-out"
      },
      {
        "code" : "HIV.D.DE206",
        "display" : "Too ill"
      },
      {
        "code" : "HIV.D.DE207",
        "display" : "Pill burden"
      },
      {
        "code" : "HIV.D.DE208",
        "display" : "Felt well"
      },
      {
        "code" : "HIV.D.DE209",
        "display" : "Depression"
      },
      {
        "code" : "HIV.D.DE210",
        "display" : "Alcohol use"
      },
      {
        "code" : "HIV.D.DE211",
        "display" : "Substance use"
      },
      {
        "code" : "HIV.D.DE212",
        "display" : "Stigma/disclosure concerns"
      },
      {
        "code" : "HIV.D.DE213",
        "display" : "Lack of food"
      },
      {
        "code" : "HIV.D.DE214",
        "display" : "Poor palatability"
      },
      {
        "code" : "HIV.D.DE215",
        "display" : "Other reason for nonadherence"
      },
      {
        "code" : "HIV.H.DE54",
        "display" : "Forgot"
      },
      {
        "code" : "HIV.H.DE55",
        "display" : "Toxicity/side effects"
      },
      {
        "code" : "HIV.H.DE56",
        "display" : "Busy"
      },
      {
        "code" : "HIV.H.DE57",
        "display" : "Change of routine"
      },
      {
        "code" : "HIV.H.DE58",
        "display" : "Travel cost"
      },
      {
        "code" : "HIV.H.DE59",
        "display" : "Distance to clinic"
      },
      {
        "code" : "HIV.H.DE60",
        "display" : "Client lost/ran out of pills"
      },
      {
        "code" : "HIV.H.DE61",
        "display" : "Stock-out"
      },
      {
        "code" : "HIV.H.DE62",
        "display" : "Too ill"
      },
      {
        "code" : "HIV.H.DE63",
        "display" : "Pill burden"
      },
      {
        "code" : "HIV.H.DE64",
        "display" : "Felt well"
      },
      {
        "code" : "HIV.H.DE65",
        "display" : "Depression"
      },
      {
        "code" : "HIV.H.DE66",
        "display" : "Alcohol use"
      },
      {
        "code" : "HIV.H.DE67",
        "display" : "Substance use"
      },
      {
        "code" : "HIV.H.DE68",
        "display" : "Stigma/disclosure concerns"
      },
      {
        "code" : "HIV.H.DE69",
        "display" : "Lack of food"
      },
      {
        "code" : "HIV.H.DE70",
        "display" : "Poor palatability"
      },
      {
        "code" : "HIV.H.DE71",
        "display" : "Other"
      }]
    }]
  }
}