{
  "resourceType" : "ValueSet",
  "id" : "hiv-b-de143",
  "text" : {
    "status" : "extensions",
    "div" : "<div xmlns=\"http://www.w3.org/1999/xhtml\"><ul><li>Include these codes as defined in <a href=\"CodeSystem-concept-codes.html\"><code>http://fhir.org/guides/itech-uw/who-smart-hiv-dak/CodeSystem/concept-codes</code></a><table class=\"none\"><tr><td style=\"white-space:nowrap\"><b>Code</b></td><td><b>Display</b></td><td><b>Definition</b></td></tr><tr><td><a href=\"CodeSystem-concept-codes.html#concept-codes-HIV.46B.46DE143\">HIV.B.DE143</a></td><td>HIV-positive counselling conducted</td><td>Counselling provided - HIV-positive counselling conducted</td></tr><tr><td><a href=\"CodeSystem-concept-codes.html#concept-codes-HIV.46B.46DE144\">HIV.B.DE144</a></td><td>Hepatitis B positive counselling conducted</td><td>Counselling provided - Hepatitis B positive counselling conducted</td></tr><tr><td><a href=\"CodeSystem-concept-codes.html#concept-codes-HIV.46B.46DE145\">HIV.B.DE145</a></td><td>Hepatitis C positive counselling conducted</td><td>Counselling provided - Hepatitis C positive counselling conducted</td></tr><tr><td><a href=\"CodeSystem-concept-codes.html#concept-codes-HIV.46B.46DE146\">HIV.B.DE146</a></td><td>Syphilis counselling, treatment and further testing</td><td>Counselling provided - Syphilis counselling, treatment and further testing</td></tr><tr><td><a href=\"CodeSystem-concept-codes.html#concept-codes-HIV.46B.46DE147\">HIV.B.DE147</a></td><td>Linked to enrolment in care and ART initiation</td><td>Counselling provided - Linked to enrolment in care and ART initiation</td></tr><tr><td><a href=\"CodeSystem-concept-codes.html#concept-codes-HIV.46B.46DE148\">HIV.B.DE148</a></td><td>VMMC counselling provided</td><td>Counselling provided - VMMC counselling provided</td></tr></table></li></ul></div>"
  },
  "url" : "http://fhir.org/guides/itech-uw/ValueSet/hiv-b-de143",
  "version" : "0.3.0",
  "name" : "CounsellingprovidedCodes",
  "title" : "Counselling provided Codes",
  "status" : "draft",
  "experimental" : false,
  "date" : "2024-05-15T17:51:55+00:00",
  "publisher" : "World Health Organization (WHO) ",
  "contact" : [{
    "telecom" : [{
      "system" : "url",
      "value" : "https://www.who.int"
    }]
  }],
  "description" : "Codes representing possible values for the Counselling provided element",
  "jurisdiction" : [{
    "coding" : [{
      "system" : "http://unstats.un.org/unsd/methods/m49/m49.htm",
      "code" : "001"
    }]
  }],
  "immutable" : true,
  "compose" : {
    "include" : [{
      "system" : "http://fhir.org/guides/itech-uw/who-smart-hiv-dak/CodeSystem/concept-codes",
      "concept" : [{
        "code" : "HIV.B.DE143",
        "display" : "HIV-positive counselling conducted"
      },
      {
        "code" : "HIV.B.DE144",
        "display" : "Hepatitis B positive counselling conducted"
      },
      {
        "code" : "HIV.B.DE145",
        "display" : "Hepatitis C positive counselling conducted"
      },
      {
        "code" : "HIV.B.DE146",
        "display" : "Syphilis counselling, treatment and further testing"
      },
      {
        "code" : "HIV.B.DE147",
        "display" : "Linked to enrolment in care and ART initiation"
      },
      {
        "code" : "HIV.B.DE148",
        "display" : "VMMC counselling provided"
      }]
    }]
  }
}