{
  "resourceType" : "ValueSet",
  "id" : "hiv-b-de166",
  "text" : {
    "status" : "extensions",
    "div" : "<div xmlns=\"http://www.w3.org/1999/xhtml\"><ul><li>Include these codes as defined in <a href=\"CodeSystem-concept-codes.html\"><code>http://fhir.org/guides/itech-uw/who-smart-hiv-dak/CodeSystem/concept-codes</code></a><table class=\"none\"><tr><td style=\"white-space:nowrap\"><b>Code</b></td><td><b>Display</b></td><td><b>Definition</b></td></tr><tr><td><a href=\"CodeSystem-concept-codes.html#concept-codes-HIV.46B.46DE166\">HIV.B.DE166</a></td><td>Assessment and provision of vaccinations</td><td>Offer other clinical services - Assessment and provision of vaccinations</td></tr><tr><td><a href=\"CodeSystem-concept-codes.html#concept-codes-HIV.46B.46DE167\">HIV.B.DE167</a></td><td>Hepatitis B (HBV) and hepatitis C virus (HCV) testing and treatment provided</td><td>Offer other clinical services - Hepatitis B (HBV) and hepatitis C virus (HCV) testing and treatment provided</td></tr><tr><td><a href=\"CodeSystem-concept-codes.html#concept-codes-HIV.46B.46DE168\">HIV.B.DE168</a></td><td>Co-trimoxazole chemoprophylaxis to prevent Pneumocystis carinii pneumonia provided</td><td>Offer other clinical services - Co-trimoxazole chemoprophylaxis to prevent Pneumocystis carinii pneumonia provided</td></tr><tr><td><a href=\"CodeSystem-concept-codes.html#concept-codes-HIV.46B.46DE169\">HIV.B.DE169</a></td><td>Intensified TB case finding and linkage to TB treatment provided</td><td>Offer other clinical services - Intensified TB case finding and linkage to TB treatment provided</td></tr><tr><td><a href=\"CodeSystem-concept-codes.html#concept-codes-HIV.46B.46DE170\">HIV.B.DE170</a></td><td>Provision of isoniazid preventive therapy if person does not have TB</td><td>Offer other clinical services - Provision of isoniazid preventive therapy if person does not have TB</td></tr><tr><td><a href=\"CodeSystem-concept-codes.html#concept-codes-HIV.46B.46DE171\">HIV.B.DE171</a></td><td>Malaria prevention (such as bed nets and prophylaxis), depending on epidemiology</td><td>Offer other clinical services - Malaria prevention (such as bed nets and prophylaxis), depending on epidemiology</td></tr><tr><td><a href=\"CodeSystem-concept-codes.html#concept-codes-HIV.46C.46DE158\">HIV.C.DE158</a></td><td>Assessment and provision of vaccinations</td><td>Offer other clinical services - Assessment and provision of vaccinations</td></tr><tr><td><a href=\"CodeSystem-concept-codes.html#concept-codes-HIV.46C.46DE159\">HIV.C.DE159</a></td><td>Hepatitis B virus (HBV) and hepatitis C virus (HCV) testing and treatment</td><td>Offer other clinical services - Hepatitis B virus (HBV) and hepatitis C virus (HCV) testing and treatment</td></tr><tr><td><a href=\"CodeSystem-concept-codes.html#concept-codes-HIV.46C.46DE160\">HIV.C.DE160</a></td><td>Co-trimoxazole chemoprophylaxis to prevent pneumocystis carinii pneumonia</td><td>Offer other clinical services - Co-trimoxazole chemoprophylaxis to prevent pneumocystis carinii pneumonia</td></tr><tr><td><a href=\"CodeSystem-concept-codes.html#concept-codes-HIV.46C.46DE161\">HIV.C.DE161</a></td><td>Intensified TB case finding and linkage to TB treatment</td><td>Offer other clinical services - Intensified TB case finding and linkage to TB treatment</td></tr><tr><td><a href=\"CodeSystem-concept-codes.html#concept-codes-HIV.46C.46DE162\">HIV.C.DE162</a></td><td>Provision of isoniazid preventive therapy if person does not have TB</td><td>Offer other clinical services - Provision of isoniazid preventive therapy if person does not have TB</td></tr><tr><td><a href=\"CodeSystem-concept-codes.html#concept-codes-HIV.46C.46DE163\">HIV.C.DE163</a></td><td>Malaria prevention (such as bed nets and prophylaxis), depending on epidemiology</td><td>Offer other clinical services - Malaria prevention (such as bed nets and prophylaxis), depending on epidemiology</td></tr><tr><td><a href=\"CodeSystem-concept-codes.html#concept-codes-HIV.46D.46DE754\">HIV.D.DE754</a></td><td>Assessment and provision of vaccinations</td><td>Offer other clinical services - Assessment and provision of vaccinations</td></tr><tr><td><a href=\"CodeSystem-concept-codes.html#concept-codes-HIV.46D.46DE755\">HIV.D.DE755</a></td><td>Hepatitis B (HBV) and hepatitis C virus (HCV) testing and treatment</td><td>Offer other clinical services - Hepatitis B (HBV) and hepatitis C virus (HCV) testing and treatment</td></tr><tr><td><a href=\"CodeSystem-concept-codes.html#concept-codes-HIV.46D.46DE756\">HIV.D.DE756</a></td><td>Co-trimoxazole chemoprophylaxis to prevent pneumocystis carinii pneumonia</td><td>Offer other clinical services - Co-trimoxazole chemoprophylaxis to prevent pneumocystis carinii pneumonia</td></tr><tr><td><a href=\"CodeSystem-concept-codes.html#concept-codes-HIV.46D.46DE757\">HIV.D.DE757</a></td><td>Intensified TB case finding and linkage to TB treatment</td><td>Offer other clinical services - Intensified TB case finding and linkage to TB treatment</td></tr><tr><td><a href=\"CodeSystem-concept-codes.html#concept-codes-HIV.46D.46DE758\">HIV.D.DE758</a></td><td>Provision of isoniazid preventive therapy if person does not have TB</td><td>Offer other clinical services - Provision of isoniazid preventive therapy if person does not have TB</td></tr><tr><td><a href=\"CodeSystem-concept-codes.html#concept-codes-HIV.46D.46DE759\">HIV.D.DE759</a></td><td>Malaria prevention (such as bed nets and prophylaxis), depending on epidemiology</td><td>Offer other clinical services - Malaria prevention (such as bed nets and prophylaxis), depending on epidemiology</td></tr></table></li></ul></div>"
  },
  "url" : "http://fhir.org/guides/itech-uw/ValueSet/hiv-b-de166",
  "version" : "0.3.0",
  "name" : "OfferotherclinicalservicesCodes",
  "title" : "Offer other clinical services Codes",
  "status" : "draft",
  "experimental" : false,
  "date" : "2024-04-30T19:50:03+00:00",
  "publisher" : "World Health Organization (WHO) ",
  "contact" : [{
    "telecom" : [{
      "system" : "url",
      "value" : "https://www.who.int"
    }]
  }],
  "description" : "Codes representing possible values for the Offer other clinical services element",
  "jurisdiction" : [{
    "coding" : [{
      "system" : "http://unstats.un.org/unsd/methods/m49/m49.htm",
      "code" : "001"
    }]
  }],
  "immutable" : true,
  "compose" : {
    "include" : [{
      "system" : "http://fhir.org/guides/itech-uw/who-smart-hiv-dak/CodeSystem/concept-codes",
      "concept" : [{
        "code" : "HIV.B.DE166",
        "display" : "Assessment and provision of vaccinations"
      },
      {
        "code" : "HIV.B.DE167",
        "display" : "Hepatitis B (HBV) and hepatitis C virus (HCV) testing and treatment provided"
      },
      {
        "code" : "HIV.B.DE168",
        "display" : "Co-trimoxazole chemoprophylaxis to prevent Pneumocystis carinii pneumonia provided"
      },
      {
        "code" : "HIV.B.DE169",
        "display" : "Intensified TB case finding and linkage to TB treatment provided"
      },
      {
        "code" : "HIV.B.DE170",
        "display" : "Provision of isoniazid preventive therapy if person does not have TB"
      },
      {
        "code" : "HIV.B.DE171",
        "display" : "Malaria prevention (such as bed nets and prophylaxis), depending on epidemiology"
      },
      {
        "code" : "HIV.C.DE158",
        "display" : "Assessment and provision of vaccinations"
      },
      {
        "code" : "HIV.C.DE159",
        "display" : "Hepatitis B virus (HBV) and hepatitis C virus (HCV) testing and treatment"
      },
      {
        "code" : "HIV.C.DE160",
        "display" : "Co-trimoxazole chemoprophylaxis to prevent pneumocystis carinii pneumonia"
      },
      {
        "code" : "HIV.C.DE161",
        "display" : "Intensified TB case finding and linkage to TB treatment"
      },
      {
        "code" : "HIV.C.DE162",
        "display" : "Provision of isoniazid preventive therapy if person does not have TB"
      },
      {
        "code" : "HIV.C.DE163",
        "display" : "Malaria prevention (such as bed nets and prophylaxis), depending on epidemiology"
      },
      {
        "code" : "HIV.D.DE754",
        "display" : "Assessment and provision of vaccinations"
      },
      {
        "code" : "HIV.D.DE755",
        "display" : "Hepatitis B (HBV) and hepatitis C virus (HCV) testing and treatment"
      },
      {
        "code" : "HIV.D.DE756",
        "display" : "Co-trimoxazole chemoprophylaxis to prevent pneumocystis carinii pneumonia"
      },
      {
        "code" : "HIV.D.DE757",
        "display" : "Intensified TB case finding and linkage to TB treatment"
      },
      {
        "code" : "HIV.D.DE758",
        "display" : "Provision of isoniazid preventive therapy if person does not have TB"
      },
      {
        "code" : "HIV.D.DE759",
        "display" : "Malaria prevention (such as bed nets and prophylaxis), depending on epidemiology"
      }]
    }]
  }
}