{
  "resourceType" : "ValueSet",
  "id" : "hiv-i-de3",
  "text" : {
    "status" : "extensions",
    "div" : "<div xmlns=\"http://www.w3.org/1999/xhtml\"><ul><li>Include these codes as defined in <a href=\"CodeSystem-concept-codes.html\"><code>http://fhir.org/guides/itech-uw/who-smart-hiv-dak/CodeSystem/concept-codes</code></a><table class=\"none\"><tr><td style=\"white-space:nowrap\"><b>Code</b></td><td><b>Display</b></td><td><b>Definition</b></td></tr><tr><td><a href=\"CodeSystem-concept-codes.html#concept-codes-HIV.46I.46DE3\">HIV.I.DE3</a></td><td>Hospital</td><td>Reason for referral - Hospital</td></tr><tr><td><a href=\"CodeSystem-concept-codes.html#concept-codes-HIV.46I.46DE4\">HIV.I.DE4</a></td><td>Referral for screening including diagnostics and lab testing</td><td>Reason for referral - Referral for screening including diagnostics and lab testing</td></tr><tr><td><a href=\"CodeSystem-concept-codes.html#concept-codes-HIV.46I.46DE5\">HIV.I.DE5</a></td><td>TB referral</td><td>Reason for referral - TB referral</td></tr><tr><td><a href=\"CodeSystem-concept-codes.html#concept-codes-HIV.46I.46DE6\">HIV.I.DE6</a></td><td>Antenatal care referral</td><td>Reason for referral - Antenatal care referral</td></tr><tr><td><a href=\"CodeSystem-concept-codes.html#concept-codes-HIV.46I.46DE7\">HIV.I.DE7</a></td><td>Referral for other general services</td><td>Reason for referral - Referral for other general services</td></tr></table></li></ul></div>"
  },
  "url" : "http://fhir.org/guides/itech-uw/ValueSet/hiv-i-de3",
  "version" : "0.3.0",
  "name" : "ReasonforreferralCodes",
  "title" : "Reason for referral Codes",
  "status" : "draft",
  "experimental" : false,
  "date" : "2024-04-30T19:53:06+00:00",
  "publisher" : "World Health Organization (WHO) ",
  "contact" : [{
    "telecom" : [{
      "system" : "url",
      "value" : "https://www.who.int"
    }]
  }],
  "description" : "Codes representing possible values for the Reason for referral element",
  "jurisdiction" : [{
    "coding" : [{
      "system" : "http://unstats.un.org/unsd/methods/m49/m49.htm",
      "code" : "001"
    }]
  }],
  "immutable" : true,
  "compose" : {
    "include" : [{
      "system" : "http://fhir.org/guides/itech-uw/who-smart-hiv-dak/CodeSystem/concept-codes",
      "concept" : [{
        "code" : "HIV.I.DE3",
        "display" : "Hospital"
      },
      {
        "code" : "HIV.I.DE4",
        "display" : "Referral for screening including diagnostics and lab testing"
      },
      {
        "code" : "HIV.I.DE5",
        "display" : "TB referral"
      },
      {
        "code" : "HIV.I.DE6",
        "display" : "Antenatal care referral"
      },
      {
        "code" : "HIV.I.DE7",
        "display" : "Referral for other general services"
      }]
    }]
  }
}