{
  "resourceType" : "ValueSet",
  "id" : "hiv-e-de150",
  "text" : {
    "status" : "extensions",
    "div" : "<div xmlns=\"http://www.w3.org/1999/xhtml\"><ul><li>Include these codes as defined in <a href=\"CodeSystem-concept-codes.html\"><code>http://fhir.org/guides/itech-uw/who-smart-hiv-dak/CodeSystem/concept-codes</code></a><table class=\"none\"><tr><td style=\"white-space:nowrap\"><b>Code</b></td><td><b>Display</b></td><td><b>Definition</b></td></tr><tr><td><a href=\"CodeSystem-concept-codes.html#concept-codes-HIV.46E.46DE150\">HIV.E.DE150</a></td><td>Positive</td><td>Maternal syphilis test result - Positive</td></tr><tr><td><a href=\"CodeSystem-concept-codes.html#concept-codes-HIV.46E.46DE151\">HIV.E.DE151</a></td><td>Negative</td><td>Maternal syphilis test result - Negative</td></tr><tr><td><a href=\"CodeSystem-concept-codes.html#concept-codes-HIV.46E.46DE152\">HIV.E.DE152</a></td><td>Inconclusive</td><td>Maternal syphilis test result - Inconclusive</td></tr></table></li></ul></div>"
  },
  "url" : "http://fhir.org/guides/itech-uw/ValueSet/hiv-e-de150",
  "version" : "0.3.0",
  "name" : "MaternalsyphilistestresultCodes",
  "title" : "Maternal syphilis test result Codes",
  "status" : "draft",
  "experimental" : false,
  "date" : "2024-04-30T19:50:03+00:00",
  "publisher" : "World Health Organization (WHO) ",
  "contact" : [{
    "telecom" : [{
      "system" : "url",
      "value" : "https://www.who.int"
    }]
  }],
  "description" : "Codes representing possible values for the Maternal syphilis test result element",
  "jurisdiction" : [{
    "coding" : [{
      "system" : "http://unstats.un.org/unsd/methods/m49/m49.htm",
      "code" : "001"
    }]
  }],
  "immutable" : true,
  "compose" : {
    "include" : [{
      "system" : "http://fhir.org/guides/itech-uw/who-smart-hiv-dak/CodeSystem/concept-codes",
      "concept" : [{
        "code" : "HIV.E.DE150",
        "display" : "Positive"
      },
      {
        "code" : "HIV.E.DE151",
        "display" : "Negative"
      },
      {
        "code" : "HIV.E.DE152",
        "display" : "Inconclusive"
      }]
    }]
  }
}