{
  "resourceType" : "ValueSet",
  "id" : "hiv-b-de122",
  "text" : {
    "status" : "extensions",
    "div" : "<div xmlns=\"http://www.w3.org/1999/xhtml\"><ul><li>Include these codes as defined in <a href=\"CodeSystem-concept-codes.html\"><code>http://fhir.org/guides/itech-uw/who-smart-hiv-dak/CodeSystem/concept-codes</code></a><table class=\"none\"><tr><td style=\"white-space:nowrap\"><b>Code</b></td><td><b>Display</b></td><td><b>Definition</b></td></tr><tr><td><a href=\"CodeSystem-concept-codes.html#concept-codes-HIV.46B.46DE122\">HIV.B.DE122</a></td><td>Heterosexual sex</td><td>Probable route of transmission* - Heterosexual sex</td></tr><tr><td><a href=\"CodeSystem-concept-codes.html#concept-codes-HIV.46B.46DE123\">HIV.B.DE123</a></td><td>Sex between men</td><td>Probable route of transmission* - Sex between men</td></tr><tr><td><a href=\"CodeSystem-concept-codes.html#concept-codes-HIV.46B.46DE124\">HIV.B.DE124</a></td><td>Unprotected intercourse during sex work</td><td>Probable route of transmission* - Unprotected intercourse during sex work</td></tr><tr><td><a href=\"CodeSystem-concept-codes.html#concept-codes-HIV.46B.46DE125\">HIV.B.DE125</a></td><td>Injecting drug use with unsterile equipment</td><td>Probable route of transmission* - Injecting drug use with unsterile equipment</td></tr><tr><td><a href=\"CodeSystem-concept-codes.html#concept-codes-HIV.46B.46DE126\">HIV.B.DE126</a></td><td>Nosocomial</td><td>Probable route of transmission* - Nosocomial</td></tr><tr><td><a href=\"CodeSystem-concept-codes.html#concept-codes-HIV.46B.46DE127\">HIV.B.DE127</a></td><td>Vertical</td><td>Probable route of transmission* - Vertical</td></tr><tr><td><a href=\"CodeSystem-concept-codes.html#concept-codes-HIV.46B.46DE128\">HIV.B.DE128</a></td><td>Other</td><td>Probable route of transmission* - Other</td></tr></table></li></ul></div>"
  },
  "url" : "http://fhir.org/guides/itech-uw/ValueSet/hiv-b-de122",
  "version" : "0.3.0",
  "name" : "Probablerouteoftransmission*Codes",
  "title" : "Probable route of transmission* Codes",
  "status" : "draft",
  "experimental" : false,
  "date" : "2024-04-30T19:24:27+00:00",
  "publisher" : "World Health Organization (WHO) ",
  "contact" : [{
    "telecom" : [{
      "system" : "url",
      "value" : "https://www.who.int"
    }]
  }],
  "description" : "Codes representing possible values for the Probable route of transmission* element",
  "jurisdiction" : [{
    "coding" : [{
      "system" : "http://unstats.un.org/unsd/methods/m49/m49.htm",
      "code" : "001"
    }]
  }],
  "immutable" : true,
  "compose" : {
    "include" : [{
      "system" : "http://fhir.org/guides/itech-uw/who-smart-hiv-dak/CodeSystem/concept-codes",
      "concept" : [{
        "code" : "HIV.B.DE122",
        "display" : "Heterosexual sex"
      },
      {
        "code" : "HIV.B.DE123",
        "display" : "Sex between men"
      },
      {
        "code" : "HIV.B.DE124",
        "display" : "Unprotected intercourse during sex work"
      },
      {
        "code" : "HIV.B.DE125",
        "display" : "Injecting drug use with unsterile equipment"
      },
      {
        "code" : "HIV.B.DE126",
        "display" : "Nosocomial"
      },
      {
        "code" : "HIV.B.DE127",
        "display" : "Vertical"
      },
      {
        "code" : "HIV.B.DE128",
        "display" : "Other"
      }]
    }]
  }
}