{
  "resourceType" : "ValueSet",
  "id" : "hiv-d-de419",
  "text" : {
    "status" : "extensions",
    "div" : "<div xmlns=\"http://www.w3.org/1999/xhtml\"><ul><li>Include these codes as defined in <a href=\"CodeSystem-concept-codes.html\"><code>http://fhir.org/guides/itech-uw/who-smart-hiv-dak/CodeSystem/concept-codes</code></a><table class=\"none\"><tr><td style=\"white-space:nowrap\"><b>Code</b></td><td><b>Display</b></td><td><b>Definition</b></td></tr><tr><td><a href=\"CodeSystem-concept-codes.html#concept-codes-HIV.46D.46DE419\">HIV.D.DE419</a></td><td>Toxicity/side effects</td><td>Reason for ARV drug regimen substitution - Toxicity/side effects</td></tr><tr><td><a href=\"CodeSystem-concept-codes.html#concept-codes-HIV.46D.46DE420\">HIV.D.DE420</a></td><td>Drug-drug interaction</td><td>Reason for ARV drug regimen substitution - Drug-drug interaction</td></tr><tr><td><a href=\"CodeSystem-concept-codes.html#concept-codes-HIV.46D.46DE421\">HIV.D.DE421</a></td><td>Pregnancy</td><td>Reason for ARV drug regimen substitution - Pregnancy</td></tr><tr><td><a href=\"CodeSystem-concept-codes.html#concept-codes-HIV.46D.46DE422\">HIV.D.DE422</a></td><td>New TB</td><td>Reason for ARV drug regimen substitution - New TB</td></tr><tr><td><a href=\"CodeSystem-concept-codes.html#concept-codes-HIV.46D.46DE423\">HIV.D.DE423</a></td><td>New drug available</td><td>Reason for ARV drug regimen substitution - New drug available</td></tr><tr><td><a href=\"CodeSystem-concept-codes.html#concept-codes-HIV.46D.46DE424\">HIV.D.DE424</a></td><td>Drug out of stock</td><td>Reason for ARV drug regimen substitution - Drug out of stock</td></tr><tr><td><a href=\"CodeSystem-concept-codes.html#concept-codes-HIV.46D.46DE425\">HIV.D.DE425</a></td><td>Other reason for regimen substitution</td><td>Reason for ARV drug regimen substitution - Other reason for regimen substitution</td></tr></table></li></ul></div>"
  },
  "url" : "http://fhir.org/guides/itech-uw/ValueSet/hiv-d-de419",
  "version" : "0.3.0",
  "name" : "ReasonforARVdrugregimensubstitutionCodes",
  "title" : "Reason for ARV drug regimen substitution Codes",
  "status" : "draft",
  "experimental" : false,
  "date" : "2024-06-10T14:32:54+00:00",
  "publisher" : "World Health Organization (WHO) ",
  "contact" : [{
    "telecom" : [{
      "system" : "url",
      "value" : "https://www.who.int"
    }]
  }],
  "description" : "Codes representing possible values for the Reason for ARV drug regimen substitution element",
  "jurisdiction" : [{
    "coding" : [{
      "system" : "http://unstats.un.org/unsd/methods/m49/m49.htm",
      "code" : "001"
    }]
  }],
  "immutable" : true,
  "compose" : {
    "include" : [{
      "system" : "http://fhir.org/guides/itech-uw/who-smart-hiv-dak/CodeSystem/concept-codes",
      "concept" : [{
        "code" : "HIV.D.DE419",
        "display" : "Toxicity/side effects"
      },
      {
        "code" : "HIV.D.DE420",
        "display" : "Drug-drug interaction"
      },
      {
        "code" : "HIV.D.DE421",
        "display" : "Pregnancy"
      },
      {
        "code" : "HIV.D.DE422",
        "display" : "New TB"
      },
      {
        "code" : "HIV.D.DE423",
        "display" : "New drug available"
      },
      {
        "code" : "HIV.D.DE424",
        "display" : "Drug out of stock"
      },
      {
        "code" : "HIV.D.DE425",
        "display" : "Other reason for regimen substitution"
      }]
    }]
  }
}