{
  "resourceType" : "ValueSet",
  "id" : "hiv-d-de226",
  "text" : {
    "status" : "extensions",
    "div" : "<div xmlns=\"http://www.w3.org/1999/xhtml\"><ul><li>Include these codes as defined in <a href=\"CodeSystem-concept-codes.html\"><code>http://fhir.org/guides/itech-uw/who-smart-hiv-dak/CodeSystem/concept-codes</code></a><table class=\"none\"><tr><td style=\"white-space:nowrap\"><b>Code</b></td><td><b>Display</b></td><td><b>Definition</b></td></tr><tr><td><a href=\"CodeSystem-concept-codes.html#concept-codes-HIV.46D.46DE226\">HIV.D.DE226</a></td><td>Clinical failure</td><td>Treatment failure - Clinical failure</td></tr><tr><td><a href=\"CodeSystem-concept-codes.html#concept-codes-HIV.46D.46DE227\">HIV.D.DE227</a></td><td>Immunological failure</td><td>Treatment failure - Immunological failure</td></tr><tr><td><a href=\"CodeSystem-concept-codes.html#concept-codes-HIV.46D.46DE228\">HIV.D.DE228</a></td><td>Virological failure</td><td>Treatment failure - Virological failure</td></tr></table></li></ul></div>"
  },
  "url" : "http://fhir.org/guides/itech-uw/ValueSet/hiv-d-de226",
  "version" : "0.3.0",
  "name" : "TreatmentfailureCodes",
  "title" : "Treatment failure Codes",
  "status" : "draft",
  "experimental" : false,
  "date" : "2024-06-06T18:10:14+00:00",
  "publisher" : "World Health Organization (WHO) ",
  "contact" : [{
    "telecom" : [{
      "system" : "url",
      "value" : "https://www.who.int"
    }]
  }],
  "description" : "Codes representing possible values for the Treatment failure element",
  "jurisdiction" : [{
    "coding" : [{
      "system" : "http://unstats.un.org/unsd/methods/m49/m49.htm",
      "code" : "001"
    }]
  }],
  "immutable" : true,
  "compose" : {
    "include" : [{
      "system" : "http://fhir.org/guides/itech-uw/who-smart-hiv-dak/CodeSystem/concept-codes",
      "concept" : [{
        "code" : "HIV.D.DE226",
        "display" : "Clinical failure"
      },
      {
        "code" : "HIV.D.DE227",
        "display" : "Immunological failure"
      },
      {
        "code" : "HIV.D.DE228",
        "display" : "Virological failure"
      }]
    }]
  }
}