{
  "resourceType" : "ValueSet",
  "id" : "hiv-c-de47",
  "text" : {
    "status" : "extensions",
    "div" : "<div xmlns=\"http://www.w3.org/1999/xhtml\"><ul><li>Include these codes as defined in <a href=\"CodeSystem-concept-codes.html\"><code>http://fhir.org/guides/itech-uw/who-smart-hiv-dak/CodeSystem/concept-codes</code></a><table class=\"none\"><tr><td style=\"white-space:nowrap\"><b>Code</b></td><td><b>Display</b></td><td><b>Definition</b></td></tr><tr><td><a href=\"CodeSystem-concept-codes.html#concept-codes-HIV.46C.46DE47\">HIV.C.DE47</a></td><td>Fever</td><td>Acute HIV infection symptoms - Fever</td></tr><tr><td><a href=\"CodeSystem-concept-codes.html#concept-codes-HIV.46C.46DE48\">HIV.C.DE48</a></td><td>Sore throat</td><td>Acute HIV infection symptoms - Sore throat</td></tr><tr><td><a href=\"CodeSystem-concept-codes.html#concept-codes-HIV.46C.46DE49\">HIV.C.DE49</a></td><td>Aches</td><td>Acute HIV infection symptoms - Aches</td></tr><tr><td><a href=\"CodeSystem-concept-codes.html#concept-codes-HIV.46C.46DE50\">HIV.C.DE50</a></td><td>Pains</td><td>Acute HIV infection symptoms - Pains</td></tr><tr><td><a href=\"CodeSystem-concept-codes.html#concept-codes-HIV.46C.46DE51\">HIV.C.DE51</a></td><td>Swollen glands</td><td>Acute HIV infection symptoms - Swollen glands</td></tr><tr><td><a href=\"CodeSystem-concept-codes.html#concept-codes-HIV.46C.46DE52\">HIV.C.DE52</a></td><td>Mouth sores</td><td>Acute HIV infection symptoms - Mouth sores</td></tr><tr><td><a href=\"CodeSystem-concept-codes.html#concept-codes-HIV.46C.46DE53\">HIV.C.DE53</a></td><td>Headaches</td><td>Acute HIV infection symptoms - Headaches</td></tr><tr><td><a href=\"CodeSystem-concept-codes.html#concept-codes-HIV.46C.46DE54\">HIV.C.DE54</a></td><td>Rash</td><td>Acute HIV infection symptoms - Rash</td></tr></table></li></ul></div>"
  },
  "url" : "http://fhir.org/guides/itech-uw/ValueSet/hiv-c-de47",
  "version" : "0.3.0",
  "name" : "AcuteHIVinfectionsymptomsCodes",
  "title" : "Acute HIV infection symptoms Codes",
  "status" : "draft",
  "experimental" : false,
  "date" : "2024-04-30T19:50:03+00:00",
  "publisher" : "World Health Organization (WHO) ",
  "contact" : [{
    "telecom" : [{
      "system" : "url",
      "value" : "https://www.who.int"
    }]
  }],
  "description" : "Codes representing possible values for the Acute HIV infection symptoms element",
  "jurisdiction" : [{
    "coding" : [{
      "system" : "http://unstats.un.org/unsd/methods/m49/m49.htm",
      "code" : "001"
    }]
  }],
  "immutable" : true,
  "compose" : {
    "include" : [{
      "system" : "http://fhir.org/guides/itech-uw/who-smart-hiv-dak/CodeSystem/concept-codes",
      "concept" : [{
        "code" : "HIV.C.DE47",
        "display" : "Fever"
      },
      {
        "code" : "HIV.C.DE48",
        "display" : "Sore throat"
      },
      {
        "code" : "HIV.C.DE49",
        "display" : "Aches"
      },
      {
        "code" : "HIV.C.DE50",
        "display" : "Pains"
      },
      {
        "code" : "HIV.C.DE51",
        "display" : "Swollen glands"
      },
      {
        "code" : "HIV.C.DE52",
        "display" : "Mouth sores"
      },
      {
        "code" : "HIV.C.DE53",
        "display" : "Headaches"
      },
      {
        "code" : "HIV.C.DE54",
        "display" : "Rash"
      }]
    }]
  }
}