{
  "resourceType" : "ValueSet",
  "id" : "hiv-e-de174",
  "text" : {
    "status" : "extensions",
    "div" : "<div xmlns=\"http://www.w3.org/1999/xhtml\"><ul><li>Include these codes as defined in <a href=\"CodeSystem-concept-codes.html\"><code>http://fhir.org/guides/itech-uw/who-smart-hiv-dak/CodeSystem/concept-codes</code></a><table class=\"none\"><tr><td style=\"white-space:nowrap\"><b>Code</b></td><td><b>Display</b></td><td><b>Definition</b></td></tr><tr><td><a href=\"CodeSystem-concept-codes.html#concept-codes-HIV.46E.46DE174\">HIV.E.DE174</a></td><td>12-month visit</td><td>Maternal and child health service visit - 12-month visit</td></tr><tr><td><a href=\"CodeSystem-concept-codes.html#concept-codes-HIV.46E.46DE175\">HIV.E.DE175</a></td><td>24-month visit</td><td>Maternal and child health service visit - 24-month visit</td></tr><tr><td><a href=\"CodeSystem-concept-codes.html#concept-codes-HIV.46E.46DE176\">HIV.E.DE176</a></td><td>First visit after the end of breastfeeding</td><td>Maternal and child health service visit - First visit after the end of breastfeeding</td></tr></table></li></ul></div>"
  },
  "url" : "http://fhir.org/guides/itech-uw/ValueSet/hiv-e-de174",
  "version" : "0.3.0",
  "name" : "MaternalandchildhealthservicevisitCodes",
  "title" : "Maternal and child health service visit Codes",
  "status" : "draft",
  "experimental" : false,
  "date" : "2024-04-30T19:24:27+00:00",
  "publisher" : "World Health Organization (WHO) ",
  "contact" : [{
    "telecom" : [{
      "system" : "url",
      "value" : "https://www.who.int"
    }]
  }],
  "description" : "Codes representing possible values for the Maternal and child health service visit element",
  "jurisdiction" : [{
    "coding" : [{
      "system" : "http://unstats.un.org/unsd/methods/m49/m49.htm",
      "code" : "001"
    }]
  }],
  "immutable" : true,
  "compose" : {
    "include" : [{
      "system" : "http://fhir.org/guides/itech-uw/who-smart-hiv-dak/CodeSystem/concept-codes",
      "concept" : [{
        "code" : "HIV.E.DE174",
        "display" : "12-month visit"
      },
      {
        "code" : "HIV.E.DE175",
        "display" : "24-month visit"
      },
      {
        "code" : "HIV.E.DE176",
        "display" : "First visit after the end of breastfeeding"
      }]
    }]
  }
}