{
  "resourceType" : "ValueSet",
  "id" : "hiv-d-de692",
  "text" : {
    "status" : "extensions",
    "div" : "<div xmlns=\"http://www.w3.org/1999/xhtml\"><ul><li>Include these codes as defined in <a href=\"CodeSystem-concept-codes.html\"><code>http://fhir.org/guides/itech-uw/who-smart-hiv-dak/CodeSystem/concept-codes</code></a><table class=\"none\"><tr><td style=\"white-space:nowrap\"><b>Code</b></td><td><b>Display</b></td><td><b>Definition</b></td></tr><tr><td><a href=\"CodeSystem-concept-codes.html#concept-codes-HIV.46D.46DE692\">HIV.D.DE692</a></td><td>Normal colposcopic findings</td><td>Cervical cancer colposcopy result - Normal colposcopic findings</td></tr><tr><td><a href=\"CodeSystem-concept-codes.html#concept-codes-HIV.46D.46DE693\">HIV.D.DE693</a></td><td>Abnormal colposcopic findings</td><td>Cervical cancer colposcopy result - Abnormal colposcopic findings</td></tr><tr><td><a href=\"CodeSystem-concept-codes.html#concept-codes-HIV.46D.46DE694\">HIV.D.DE694</a></td><td>Suspicious for invasive cervical cancer</td><td>Cervical cancer colposcopy result - Suspicious for invasive cervical cancer</td></tr><tr><td><a href=\"CodeSystem-concept-codes.html#concept-codes-HIV.46D.46DE695\">HIV.D.DE695</a></td><td>Miscellaneous findings</td><td>Cervical cancer colposcopy result - Miscellaneous findings</td></tr><tr><td><a href=\"CodeSystem-concept-codes.html#concept-codes-HIV.46D.46DE696\">HIV.D.DE696</a></td><td>Inadequate</td><td>Cervical cancer colposcopy result - Inadequate</td></tr></table></li></ul></div>"
  },
  "url" : "http://fhir.org/guides/itech-uw/ValueSet/hiv-d-de692",
  "version" : "0.3.0",
  "name" : "CervicalcancercolposcopyresultCodes",
  "title" : "Cervical cancer colposcopy result Codes",
  "status" : "draft",
  "experimental" : false,
  "date" : "2024-04-30T19:50:03+00:00",
  "publisher" : "World Health Organization (WHO) ",
  "contact" : [{
    "telecom" : [{
      "system" : "url",
      "value" : "https://www.who.int"
    }]
  }],
  "description" : "Codes representing possible values for the Cervical cancer colposcopy result element",
  "jurisdiction" : [{
    "coding" : [{
      "system" : "http://unstats.un.org/unsd/methods/m49/m49.htm",
      "code" : "001"
    }]
  }],
  "immutable" : true,
  "compose" : {
    "include" : [{
      "system" : "http://fhir.org/guides/itech-uw/who-smart-hiv-dak/CodeSystem/concept-codes",
      "concept" : [{
        "code" : "HIV.D.DE692",
        "display" : "Normal colposcopic findings"
      },
      {
        "code" : "HIV.D.DE693",
        "display" : "Abnormal colposcopic findings"
      },
      {
        "code" : "HIV.D.DE694",
        "display" : "Suspicious for invasive cervical cancer"
      },
      {
        "code" : "HIV.D.DE695",
        "display" : "Miscellaneous findings"
      },
      {
        "code" : "HIV.D.DE696",
        "display" : "Inadequate"
      }]
    }]
  }
}