{
  "resourceType" : "ValueSet",
  "id" : "hiv-c-de25",
  "text" : {
    "status" : "extensions",
    "div" : "<div xmlns=\"http://www.w3.org/1999/xhtml\"><ul><li>Include these codes as defined in <a href=\"CodeSystem-concept-codes.html\"><code>http://fhir.org/guides/itech-uw/who-smart-hiv-dak/CodeSystem/concept-codes</code></a><table class=\"none\"><tr><td style=\"white-space:nowrap\"><b>Code</b></td><td><b>Display</b></td><td><b>Definition</b></td></tr><tr><td><a href=\"CodeSystem-concept-codes.html#concept-codes-HIV.46C.46DE25\">HIV.C.DE25</a></td><td>First-time user</td><td>Experience with PrEP - First-time user</td></tr><tr><td><a href=\"CodeSystem-concept-codes.html#concept-codes-HIV.46C.46DE26\">HIV.C.DE26</a></td><td>Continuing user</td><td>Experience with PrEP - Continuing user</td></tr><tr><td><a href=\"CodeSystem-concept-codes.html#concept-codes-HIV.46C.46DE27\">HIV.C.DE27</a></td><td>Restarting following a period of not taking PrEP</td><td>Experience with PrEP - Restarting following a period of not taking PrEP</td></tr></table></li></ul></div>"
  },
  "url" : "http://fhir.org/guides/itech-uw/ValueSet/hiv-c-de25",
  "version" : "0.3.0",
  "name" : "ExperiencewithPrEPCodes",
  "title" : "Experience with PrEP Codes",
  "status" : "draft",
  "experimental" : false,
  "date" : "2024-04-30T19:53:06+00:00",
  "publisher" : "World Health Organization (WHO) ",
  "contact" : [{
    "telecom" : [{
      "system" : "url",
      "value" : "https://www.who.int"
    }]
  }],
  "description" : "Codes representing possible values for the Experience with PrEP element",
  "jurisdiction" : [{
    "coding" : [{
      "system" : "http://unstats.un.org/unsd/methods/m49/m49.htm",
      "code" : "001"
    }]
  }],
  "immutable" : true,
  "compose" : {
    "include" : [{
      "system" : "http://fhir.org/guides/itech-uw/who-smart-hiv-dak/CodeSystem/concept-codes",
      "concept" : [{
        "code" : "HIV.C.DE25",
        "display" : "First-time user"
      },
      {
        "code" : "HIV.C.DE26",
        "display" : "Continuing user"
      },
      {
        "code" : "HIV.C.DE27",
        "display" : "Restarting following a period of not taking PrEP"
      }]
    }]
  }
}