{
  "resourceType" : "ValueSet",
  "id" : "hiv-b-de69",
  "text" : {
    "status" : "extensions",
    "div" : "<div xmlns=\"http://www.w3.org/1999/xhtml\"><ul><li>Include these codes as defined in <a href=\"CodeSystem-concept-codes.html\"><code>http://fhir.org/guides/itech-uw/who-smart-hiv-dak/CodeSystem/concept-codes</code></a><table class=\"none\"><tr><td style=\"white-space:nowrap\"><b>Code</b></td><td><b>Display</b></td><td><b>Definition</b></td></tr><tr><td><a href=\"CodeSystem-concept-codes.html#concept-codes-HIV.46B.46DE69\">HIV.B.DE69</a></td><td>HIV-1</td><td>HIV serotype - HIV-1</td></tr><tr><td><a href=\"CodeSystem-concept-codes.html#concept-codes-HIV.46B.46DE70\">HIV.B.DE70</a></td><td>HIV-2</td><td>HIV serotype - HIV-2</td></tr></table></li></ul></div>"
  },
  "url" : "http://fhir.org/guides/itech-uw/ValueSet/hiv-b-de69",
  "version" : "0.3.0",
  "name" : "HIVserotypeCodes",
  "title" : "HIV serotype Codes",
  "status" : "draft",
  "experimental" : false,
  "date" : "2024-04-30T19:53:06+00:00",
  "publisher" : "World Health Organization (WHO) ",
  "contact" : [{
    "telecom" : [{
      "system" : "url",
      "value" : "https://www.who.int"
    }]
  }],
  "description" : "Codes representing possible values for the HIV serotype element",
  "jurisdiction" : [{
    "coding" : [{
      "system" : "http://unstats.un.org/unsd/methods/m49/m49.htm",
      "code" : "001"
    }]
  }],
  "immutable" : true,
  "compose" : {
    "include" : [{
      "system" : "http://fhir.org/guides/itech-uw/who-smart-hiv-dak/CodeSystem/concept-codes",
      "concept" : [{
        "code" : "HIV.B.DE69",
        "display" : "HIV-1"
      },
      {
        "code" : "HIV.B.DE70",
        "display" : "HIV-2"
      }]
    }]
  }
}