{
  "resourceType" : "ValueSet",
  "id" : "hiv-config-de13",
  "text" : {
    "status" : "extensions",
    "div" : "<div xmlns=\"http://www.w3.org/1999/xhtml\"><ul><li>Include these codes as defined in <a href=\"CodeSystem-concept-codes.html\"><code>http://fhir.org/guides/itech-uw/who-smart-hiv-dak/CodeSystem/concept-codes</code></a><table class=\"none\"><tr><td style=\"white-space:nowrap\"><b>Code</b></td><td><b>Display</b></td><td><b>Definition</b></td></tr><tr><td><a href=\"CodeSystem-concept-codes.html#concept-codes-HIV.46Config.46DE13\">HIV.Config.DE13</a></td><td>High HIV burden setting</td><td>HIV burden of the setting - High HIV burden setting</td></tr><tr><td><a href=\"CodeSystem-concept-codes.html#concept-codes-HIV.46Config.46DE14\">HIV.Config.DE14</a></td><td>Low HIV burden setting</td><td>HIV burden of the setting - Low HIV burden setting</td></tr></table></li></ul></div>"
  },
  "url" : "http://fhir.org/guides/itech-uw/ValueSet/hiv-config-de13",
  "version" : "0.3.0",
  "name" : "HIVburdenofthesettingCodes",
  "title" : "HIV burden of the setting Codes",
  "status" : "draft",
  "experimental" : false,
  "date" : "2024-04-30T19:24:27+00:00",
  "publisher" : "World Health Organization (WHO) ",
  "contact" : [{
    "telecom" : [{
      "system" : "url",
      "value" : "https://www.who.int"
    }]
  }],
  "description" : "Codes representing possible values for the HIV burden of the setting element",
  "jurisdiction" : [{
    "coding" : [{
      "system" : "http://unstats.un.org/unsd/methods/m49/m49.htm",
      "code" : "001"
    }]
  }],
  "immutable" : true,
  "compose" : {
    "include" : [{
      "system" : "http://fhir.org/guides/itech-uw/who-smart-hiv-dak/CodeSystem/concept-codes",
      "concept" : [{
        "code" : "HIV.Config.DE13",
        "display" : "High HIV burden setting"
      },
      {
        "code" : "HIV.Config.DE14",
        "display" : "Low HIV burden setting"
      }]
    }]
  }
}