{
  "resourceType" : "ValueSet",
  "id" : "hiv-e-de217",
  "text" : {
    "status" : "extensions",
    "div" : "<div xmlns=\"http://www.w3.org/1999/xhtml\"><ul><li>Include these codes as defined in <a href=\"CodeSystem-concept-codes.html\"><code>http://fhir.org/guides/itech-uw/who-smart-hiv-dak/CodeSystem/concept-codes</code></a><table class=\"none\"><tr><td style=\"white-space:nowrap\"><b>Code</b></td><td><b>Display</b></td><td><b>Definition</b></td></tr><tr><td><a href=\"CodeSystem-concept-codes.html#concept-codes-HIV.46E.46DE217\">HIV.E.DE217</a></td><td>Reactive</td><td>Test result of syphilis assay 1 - Reactive</td></tr><tr><td><a href=\"CodeSystem-concept-codes.html#concept-codes-HIV.46E.46DE218\">HIV.E.DE218</a></td><td>Non-reactive</td><td>Test result of syphilis assay 1 - Non-reactive</td></tr><tr><td><a href=\"CodeSystem-concept-codes.html#concept-codes-HIV.46E.46DE219\">HIV.E.DE219</a></td><td>Invalid</td><td>Test result of syphilis assay 1 - Invalid</td></tr></table></li></ul></div>"
  },
  "url" : "http://fhir.org/guides/itech-uw/ValueSet/hiv-e-de217",
  "version" : "0.3.0",
  "name" : "Testresultofsyphilisassay1Codes",
  "title" : "Test result of syphilis assay 1 Codes",
  "status" : "draft",
  "experimental" : false,
  "date" : "2024-05-15T17:51:55+00:00",
  "publisher" : "World Health Organization (WHO) ",
  "contact" : [{
    "telecom" : [{
      "system" : "url",
      "value" : "https://www.who.int"
    }]
  }],
  "description" : "Codes representing possible values for the Test result of syphilis assay 1 element",
  "jurisdiction" : [{
    "coding" : [{
      "system" : "http://unstats.un.org/unsd/methods/m49/m49.htm",
      "code" : "001"
    }]
  }],
  "immutable" : true,
  "compose" : {
    "include" : [{
      "system" : "http://fhir.org/guides/itech-uw/who-smart-hiv-dak/CodeSystem/concept-codes",
      "concept" : [{
        "code" : "HIV.E.DE217",
        "display" : "Reactive"
      },
      {
        "code" : "HIV.E.DE218",
        "display" : "Non-reactive"
      },
      {
        "code" : "HIV.E.DE219",
        "display" : "Invalid"
      }]
    }]
  }
}