{
  "resourceType" : "ValueSet",
  "id" : "hiv-d-de57",
  "text" : {
    "status" : "extensions",
    "div" : "<div xmlns=\"http://www.w3.org/1999/xhtml\"><ul><li>Include these codes as defined in <a href=\"CodeSystem-concept-codes.html\"><code>http://fhir.org/guides/itech-uw/who-smart-hiv-dak/CodeSystem/concept-codes</code></a><table class=\"none\"><tr><td style=\"white-space:nowrap\"><b>Code</b></td><td><b>Display</b></td><td><b>Definition</b></td></tr><tr><td><a href=\"CodeSystem-concept-codes.html#concept-codes-HIV.46D.46DE57\">HIV.D.DE57</a></td><td>No prior ARVs</td><td>Antiretroviral (ARV) drugs received prior to enrolment - No prior ARVs</td></tr><tr><td><a href=\"CodeSystem-concept-codes.html#concept-codes-HIV.46D.46DE58\">HIV.D.DE58</a></td><td>Received ARVs prior without records/documentation</td><td>Antiretroviral (ARV) drugs received prior to enrolment - Received ARVs prior without records/documentation</td></tr><tr><td><a href=\"CodeSystem-concept-codes.html#concept-codes-HIV.46D.46DE59\">HIV.D.DE59</a></td><td>Received ARVs during pregnancy or breastfeeding</td><td>Antiretroviral (ARV) drugs received prior to enrolment - Received ARVs during pregnancy or breastfeeding</td></tr><tr><td><a href=\"CodeSystem-concept-codes.html#concept-codes-HIV.46D.46DE60\">HIV.D.DE60</a></td><td>Received ARVs for PEP or PrEP</td><td>Antiretroviral (ARV) drugs received prior to enrolment - Received ARVs for PEP or PrEP</td></tr><tr><td><a href=\"CodeSystem-concept-codes.html#concept-codes-HIV.46D.46DE61\">HIV.D.DE61</a></td><td>ARV prophylaxis for an HIV-exposed infant</td><td>Antiretroviral (ARV) drugs received prior to enrolment - ARV prophylaxis for an HIV-exposed infant</td></tr></table></li></ul></div>"
  },
  "url" : "http://fhir.org/guides/itech-uw/ValueSet/hiv-d-de57",
  "version" : "0.3.0",
  "name" : "AntiretroviralARVdrugsreceivedpriortoenrolmentCodes",
  "title" : "Antiretroviral (ARV) drugs received prior to enrolment Codes",
  "status" : "draft",
  "experimental" : false,
  "date" : "2024-04-30T19:50:03+00:00",
  "publisher" : "World Health Organization (WHO) ",
  "contact" : [{
    "telecom" : [{
      "system" : "url",
      "value" : "https://www.who.int"
    }]
  }],
  "description" : "Codes representing possible values for the Antiretroviral (ARV) drugs received prior to enrolment element",
  "jurisdiction" : [{
    "coding" : [{
      "system" : "http://unstats.un.org/unsd/methods/m49/m49.htm",
      "code" : "001"
    }]
  }],
  "immutable" : true,
  "compose" : {
    "include" : [{
      "system" : "http://fhir.org/guides/itech-uw/who-smart-hiv-dak/CodeSystem/concept-codes",
      "concept" : [{
        "code" : "HIV.D.DE57",
        "display" : "No prior ARVs"
      },
      {
        "code" : "HIV.D.DE58",
        "display" : "Received ARVs prior without records/documentation"
      },
      {
        "code" : "HIV.D.DE59",
        "display" : "Received ARVs during pregnancy or breastfeeding"
      },
      {
        "code" : "HIV.D.DE60",
        "display" : "Received ARVs for PEP or PrEP"
      },
      {
        "code" : "HIV.D.DE61",
        "display" : "ARV prophylaxis for an HIV-exposed infant"
      }]
    }]
  }
}