{
  "resourceType" : "ValueSet",
  "id" : "hiv-prv-de12",
  "text" : {
    "status" : "extensions",
    "div" : "<div xmlns=\"http://www.w3.org/1999/xhtml\"><ul><li>Include these codes as defined in <a href=\"CodeSystem-concept-codes.html\"><code>http://fhir.org/guides/itech-uw/who-smart-hiv-dak/CodeSystem/concept-codes</code></a><table class=\"none\"><tr><td style=\"white-space:nowrap\"><b>Code</b></td><td><b>Display</b></td><td><b>Definition</b></td></tr><tr><td><a href=\"CodeSystem-concept-codes.html#concept-codes-HIV.46PRV.46DE12\">HIV.PRV.DE12</a></td><td>HIV-positive</td><td>HIV status of contact - HIV-positive</td></tr><tr><td><a href=\"CodeSystem-concept-codes.html#concept-codes-HIV.46PRV.46DE13\">HIV.PRV.DE13</a></td><td>HIV-negative</td><td>HIV status of contact - HIV-negative</td></tr><tr><td><a href=\"CodeSystem-concept-codes.html#concept-codes-HIV.46PRV.46DE14\">HIV.PRV.DE14</a></td><td>Unknown</td><td>HIV status of contact - Unknown</td></tr></table></li></ul></div>"
  },
  "url" : "http://fhir.org/guides/itech-uw/ValueSet/hiv-prv-de12",
  "version" : "0.3.0",
  "name" : "HIVstatusofcontactCodes",
  "title" : "HIV status of contact Codes",
  "status" : "draft",
  "experimental" : false,
  "date" : "2024-04-30T19:24:27+00:00",
  "publisher" : "World Health Organization (WHO) ",
  "contact" : [{
    "telecom" : [{
      "system" : "url",
      "value" : "https://www.who.int"
    }]
  }],
  "description" : "Codes representing possible values for the HIV status of contact element",
  "jurisdiction" : [{
    "coding" : [{
      "system" : "http://unstats.un.org/unsd/methods/m49/m49.htm",
      "code" : "001"
    }]
  }],
  "immutable" : true,
  "compose" : {
    "include" : [{
      "system" : "http://fhir.org/guides/itech-uw/who-smart-hiv-dak/CodeSystem/concept-codes",
      "concept" : [{
        "code" : "HIV.PRV.DE12",
        "display" : "HIV-positive"
      },
      {
        "code" : "HIV.PRV.DE13",
        "display" : "HIV-negative"
      },
      {
        "code" : "HIV.PRV.DE14",
        "display" : "Unknown"
      }]
    }]
  }
}