{
  "resourceType" : "ValueSet",
  "id" : "hiv-d-de904",
  "text" : {
    "status" : "extensions",
    "div" : "<div xmlns=\"http://www.w3.org/1999/xhtml\"><ul><li>Include these codes as defined in <a href=\"CodeSystem-concept-codes.html\"><code>http://fhir.org/guides/itech-uw/who-smart-hiv-dak/CodeSystem/concept-codes</code></a><table class=\"none\"><tr><td style=\"white-space:nowrap\"><b>Code</b></td><td><b>Display</b></td><td><b>Definition</b></td></tr><tr><td><a href=\"CodeSystem-concept-codes.html#concept-codes-HIV.46D.46DE904\">HIV.D.DE904</a></td><td>Rifampicin</td><td>Medication/drug - Rifampicin</td></tr><tr><td><a href=\"CodeSystem-concept-codes.html#concept-codes-HIV.46D.46DE905\">HIV.D.DE905</a></td><td>Halofantrine</td><td>Medication/drug - Halofantrine</td></tr><tr><td><a href=\"CodeSystem-concept-codes.html#concept-codes-HIV.46D.46DE906\">HIV.D.DE906</a></td><td>Lovastatin</td><td>Medication/drug - Lovastatin</td></tr><tr><td><a href=\"CodeSystem-concept-codes.html#concept-codes-HIV.46D.46DE907\">HIV.D.DE907</a></td><td>Simvastatin</td><td>Medication/drug - Simvastatin</td></tr><tr><td><a href=\"CodeSystem-concept-codes.html#concept-codes-HIV.46D.46DE908\">HIV.D.DE908</a></td><td>Hormonal contraception</td><td>Medication/drug - Hormonal contraception</td></tr><tr><td><a href=\"CodeSystem-concept-codes.html#concept-codes-HIV.46D.46DE909\">HIV.D.DE909</a></td><td>Metformin</td><td>Medication/drug - Metformin</td></tr><tr><td><a href=\"CodeSystem-concept-codes.html#concept-codes-HIV.46D.46DE910\">HIV.D.DE910</a></td><td>Astemizole</td><td>Medication/drug - Astemizole</td></tr><tr><td><a href=\"CodeSystem-concept-codes.html#concept-codes-HIV.46D.46DE911\">HIV.D.DE911</a></td><td>Terfenadine</td><td>Medication/drug - Terfenadine</td></tr><tr><td><a href=\"CodeSystem-concept-codes.html#concept-codes-HIV.46D.46DE912\">HIV.D.DE912</a></td><td>TDF</td><td>Medication/drug - TDF</td></tr><tr><td><a href=\"CodeSystem-concept-codes.html#concept-codes-HIV.46D.46DE913\">HIV.D.DE913</a></td><td>Simeprevir</td><td>Medication/drug - Simeprevir</td></tr><tr><td><a href=\"CodeSystem-concept-codes.html#concept-codes-HIV.46D.46DE914\">HIV.D.DE914</a></td><td>Ombitasvir + paritaprevir/ritonavir + dasabuvir</td><td>Medication/drug - Ombitasvir + paritaprevir/ritonavir + dasabuvir</td></tr><tr><td><a href=\"CodeSystem-concept-codes.html#concept-codes-HIV.46D.46DE915\">HIV.D.DE915</a></td><td>Methadone</td><td>Medication/drug - Methadone</td></tr><tr><td><a href=\"CodeSystem-concept-codes.html#concept-codes-HIV.46D.46DE916\">HIV.D.DE916</a></td><td>Buprenorphine</td><td>Medication/drug - Buprenorphine</td></tr><tr><td><a href=\"CodeSystem-concept-codes.html#concept-codes-HIV.46D.46DE917\">HIV.D.DE917</a></td><td>Dofetilide</td><td>Medication/drug - Dofetilide</td></tr><tr><td><a href=\"CodeSystem-concept-codes.html#concept-codes-HIV.46D.46DE918\">HIV.D.DE918</a></td><td>Carbamazepine</td><td>Medication/drug - Carbamazepine</td></tr><tr><td><a href=\"CodeSystem-concept-codes.html#concept-codes-HIV.46D.46DE919\">HIV.D.DE919</a></td><td>Phenobarbital</td><td>Medication/drug - Phenobarbital</td></tr><tr><td><a href=\"CodeSystem-concept-codes.html#concept-codes-HIV.46D.46DE920\">HIV.D.DE920</a></td><td>Phenytoin</td><td>Medication/drug - Phenytoin</td></tr><tr><td><a href=\"CodeSystem-concept-codes.html#concept-codes-HIV.46D.46DE921\">HIV.D.DE921</a></td><td>Polyvalent cation products containing Mg, Al, Fe, Ca and Zn</td><td>Medication/drug - Polyvalent cation products containing Mg, Al, Fe, Ca and Zn</td></tr><tr><td><a href=\"CodeSystem-concept-codes.html#concept-codes-HIV.46D.46DE922\">HIV.D.DE922</a></td><td>Amodiaquine</td><td>Medication/drug - Amodiaquine</td></tr><tr><td><a href=\"CodeSystem-concept-codes.html#concept-codes-HIV.46D.46DE923\">HIV.D.DE923</a></td><td>Cisapride</td><td>Medication/drug - Cisapride</td></tr><tr><td><a href=\"CodeSystem-concept-codes.html#concept-codes-HIV.46D.46DE924\">HIV.D.DE924</a></td><td>Ergotamine</td><td>Medication/drug - Ergotamine</td></tr><tr><td><a href=\"CodeSystem-concept-codes.html#concept-codes-HIV.46D.46DE925\">HIV.D.DE925</a></td><td>Dihydroergotamine</td><td>Medication/drug - Dihydroergotamine</td></tr><tr><td><a href=\"CodeSystem-concept-codes.html#concept-codes-HIV.46D.46DE926\">HIV.D.DE926</a></td><td>Midazolam</td><td>Medication/drug - Midazolam</td></tr><tr><td><a href=\"CodeSystem-concept-codes.html#concept-codes-HIV.46D.46DE927\">HIV.D.DE927</a></td><td>Triazolam</td><td>Medication/drug - Triazolam</td></tr><tr><td><a href=\"CodeSystem-concept-codes.html#concept-codes-HIV.46D.46DE928\">HIV.D.DE928</a></td><td>Estrogen-based hormonal contraception</td><td>Medication/drug - Estrogen-based hormonal contraception</td></tr><tr><td><a href=\"CodeSystem-concept-codes.html#concept-codes-HIV.46D.46DE929\">HIV.D.DE929</a></td><td>Ribavirin</td><td>Medication/drug - Ribavirin</td></tr><tr><td><a href=\"CodeSystem-concept-codes.html#concept-codes-HIV.46D.46DE930\">HIV.D.DE930</a></td><td>Peginterferon alfa-2a</td><td>Medication/drug - Peginterferon alfa-2a</td></tr><tr><td><a href=\"CodeSystem-concept-codes.html#concept-codes-HIV.46D.46DE931\">HIV.D.DE931</a></td><td>Other</td><td>Medication/drug - Other</td></tr></table></li></ul></div>"
  },
  "url" : "http://fhir.org/guides/itech-uw/ValueSet/hiv-d-de904",
  "version" : "0.3.0",
  "name" : "MedicationdrugCodes",
  "title" : "Medication/drug Codes",
  "status" : "draft",
  "experimental" : false,
  "date" : "2024-04-30T19:53:06+00:00",
  "publisher" : "World Health Organization (WHO) ",
  "contact" : [{
    "telecom" : [{
      "system" : "url",
      "value" : "https://www.who.int"
    }]
  }],
  "description" : "Codes representing possible values for the Medication/drug element",
  "jurisdiction" : [{
    "coding" : [{
      "system" : "http://unstats.un.org/unsd/methods/m49/m49.htm",
      "code" : "001"
    }]
  }],
  "immutable" : true,
  "compose" : {
    "include" : [{
      "system" : "http://fhir.org/guides/itech-uw/who-smart-hiv-dak/CodeSystem/concept-codes",
      "concept" : [{
        "code" : "HIV.D.DE904",
        "display" : "Rifampicin"
      },
      {
        "code" : "HIV.D.DE905",
        "display" : "Halofantrine"
      },
      {
        "code" : "HIV.D.DE906",
        "display" : "Lovastatin"
      },
      {
        "code" : "HIV.D.DE907",
        "display" : "Simvastatin"
      },
      {
        "code" : "HIV.D.DE908",
        "display" : "Hormonal contraception"
      },
      {
        "code" : "HIV.D.DE909",
        "display" : "Metformin"
      },
      {
        "code" : "HIV.D.DE910",
        "display" : "Astemizole"
      },
      {
        "code" : "HIV.D.DE911",
        "display" : "Terfenadine"
      },
      {
        "code" : "HIV.D.DE912",
        "display" : "TDF"
      },
      {
        "code" : "HIV.D.DE913",
        "display" : "Simeprevir"
      },
      {
        "code" : "HIV.D.DE914",
        "display" : "Ombitasvir + paritaprevir/ritonavir + dasabuvir"
      },
      {
        "code" : "HIV.D.DE915",
        "display" : "Methadone"
      },
      {
        "code" : "HIV.D.DE916",
        "display" : "Buprenorphine"
      },
      {
        "code" : "HIV.D.DE917",
        "display" : "Dofetilide"
      },
      {
        "code" : "HIV.D.DE918",
        "display" : "Carbamazepine"
      },
      {
        "code" : "HIV.D.DE919",
        "display" : "Phenobarbital"
      },
      {
        "code" : "HIV.D.DE920",
        "display" : "Phenytoin"
      },
      {
        "code" : "HIV.D.DE921",
        "display" : "Polyvalent cation products containing Mg, Al, Fe, Ca and Zn"
      },
      {
        "code" : "HIV.D.DE922",
        "display" : "Amodiaquine"
      },
      {
        "code" : "HIV.D.DE923",
        "display" : "Cisapride"
      },
      {
        "code" : "HIV.D.DE924",
        "display" : "Ergotamine"
      },
      {
        "code" : "HIV.D.DE925",
        "display" : "Dihydroergotamine"
      },
      {
        "code" : "HIV.D.DE926",
        "display" : "Midazolam"
      },
      {
        "code" : "HIV.D.DE927",
        "display" : "Triazolam"
      },
      {
        "code" : "HIV.D.DE928",
        "display" : "Estrogen-based hormonal contraception"
      },
      {
        "code" : "HIV.D.DE929",
        "display" : "Ribavirin"
      },
      {
        "code" : "HIV.D.DE930",
        "display" : "Peginterferon alfa-2a"
      },
      {
        "code" : "HIV.D.DE931",
        "display" : "Other"
      }]
    }]
  }
}