{
  "resourceType" : "ValueSet",
  "id" : "hiv-d-de1020",
  "text" : {
    "status" : "extensions",
    "div" : "<div xmlns=\"http://www.w3.org/1999/xhtml\"><ul><li>Include these codes as defined in <a href=\"CodeSystem-concept-codes.html\"><code>http://fhir.org/guides/itech-uw/who-smart-hiv-dak/CodeSystem/concept-codes</code></a><table class=\"none\"><tr><td style=\"white-space:nowrap\"><b>Code</b></td><td><b>Display</b></td><td><b>Definition</b></td></tr><tr><td><a href=\"CodeSystem-concept-codes.html#concept-codes-HIV.46D.46DE1020\">HIV.D.DE1020</a></td><td>Symptomatic for TB</td><td>TB status at ART start - Symptomatic for TB</td></tr><tr><td><a href=\"CodeSystem-concept-codes.html#concept-codes-HIV.46D.46DE1021\">HIV.D.DE1021</a></td><td>Diagnosed TB</td><td>TB status at ART start - Diagnosed TB</td></tr><tr><td><a href=\"CodeSystem-concept-codes.html#concept-codes-HIV.46D.46DE1022\">HIV.D.DE1022</a></td><td>None</td><td>TB status at ART start - None</td></tr></table></li></ul></div>"
  },
  "url" : "http://fhir.org/guides/itech-uw/ValueSet/hiv-d-de1020",
  "version" : "0.3.0",
  "name" : "TBstatusatARTstartCodes",
  "title" : "TB status at ART start Codes",
  "status" : "draft",
  "experimental" : false,
  "date" : "2024-06-10T14:32:54+00:00",
  "publisher" : "World Health Organization (WHO) ",
  "contact" : [{
    "telecom" : [{
      "system" : "url",
      "value" : "https://www.who.int"
    }]
  }],
  "description" : "Codes representing possible values for the TB status at ART start element",
  "jurisdiction" : [{
    "coding" : [{
      "system" : "http://unstats.un.org/unsd/methods/m49/m49.htm",
      "code" : "001"
    }]
  }],
  "immutable" : true,
  "compose" : {
    "include" : [{
      "system" : "http://fhir.org/guides/itech-uw/who-smart-hiv-dak/CodeSystem/concept-codes",
      "concept" : [{
        "code" : "HIV.D.DE1020",
        "display" : "Symptomatic for TB"
      },
      {
        "code" : "HIV.D.DE1021",
        "display" : "Diagnosed TB"
      },
      {
        "code" : "HIV.D.DE1022",
        "display" : "None"
      }]
    }]
  }
}