{
  "resourceType" : "ValueSet",
  "id" : "hiv-b-de180",
  "text" : {
    "status" : "extensions",
    "div" : "<div xmlns=\"http://www.w3.org/1999/xhtml\"><ul><li>Include these codes as defined in <a href=\"CodeSystem-concept-codes.html\"><code>http://fhir.org/guides/itech-uw/who-smart-hiv-dak/CodeSystem/concept-codes</code></a><table class=\"none\"><tr><td style=\"white-space:nowrap\"><b>Code</b></td><td><b>Display</b></td><td><b>Definition</b></td></tr><tr><td><a href=\"CodeSystem-concept-codes.html#concept-codes-HIV.46B.46DE180\">HIV.B.DE180</a></td><td>Client received treatment and/or counselling as needed</td><td>Intimate partner violence enquiry results - Client received treatment and/or counselling as needed</td></tr><tr><td><a href=\"CodeSystem-concept-codes.html#concept-codes-HIV.46B.46DE181\">HIV.B.DE181</a></td><td>Client was referred</td><td>Intimate partner violence enquiry results - Client was referred</td></tr><tr><td><a href=\"CodeSystem-concept-codes.html#concept-codes-HIV.46B.46DE182\">HIV.B.DE182</a></td><td>No action necessary</td><td>Intimate partner violence enquiry results - No action necessary</td></tr><tr><td><a href=\"CodeSystem-concept-codes.html#concept-codes-HIV.46B.46DE183\">HIV.B.DE183</a></td><td>Other IPV result</td><td>Intimate partner violence enquiry results - Other IPV result</td></tr></table></li></ul></div>"
  },
  "url" : "http://fhir.org/guides/itech-uw/ValueSet/hiv-b-de180",
  "version" : "0.3.0",
  "name" : "IntimatepartnerviolenceenquiryresultsCodes",
  "title" : "Intimate partner violence enquiry results Codes",
  "status" : "draft",
  "experimental" : false,
  "date" : "2024-04-30T19:24:27+00:00",
  "publisher" : "World Health Organization (WHO) ",
  "contact" : [{
    "telecom" : [{
      "system" : "url",
      "value" : "https://www.who.int"
    }]
  }],
  "description" : "Codes representing possible values for the Intimate partner violence enquiry results element",
  "jurisdiction" : [{
    "coding" : [{
      "system" : "http://unstats.un.org/unsd/methods/m49/m49.htm",
      "code" : "001"
    }]
  }],
  "immutable" : true,
  "compose" : {
    "include" : [{
      "system" : "http://fhir.org/guides/itech-uw/who-smart-hiv-dak/CodeSystem/concept-codes",
      "concept" : [{
        "code" : "HIV.B.DE180",
        "display" : "Client received treatment and/or counselling as needed"
      },
      {
        "code" : "HIV.B.DE181",
        "display" : "Client was referred"
      },
      {
        "code" : "HIV.B.DE182",
        "display" : "No action necessary"
      },
      {
        "code" : "HIV.B.DE183",
        "display" : "Other IPV result"
      }]
    }]
  }
}