{
  "resourceType" : "ValueSet",
  "id" : "hiv-b-de82",
  "text" : {
    "status" : "extensions",
    "div" : "<div xmlns=\"http://www.w3.org/1999/xhtml\"><ul><li>Include these codes as defined in <a href=\"CodeSystem-concept-codes.html\"><code>http://fhir.org/guides/itech-uw/who-smart-hiv-dak/CodeSystem/concept-codes</code></a><table class=\"none\"><tr><td style=\"white-space:nowrap\"><b>Code</b></td><td><b>Display</b></td><td><b>Definition</b></td></tr><tr><td><a href=\"CodeSystem-concept-codes.html#concept-codes-HIV.46B.46DE82\">HIV.B.DE82</a></td><td>Rapid diagnostic test for HIV</td><td>HIV test type - Rapid diagnostic test for HIV</td></tr><tr><td><a href=\"CodeSystem-concept-codes.html#concept-codes-HIV.46B.46DE83\">HIV.B.DE83</a></td><td>Enzyme immunoassay for HIV</td><td>HIV test type - Enzyme immunoassay for HIV</td></tr><tr><td><a href=\"CodeSystem-concept-codes.html#concept-codes-HIV.46B.46DE84\">HIV.B.DE84</a></td><td>Nucleic acid test for HIV</td><td>HIV test type - Nucleic acid test for HIV</td></tr><tr><td><a href=\"CodeSystem-concept-codes.html#concept-codes-HIV.46B.46DE85\">HIV.B.DE85</a></td><td>Dual HIV/syphilis rapid diagnostic test</td><td>HIV test type - Dual HIV/syphilis rapid diagnostic test</td></tr><tr><td><a href=\"CodeSystem-concept-codes.html#concept-codes-HIV.46B.46DE86\">HIV.B.DE86</a></td><td>HIV self-test</td><td>HIV test type - HIV self-test</td></tr></table></li></ul></div>"
  },
  "url" : "http://fhir.org/guides/itech-uw/ValueSet/hiv-b-de82",
  "version" : "0.3.0",
  "name" : "HIVtesttypeCodes",
  "title" : "HIV test type Codes",
  "status" : "draft",
  "experimental" : false,
  "date" : "2024-06-06T18:10:14+00:00",
  "publisher" : "World Health Organization (WHO) ",
  "contact" : [{
    "telecom" : [{
      "system" : "url",
      "value" : "https://www.who.int"
    }]
  }],
  "description" : "Codes representing possible values for the HIV test type element",
  "jurisdiction" : [{
    "coding" : [{
      "system" : "http://unstats.un.org/unsd/methods/m49/m49.htm",
      "code" : "001"
    }]
  }],
  "immutable" : true,
  "compose" : {
    "include" : [{
      "system" : "http://fhir.org/guides/itech-uw/who-smart-hiv-dak/CodeSystem/concept-codes",
      "concept" : [{
        "code" : "HIV.B.DE82",
        "display" : "Rapid diagnostic test for HIV"
      },
      {
        "code" : "HIV.B.DE83",
        "display" : "Enzyme immunoassay for HIV"
      },
      {
        "code" : "HIV.B.DE84",
        "display" : "Nucleic acid test for HIV"
      },
      {
        "code" : "HIV.B.DE85",
        "display" : "Dual HIV/syphilis rapid diagnostic test"
      },
      {
        "code" : "HIV.B.DE86",
        "display" : "HIV self-test"
      }]
    }]
  }
}