{
  "resourceType" : "ValueSet",
  "id" : "hiv-e-de48",
  "text" : {
    "status" : "extensions",
    "div" : "<div xmlns=\"http://www.w3.org/1999/xhtml\"><ul><li>Include these codes as defined in <a href=\"CodeSystem-concept-codes.html\"><code>http://fhir.org/guides/itech-uw/who-smart-hiv-dak/CodeSystem/concept-codes</code></a><table class=\"none\"><tr><td style=\"white-space:nowrap\"><b>Code</b></td><td><b>Display</b></td><td><b>Definition</b></td></tr><tr><td><a href=\"CodeSystem-concept-codes.html#concept-codes-HIV.46E.46DE48\">HIV.E.DE48</a></td><td>Live birth</td><td>Pregnancy outcome - Live birth</td></tr><tr><td><a href=\"CodeSystem-concept-codes.html#concept-codes-HIV.46E.46DE49\">HIV.E.DE49</a></td><td>Early fetal loss/miscarriage</td><td>Pregnancy outcome - Early fetal loss/miscarriage</td></tr><tr><td><a href=\"CodeSystem-concept-codes.html#concept-codes-HIV.46E.46DE50\">HIV.E.DE50</a></td><td>Induced abortion</td><td>Pregnancy outcome - Induced abortion</td></tr><tr><td><a href=\"CodeSystem-concept-codes.html#concept-codes-HIV.46E.46DE51\">HIV.E.DE51</a></td><td>Stillbirth</td><td>Pregnancy outcome - Stillbirth</td></tr></table></li></ul></div>"
  },
  "url" : "http://fhir.org/guides/itech-uw/ValueSet/hiv-e-de48",
  "version" : "0.3.0",
  "name" : "PregnancyoutcomeCodes",
  "title" : "Pregnancy outcome Codes",
  "status" : "draft",
  "experimental" : false,
  "date" : "2024-04-30T19:24:27+00:00",
  "publisher" : "World Health Organization (WHO) ",
  "contact" : [{
    "telecom" : [{
      "system" : "url",
      "value" : "https://www.who.int"
    }]
  }],
  "description" : "Codes representing possible values for the Pregnancy outcome element",
  "jurisdiction" : [{
    "coding" : [{
      "system" : "http://unstats.un.org/unsd/methods/m49/m49.htm",
      "code" : "001"
    }]
  }],
  "immutable" : true,
  "compose" : {
    "include" : [{
      "system" : "http://fhir.org/guides/itech-uw/who-smart-hiv-dak/CodeSystem/concept-codes",
      "concept" : [{
        "code" : "HIV.E.DE48",
        "display" : "Live birth"
      },
      {
        "code" : "HIV.E.DE49",
        "display" : "Early fetal loss/miscarriage"
      },
      {
        "code" : "HIV.E.DE50",
        "display" : "Induced abortion"
      },
      {
        "code" : "HIV.E.DE51",
        "display" : "Stillbirth"
      }]
    }]
  }
}