{
  "resourceType" : "ValueSet",
  "id" : "hiv-d-de594",
  "text" : {
    "status" : "extensions",
    "div" : "<div xmlns=\"http://www.w3.org/1999/xhtml\"><ul><li>Include these codes as defined in <a href=\"CodeSystem-concept-codes.html\"><code>http://fhir.org/guides/itech-uw/who-smart-hiv-dak/CodeSystem/concept-codes</code></a><table class=\"none\"><tr><td style=\"white-space:nowrap\"><b>Code</b></td><td><b>Display</b></td><td><b>Definition</b></td></tr><tr><td><a href=\"CodeSystem-concept-codes.html#concept-codes-HIV.46D.46DE594\">HIV.D.DE594</a></td><td>Currently taking</td><td>Medication status - Currently taking</td></tr><tr><td><a href=\"CodeSystem-concept-codes.html#concept-codes-HIV.46D.46DE595\">HIV.D.DE595</a></td><td>Completed</td><td>Medication status - Completed</td></tr><tr><td><a href=\"CodeSystem-concept-codes.html#concept-codes-HIV.46D.46DE596\">HIV.D.DE596</a></td><td>Entered in error</td><td>Medication status - Entered in error</td></tr><tr><td><a href=\"CodeSystem-concept-codes.html#concept-codes-HIV.46D.46DE597\">HIV.D.DE597</a></td><td>Intended</td><td>Medication status - Intended</td></tr><tr><td><a href=\"CodeSystem-concept-codes.html#concept-codes-HIV.46D.46DE598\">HIV.D.DE598</a></td><td>Stopped</td><td>Medication status - Stopped</td></tr><tr><td><a href=\"CodeSystem-concept-codes.html#concept-codes-HIV.46D.46DE599\">HIV.D.DE599</a></td><td>On hold</td><td>Medication status - On hold</td></tr><tr><td><a href=\"CodeSystem-concept-codes.html#concept-codes-HIV.46D.46DE600\">HIV.D.DE600</a></td><td>Unknown</td><td>Medication status - Unknown</td></tr><tr><td><a href=\"CodeSystem-concept-codes.html#concept-codes-HIV.46D.46DE601\">HIV.D.DE601</a></td><td>Did not take</td><td>Medication status - Did not take</td></tr></table></li></ul></div>"
  },
  "url" : "http://fhir.org/guides/itech-uw/ValueSet/hiv-d-de594",
  "version" : "0.3.0",
  "name" : "MedicationstatusCodes",
  "title" : "Medication status Codes",
  "status" : "draft",
  "experimental" : false,
  "date" : "2024-04-30T19:50:03+00:00",
  "publisher" : "World Health Organization (WHO) ",
  "contact" : [{
    "telecom" : [{
      "system" : "url",
      "value" : "https://www.who.int"
    }]
  }],
  "description" : "Codes representing possible values for the Medication status element",
  "jurisdiction" : [{
    "coding" : [{
      "system" : "http://unstats.un.org/unsd/methods/m49/m49.htm",
      "code" : "001"
    }]
  }],
  "immutable" : true,
  "compose" : {
    "include" : [{
      "system" : "http://fhir.org/guides/itech-uw/who-smart-hiv-dak/CodeSystem/concept-codes",
      "concept" : [{
        "code" : "HIV.D.DE594",
        "display" : "Currently taking"
      },
      {
        "code" : "HIV.D.DE595",
        "display" : "Completed"
      },
      {
        "code" : "HIV.D.DE596",
        "display" : "Entered in error"
      },
      {
        "code" : "HIV.D.DE597",
        "display" : "Intended"
      },
      {
        "code" : "HIV.D.DE598",
        "display" : "Stopped"
      },
      {
        "code" : "HIV.D.DE599",
        "display" : "On hold"
      },
      {
        "code" : "HIV.D.DE600",
        "display" : "Unknown"
      },
      {
        "code" : "HIV.D.DE601",
        "display" : "Did not take"
      }]
    }]
  }
}