{
  "resourceType" : "ValueSet",
  "id" : "hiv-d-de957",
  "text" : {
    "status" : "extensions",
    "div" : "<div xmlns=\"http://www.w3.org/1999/xhtml\"><ul><li>Include these codes as defined in <a href=\"CodeSystem-concept-codes.html\"><code>http://fhir.org/guides/itech-uw/who-smart-hiv-dak/CodeSystem/concept-codes</code></a><table class=\"none\"><tr><td style=\"white-space:nowrap\"><b>Code</b></td><td><b>Display</b></td><td><b>Definition</b></td></tr><tr><td><a href=\"CodeSystem-concept-codes.html#concept-codes-HIV.46D.46DE957\">HIV.D.DE957</a></td><td>Screening with cough</td><td>TB screening algorithm - Screening with cough</td></tr><tr><td><a href=\"CodeSystem-concept-codes.html#concept-codes-HIV.46D.46DE958\">HIV.D.DE958</a></td><td>Screening with any TB symptom</td><td>TB screening algorithm - Screening with any TB symptom</td></tr><tr><td><a href=\"CodeSystem-concept-codes.html#concept-codes-HIV.46D.46DE959\">HIV.D.DE959</a></td><td>W4SS single screening algorithm</td><td>TB screening algorithm - W4SS single screening algorithm</td></tr><tr><td><a href=\"CodeSystem-concept-codes.html#concept-codes-HIV.46D.46DE960\">HIV.D.DE960</a></td><td>CRP single screening algorithm</td><td>TB screening algorithm - CRP single screening algorithm</td></tr><tr><td><a href=\"CodeSystem-concept-codes.html#concept-codes-HIV.46D.46DE961\">HIV.D.DE961</a></td><td>CXR single screening algorithm</td><td>TB screening algorithm - CXR single screening algorithm</td></tr><tr><td><a href=\"CodeSystem-concept-codes.html#concept-codes-HIV.46D.46DE962\">HIV.D.DE962</a></td><td>Parallel screening algorithm with W4SS and CRP</td><td>TB screening algorithm - Parallel screening algorithm with W4SS and CRP</td></tr><tr><td><a href=\"CodeSystem-concept-codes.html#concept-codes-HIV.46D.46DE963\">HIV.D.DE963</a></td><td>Sequential positive screening algorithm with W4SS and CRP</td><td>TB screening algorithm - Sequential positive screening algorithm with W4SS and CRP</td></tr><tr><td><a href=\"CodeSystem-concept-codes.html#concept-codes-HIV.46D.46DE964\">HIV.D.DE964</a></td><td>Sequential negative screening algorithm with W4SS and CRP</td><td>TB screening algorithm - Sequential negative screening algorithm with W4SS and CRP</td></tr><tr><td><a href=\"CodeSystem-concept-codes.html#concept-codes-HIV.46D.46DE965\">HIV.D.DE965</a></td><td>Parallel screening algorithm with W4SS and CXR</td><td>TB screening algorithm - Parallel screening algorithm with W4SS and CXR</td></tr><tr><td><a href=\"CodeSystem-concept-codes.html#concept-codes-HIV.46D.46DE966\">HIV.D.DE966</a></td><td>Sequential positive screening algorithm with W4SS and CXR</td><td>TB screening algorithm - Sequential positive screening algorithm with W4SS and CXR</td></tr><tr><td><a href=\"CodeSystem-concept-codes.html#concept-codes-HIV.46D.46DE967\">HIV.D.DE967</a></td><td>Sequential negative screening algorithm with W4SS and CXR</td><td>TB screening algorithm - Sequential negative screening algorithm with W4SS and CXR</td></tr><tr><td><a href=\"CodeSystem-concept-codes.html#concept-codes-HIV.46D.46DE968\">HIV.D.DE968</a></td><td>Screening with mWRD</td><td>TB screening algorithm - Screening with mWRD</td></tr><tr><td><a href=\"CodeSystem-concept-codes.html#concept-codes-HIV.46D.46DE969\">HIV.D.DE969</a></td><td>Clinical assessment</td><td>TB screening algorithm - Clinical assessment</td></tr><tr><td><a href=\"CodeSystem-concept-codes.html#concept-codes-HIV.46D.46DE970\">HIV.D.DE970</a></td><td>Other TB screening algorithm</td><td>TB screening algorithm - Other TB screening algorithm</td></tr></table></li></ul></div>"
  },
  "url" : "http://fhir.org/guides/itech-uw/ValueSet/hiv-d-de957",
  "version" : "0.3.0",
  "name" : "TBscreeningalgorithmCodes",
  "title" : "TB screening algorithm Codes",
  "status" : "draft",
  "experimental" : false,
  "date" : "2024-04-30T19:53:06+00:00",
  "publisher" : "World Health Organization (WHO) ",
  "contact" : [{
    "telecom" : [{
      "system" : "url",
      "value" : "https://www.who.int"
    }]
  }],
  "description" : "Codes representing possible values for the TB screening algorithm element",
  "jurisdiction" : [{
    "coding" : [{
      "system" : "http://unstats.un.org/unsd/methods/m49/m49.htm",
      "code" : "001"
    }]
  }],
  "immutable" : true,
  "compose" : {
    "include" : [{
      "system" : "http://fhir.org/guides/itech-uw/who-smart-hiv-dak/CodeSystem/concept-codes",
      "concept" : [{
        "code" : "HIV.D.DE957",
        "display" : "Screening with cough"
      },
      {
        "code" : "HIV.D.DE958",
        "display" : "Screening with any TB symptom"
      },
      {
        "code" : "HIV.D.DE959",
        "display" : "W4SS single screening algorithm"
      },
      {
        "code" : "HIV.D.DE960",
        "display" : "CRP single screening algorithm"
      },
      {
        "code" : "HIV.D.DE961",
        "display" : "CXR single screening algorithm"
      },
      {
        "code" : "HIV.D.DE962",
        "display" : "Parallel screening algorithm with W4SS and CRP"
      },
      {
        "code" : "HIV.D.DE963",
        "display" : "Sequential positive screening algorithm with W4SS and CRP"
      },
      {
        "code" : "HIV.D.DE964",
        "display" : "Sequential negative screening algorithm with W4SS and CRP"
      },
      {
        "code" : "HIV.D.DE965",
        "display" : "Parallel screening algorithm with W4SS and CXR"
      },
      {
        "code" : "HIV.D.DE966",
        "display" : "Sequential positive screening algorithm with W4SS and CXR"
      },
      {
        "code" : "HIV.D.DE967",
        "display" : "Sequential negative screening algorithm with W4SS and CXR"
      },
      {
        "code" : "HIV.D.DE968",
        "display" : "Screening with mWRD"
      },
      {
        "code" : "HIV.D.DE969",
        "display" : "Clinical assessment"
      },
      {
        "code" : "HIV.D.DE970",
        "display" : "Other TB screening algorithm"
      }]
    }]
  }
}