{
  "resourceType" : "ValueSet",
  "id" : "hiv-b-de6",
  "text" : {
    "status" : "extensions",
    "div" : "<div xmlns=\"http://www.w3.org/1999/xhtml\"><ul><li>Include these codes as defined in <a href=\"CodeSystem-concept-codes.html\"><code>http://fhir.org/guides/itech-uw/who-smart-hiv-dak/CodeSystem/concept-codes</code></a><table class=\"none\"><tr><td style=\"white-space:nowrap\"><b>Code</b></td><td><b>Display</b></td><td><b>Definition</b></td></tr><tr><td><a href=\"CodeSystem-concept-codes.html#concept-codes-HIV.46B.46DE6\">HIV.B.DE6</a></td><td>Partner or contact of an index case</td><td>Referred through partner services - Partner or contact of an index case</td></tr><tr><td><a href=\"CodeSystem-concept-codes.html#concept-codes-HIV.46B.46DE7\">HIV.B.DE7</a></td><td>Partner or contact of an HIV testing client (non-index case)</td><td>Referred through partner services - Partner or contact of an HIV testing client (non-index case)</td></tr></table></li></ul></div>"
  },
  "url" : "http://fhir.org/guides/itech-uw/ValueSet/hiv-b-de6",
  "version" : "0.3.0",
  "name" : "ReferredthroughpartnerservicesCodes",
  "title" : "Referred through partner services Codes",
  "status" : "draft",
  "experimental" : false,
  "date" : "2024-05-15T17:51:55+00:00",
  "publisher" : "World Health Organization (WHO) ",
  "contact" : [{
    "telecom" : [{
      "system" : "url",
      "value" : "https://www.who.int"
    }]
  }],
  "description" : "Codes representing possible values for the Referred through partner services element",
  "jurisdiction" : [{
    "coding" : [{
      "system" : "http://unstats.un.org/unsd/methods/m49/m49.htm",
      "code" : "001"
    }]
  }],
  "immutable" : true,
  "compose" : {
    "include" : [{
      "system" : "http://fhir.org/guides/itech-uw/who-smart-hiv-dak/CodeSystem/concept-codes",
      "concept" : [{
        "code" : "HIV.B.DE6",
        "display" : "Partner or contact of an index case"
      },
      {
        "code" : "HIV.B.DE7",
        "display" : "Partner or contact of an HIV testing client (non-index case)"
      }]
    }]
  }
}