{
  "resourceType" : "ValueSet",
  "id" : "hiv-e-de53",
  "text" : {
    "status" : "extensions",
    "div" : "<div xmlns=\"http://www.w3.org/1999/xhtml\"><ul><li>Include these codes as defined in <a href=\"CodeSystem-concept-codes.html\"><code>http://fhir.org/guides/itech-uw/who-smart-hiv-dak/CodeSystem/concept-codes</code></a><table class=\"none\"><tr><td style=\"white-space:nowrap\"><b>Code</b></td><td><b>Display</b></td><td><b>Definition</b></td></tr><tr><td><a href=\"CodeSystem-concept-codes.html#concept-codes-HIV.46E.46DE53\">HIV.E.DE53</a></td><td>Spontaneous vaginal delivery</td><td>Delivery mode - Spontaneous vaginal delivery</td></tr><tr><td><a href=\"CodeSystem-concept-codes.html#concept-codes-HIV.46E.46DE54\">HIV.E.DE54</a></td><td>Assisted vaginal delivery</td><td>Delivery mode - Assisted vaginal delivery</td></tr><tr><td><a href=\"CodeSystem-concept-codes.html#concept-codes-HIV.46E.46DE55\">HIV.E.DE55</a></td><td>Caesarian section (C/S, operative delivery)</td><td>Delivery mode - Caesarian section (C/S, operative delivery)</td></tr></table></li></ul></div>"
  },
  "url" : "http://fhir.org/guides/itech-uw/ValueSet/hiv-e-de53",
  "version" : "0.3.0",
  "name" : "DeliverymodeCodes",
  "title" : "Delivery mode Codes",
  "status" : "draft",
  "experimental" : false,
  "date" : "2024-06-10T14:32:54+00:00",
  "publisher" : "World Health Organization (WHO) ",
  "contact" : [{
    "telecom" : [{
      "system" : "url",
      "value" : "https://www.who.int"
    }]
  }],
  "description" : "Codes representing possible values for the Delivery mode element",
  "jurisdiction" : [{
    "coding" : [{
      "system" : "http://unstats.un.org/unsd/methods/m49/m49.htm",
      "code" : "001"
    }]
  }],
  "immutable" : true,
  "compose" : {
    "include" : [{
      "system" : "http://fhir.org/guides/itech-uw/who-smart-hiv-dak/CodeSystem/concept-codes",
      "concept" : [{
        "code" : "HIV.E.DE53",
        "display" : "Spontaneous vaginal delivery"
      },
      {
        "code" : "HIV.E.DE54",
        "display" : "Assisted vaginal delivery"
      },
      {
        "code" : "HIV.E.DE55",
        "display" : "Caesarian section (C/S, operative delivery)"
      }]
    }]
  }
}