{
  "resourceType" : "ValueSet",
  "id" : "hiv-d-de218",
  "text" : {
    "status" : "extensions",
    "div" : "<div xmlns=\"http://www.w3.org/1999/xhtml\"><ul><li>Include these codes as defined in <a href=\"CodeSystem-concept-codes.html\"><code>http://fhir.org/guides/itech-uw/who-smart-hiv-dak/CodeSystem/concept-codes</code></a><table class=\"none\"><tr><td style=\"white-space:nowrap\"><b>Code</b></td><td><b>Display</b></td><td><b>Definition</b></td></tr><tr><td><a href=\"CodeSystem-concept-codes.html#concept-codes-HIV.46D.46DE218\">HIV.D.DE218</a></td><td>Toxicity/side effects</td><td>Reason ART stopped - Toxicity/side effects</td></tr><tr><td><a href=\"CodeSystem-concept-codes.html#concept-codes-HIV.46D.46DE219\">HIV.D.DE219</a></td><td>Severe illness, hospitalization</td><td>Reason ART stopped - Severe illness, hospitalization</td></tr><tr><td><a href=\"CodeSystem-concept-codes.html#concept-codes-HIV.46D.46DE220\">HIV.D.DE220</a></td><td>Drugs out of stock</td><td>Reason ART stopped - Drugs out of stock</td></tr><tr><td><a href=\"CodeSystem-concept-codes.html#concept-codes-HIV.46D.46DE221\">HIV.D.DE221</a></td><td>Client lacks finances</td><td>Reason ART stopped - Client lacks finances</td></tr><tr><td><a href=\"CodeSystem-concept-codes.html#concept-codes-HIV.46D.46DE222\">HIV.D.DE222</a></td><td>Excluded HIV infection in infant</td><td>Reason ART stopped - Excluded HIV infection in infant</td></tr><tr><td><a href=\"CodeSystem-concept-codes.html#concept-codes-HIV.46D.46DE223\">HIV.D.DE223</a></td><td>Other reason for stopping ART</td><td>Reason ART stopped - Other reason for stopping ART</td></tr><tr><td><a href=\"CodeSystem-concept-codes.html#concept-codes-HIV.46H.46DE75\">HIV.H.DE75</a></td><td>Toxicity/side effects</td><td>Reason ART stopped - Toxicity/side effects</td></tr><tr><td><a href=\"CodeSystem-concept-codes.html#concept-codes-HIV.46H.46DE76\">HIV.H.DE76</a></td><td>Severe illness, hospitalization</td><td>Reason ART stopped - Severe illness, hospitalization</td></tr><tr><td><a href=\"CodeSystem-concept-codes.html#concept-codes-HIV.46H.46DE77\">HIV.H.DE77</a></td><td>Drugs out of stock</td><td>Reason ART stopped - Drugs out of stock</td></tr><tr><td><a href=\"CodeSystem-concept-codes.html#concept-codes-HIV.46H.46DE78\">HIV.H.DE78</a></td><td>Client lacks finances</td><td>Reason ART stopped - Client lacks finances</td></tr><tr><td><a href=\"CodeSystem-concept-codes.html#concept-codes-HIV.46H.46DE79\">HIV.H.DE79</a></td><td>Excluded HIV infection in infant</td><td>Reason ART stopped - Excluded HIV infection in infant</td></tr><tr><td><a href=\"CodeSystem-concept-codes.html#concept-codes-HIV.46H.46DE80\">HIV.H.DE80</a></td><td>Other reason for stopping ART</td><td>Reason ART stopped - Other reason for stopping ART</td></tr></table></li></ul></div>"
  },
  "url" : "http://fhir.org/guides/itech-uw/ValueSet/hiv-d-de218",
  "version" : "0.3.0",
  "name" : "ReasonARTstoppedCodes",
  "title" : "Reason ART stopped Codes",
  "status" : "draft",
  "experimental" : false,
  "date" : "2024-04-30T19:24:27+00:00",
  "publisher" : "World Health Organization (WHO) ",
  "contact" : [{
    "telecom" : [{
      "system" : "url",
      "value" : "https://www.who.int"
    }]
  }],
  "description" : "Codes representing possible values for the Reason ART stopped element",
  "jurisdiction" : [{
    "coding" : [{
      "system" : "http://unstats.un.org/unsd/methods/m49/m49.htm",
      "code" : "001"
    }]
  }],
  "immutable" : true,
  "compose" : {
    "include" : [{
      "system" : "http://fhir.org/guides/itech-uw/who-smart-hiv-dak/CodeSystem/concept-codes",
      "concept" : [{
        "code" : "HIV.D.DE218",
        "display" : "Toxicity/side effects"
      },
      {
        "code" : "HIV.D.DE219",
        "display" : "Severe illness, hospitalization"
      },
      {
        "code" : "HIV.D.DE220",
        "display" : "Drugs out of stock"
      },
      {
        "code" : "HIV.D.DE221",
        "display" : "Client lacks finances"
      },
      {
        "code" : "HIV.D.DE222",
        "display" : "Excluded HIV infection in infant"
      },
      {
        "code" : "HIV.D.DE223",
        "display" : "Other reason for stopping ART"
      },
      {
        "code" : "HIV.H.DE75",
        "display" : "Toxicity/side effects"
      },
      {
        "code" : "HIV.H.DE76",
        "display" : "Severe illness, hospitalization"
      },
      {
        "code" : "HIV.H.DE77",
        "display" : "Drugs out of stock"
      },
      {
        "code" : "HIV.H.DE78",
        "display" : "Client lacks finances"
      },
      {
        "code" : "HIV.H.DE79",
        "display" : "Excluded HIV infection in infant"
      },
      {
        "code" : "HIV.H.DE80",
        "display" : "Other reason for stopping ART"
      }]
    }]
  }
}