{
  "resourceType" : "ValueSet",
  "id" : "hiv-d-de171",
  "text" : {
    "status" : "extensions",
    "div" : "<div xmlns=\"http://www.w3.org/1999/xhtml\"><ul><li>Include these codes as defined in <a href=\"CodeSystem-concept-codes.html\"><code>http://fhir.org/guides/itech-uw/who-smart-hiv-dak/CodeSystem/concept-codes</code></a><table class=\"none\"><tr><td style=\"white-space:nowrap\"><b>Code</b></td><td><b>Display</b></td><td><b>Definition</b></td></tr><tr><td><a href=\"CodeSystem-concept-codes.html#concept-codes-HIV.46D.46DE171\">HIV.D.DE171</a></td><td>Positive</td><td>HCV test result - Positive</td></tr><tr><td><a href=\"CodeSystem-concept-codes.html#concept-codes-HIV.46D.46DE172\">HIV.D.DE172</a></td><td>Negative</td><td>HCV test result - Negative</td></tr><tr><td><a href=\"CodeSystem-concept-codes.html#concept-codes-HIV.46D.46DE173\">HIV.D.DE173</a></td><td>Indeterminate</td><td>HCV test result - Indeterminate</td></tr><tr><td><a href=\"CodeSystem-concept-codes.html#concept-codes-HIV.46G.46DE44\">HIV.G.DE44</a></td><td>Positive</td><td>HCV test result - Positive</td></tr><tr><td><a href=\"CodeSystem-concept-codes.html#concept-codes-HIV.46G.46DE45\">HIV.G.DE45</a></td><td>Negative</td><td>HCV test result - Negative</td></tr><tr><td><a href=\"CodeSystem-concept-codes.html#concept-codes-HIV.46G.46DE46\">HIV.G.DE46</a></td><td>Indeterminate</td><td>HCV test result - Indeterminate</td></tr></table></li></ul></div>"
  },
  "url" : "http://fhir.org/guides/itech-uw/ValueSet/hiv-d-de171",
  "version" : "0.3.0",
  "name" : "HCVtestresultCodes",
  "title" : "HCV test result Codes",
  "status" : "draft",
  "experimental" : false,
  "date" : "2024-06-10T14:32:54+00:00",
  "publisher" : "World Health Organization (WHO) ",
  "contact" : [{
    "telecom" : [{
      "system" : "url",
      "value" : "https://www.who.int"
    }]
  }],
  "description" : "Codes representing possible values for the HCV test result element",
  "jurisdiction" : [{
    "coding" : [{
      "system" : "http://unstats.un.org/unsd/methods/m49/m49.htm",
      "code" : "001"
    }]
  }],
  "immutable" : true,
  "compose" : {
    "include" : [{
      "system" : "http://fhir.org/guides/itech-uw/who-smart-hiv-dak/CodeSystem/concept-codes",
      "concept" : [{
        "code" : "HIV.D.DE171",
        "display" : "Positive"
      },
      {
        "code" : "HIV.D.DE172",
        "display" : "Negative"
      },
      {
        "code" : "HIV.D.DE173",
        "display" : "Indeterminate"
      },
      {
        "code" : "HIV.G.DE44",
        "display" : "Positive"
      },
      {
        "code" : "HIV.G.DE45",
        "display" : "Negative"
      },
      {
        "code" : "HIV.G.DE46",
        "display" : "Indeterminate"
      }]
    }]
  }
}