{
  "resourceType" : "ValueSet",
  "id" : "hiv-b-de326",
  "text" : {
    "status" : "extensions",
    "div" : "<div xmlns=\"http://www.w3.org/1999/xhtml\"><ul><li>Include these codes as defined in <a href=\"CodeSystem-concept-codes.html\"><code>http://fhir.org/guides/itech-uw/who-smart-hiv-dak/CodeSystem/concept-codes</code></a><table class=\"none\"><tr><td style=\"white-space:nowrap\"><b>Code</b></td><td><b>Display</b></td><td><b>Definition</b></td></tr><tr><td><a href=\"CodeSystem-concept-codes.html#concept-codes-HIV.46B.46DE326\">HIV.B.DE326</a></td><td>Positive</td><td>Confirmatory STI test result - Positive</td></tr><tr><td><a href=\"CodeSystem-concept-codes.html#concept-codes-HIV.46B.46DE327\">HIV.B.DE327</a></td><td>Negative</td><td>Confirmatory STI test result - Negative</td></tr><tr><td><a href=\"CodeSystem-concept-codes.html#concept-codes-HIV.46B.46DE328\">HIV.B.DE328</a></td><td>Inconclusive</td><td>Confirmatory STI test result - Inconclusive</td></tr><tr><td><a href=\"CodeSystem-concept-codes.html#concept-codes-HIV.46D.46DE878\">HIV.D.DE878</a></td><td>Positive</td><td>Confirmatory STI test result - Positive</td></tr><tr><td><a href=\"CodeSystem-concept-codes.html#concept-codes-HIV.46D.46DE879\">HIV.D.DE879</a></td><td>Negative</td><td>Confirmatory STI test result - Negative</td></tr><tr><td><a href=\"CodeSystem-concept-codes.html#concept-codes-HIV.46D.46DE880\">HIV.D.DE880</a></td><td>Inconclusive</td><td>Confirmatory STI test result - Inconclusive</td></tr></table></li></ul></div>"
  },
  "url" : "http://fhir.org/guides/itech-uw/ValueSet/hiv-b-de326",
  "version" : "0.3.0",
  "name" : "ConfirmatorySTItestresultCodes",
  "title" : "Confirmatory STI test result Codes",
  "status" : "draft",
  "experimental" : false,
  "date" : "2024-05-15T17:51:55+00:00",
  "publisher" : "World Health Organization (WHO) ",
  "contact" : [{
    "telecom" : [{
      "system" : "url",
      "value" : "https://www.who.int"
    }]
  }],
  "description" : "Codes representing possible values for the Confirmatory STI test result element",
  "jurisdiction" : [{
    "coding" : [{
      "system" : "http://unstats.un.org/unsd/methods/m49/m49.htm",
      "code" : "001"
    }]
  }],
  "immutable" : true,
  "compose" : {
    "include" : [{
      "system" : "http://fhir.org/guides/itech-uw/who-smart-hiv-dak/CodeSystem/concept-codes",
      "concept" : [{
        "code" : "HIV.B.DE326",
        "display" : "Positive"
      },
      {
        "code" : "HIV.B.DE327",
        "display" : "Negative"
      },
      {
        "code" : "HIV.B.DE328",
        "display" : "Inconclusive"
      },
      {
        "code" : "HIV.D.DE878",
        "display" : "Positive"
      },
      {
        "code" : "HIV.D.DE879",
        "display" : "Negative"
      },
      {
        "code" : "HIV.D.DE880",
        "display" : "Inconclusive"
      }]
    }]
  }
}