{
  "resourceType" : "ValueSet",
  "id" : "hiv-d-de948",
  "text" : {
    "status" : "extensions",
    "div" : "<div xmlns=\"http://www.w3.org/1999/xhtml\"><ul><li>Include these codes as defined in <a href=\"CodeSystem-concept-codes.html\"><code>http://fhir.org/guides/itech-uw/who-smart-hiv-dak/CodeSystem/concept-codes</code></a><table class=\"none\"><tr><td style=\"white-space:nowrap\"><b>Code</b></td><td><b>Display</b></td><td><b>Definition</b></td></tr><tr><td><a href=\"CodeSystem-concept-codes.html#concept-codes-HIV.46D.46DE948\">HIV.D.DE948</a></td><td>New</td><td>TB treatment history - New</td></tr><tr><td><a href=\"CodeSystem-concept-codes.html#concept-codes-HIV.46D.46DE949\">HIV.D.DE949</a></td><td>Recurrent</td><td>TB treatment history - Recurrent</td></tr><tr><td><a href=\"CodeSystem-concept-codes.html#concept-codes-HIV.46D.46DE950\">HIV.D.DE950</a></td><td>Re-registered</td><td>TB treatment history - Re-registered</td></tr><tr><td><a href=\"CodeSystem-concept-codes.html#concept-codes-HIV.46D.46DE951\">HIV.D.DE951</a></td><td>Unknown</td><td>TB treatment history - Unknown</td></tr></table></li></ul></div>"
  },
  "url" : "http://fhir.org/guides/itech-uw/ValueSet/hiv-d-de948",
  "version" : "0.3.0",
  "name" : "TBtreatmenthistoryCodes",
  "title" : "TB treatment history Codes",
  "status" : "draft",
  "experimental" : false,
  "date" : "2024-04-30T19:24:27+00:00",
  "publisher" : "World Health Organization (WHO) ",
  "contact" : [{
    "telecom" : [{
      "system" : "url",
      "value" : "https://www.who.int"
    }]
  }],
  "description" : "Codes representing possible values for the TB treatment history element",
  "jurisdiction" : [{
    "coding" : [{
      "system" : "http://unstats.un.org/unsd/methods/m49/m49.htm",
      "code" : "001"
    }]
  }],
  "immutable" : true,
  "compose" : {
    "include" : [{
      "system" : "http://fhir.org/guides/itech-uw/who-smart-hiv-dak/CodeSystem/concept-codes",
      "concept" : [{
        "code" : "HIV.D.DE948",
        "display" : "New"
      },
      {
        "code" : "HIV.D.DE949",
        "display" : "Recurrent"
      },
      {
        "code" : "HIV.D.DE950",
        "display" : "Re-registered"
      },
      {
        "code" : "HIV.D.DE951",
        "display" : "Unknown"
      }]
    }]
  }
}