{
  "resourceType" : "ValueSet",
  "id" : "hiv-d-de467",
  "text" : {
    "status" : "extensions",
    "div" : "<div xmlns=\"http://www.w3.org/1999/xhtml\"><ul><li>Include these codes as defined in <a href=\"CodeSystem-concept-codes.html\"><code>http://fhir.org/guides/itech-uw/who-smart-hiv-dak/CodeSystem/concept-codes</code></a><table class=\"none\"><tr><td style=\"white-space:nowrap\"><b>Code</b></td><td><b>Display</b></td><td><b>Definition</b></td></tr><tr><td><a href=\"CodeSystem-concept-codes.html#concept-codes-HIV.46D.46DE467\">HIV.D.DE467</a></td><td>Gastrointestinal</td><td>Type of treatment-limiting toxicity - Gastrointestinal</td></tr><tr><td><a href=\"CodeSystem-concept-codes.html#concept-codes-HIV.46D.46DE468\">HIV.D.DE468</a></td><td>Skin issues</td><td>Type of treatment-limiting toxicity - Skin issues</td></tr><tr><td><a href=\"CodeSystem-concept-codes.html#concept-codes-HIV.46D.46DE469\">HIV.D.DE469</a></td><td>Peripheral neuropathy</td><td>Type of treatment-limiting toxicity - Peripheral neuropathy</td></tr><tr><td><a href=\"CodeSystem-concept-codes.html#concept-codes-HIV.46D.46DE470\">HIV.D.DE470</a></td><td>Central nervous system symptoms</td><td>Type of treatment-limiting toxicity - Central nervous system symptoms</td></tr><tr><td><a href=\"CodeSystem-concept-codes.html#concept-codes-HIV.46D.46DE471\">HIV.D.DE471</a></td><td>Weight gain</td><td>Type of treatment-limiting toxicity - Weight gain</td></tr><tr><td><a href=\"CodeSystem-concept-codes.html#concept-codes-HIV.46D.46DE472\">HIV.D.DE472</a></td><td>Hepatic dysfunction</td><td>Type of treatment-limiting toxicity - Hepatic dysfunction</td></tr><tr><td><a href=\"CodeSystem-concept-codes.html#concept-codes-HIV.46D.46DE473\">HIV.D.DE473</a></td><td>Haematological disorders</td><td>Type of treatment-limiting toxicity - Haematological disorders</td></tr><tr><td><a href=\"CodeSystem-concept-codes.html#concept-codes-HIV.46D.46DE474\">HIV.D.DE474</a></td><td>Fatigue</td><td>Type of treatment-limiting toxicity - Fatigue</td></tr><tr><td><a href=\"CodeSystem-concept-codes.html#concept-codes-HIV.46D.46DE475\">HIV.D.DE475</a></td><td>Headache</td><td>Type of treatment-limiting toxicity - Headache</td></tr><tr><td><a href=\"CodeSystem-concept-codes.html#concept-codes-HIV.46D.46DE476\">HIV.D.DE476</a></td><td>Bone dysfunction</td><td>Type of treatment-limiting toxicity - Bone dysfunction</td></tr><tr><td><a href=\"CodeSystem-concept-codes.html#concept-codes-HIV.46D.46DE477\">HIV.D.DE477</a></td><td>Metabolic symptoms</td><td>Type of treatment-limiting toxicity - Metabolic symptoms</td></tr><tr><td><a href=\"CodeSystem-concept-codes.html#concept-codes-HIV.46D.46DE478\">HIV.D.DE478</a></td><td>Kidney dysfunction</td><td>Type of treatment-limiting toxicity - Kidney dysfunction</td></tr><tr><td><a href=\"CodeSystem-concept-codes.html#concept-codes-HIV.46D.46DE479\">HIV.D.DE479</a></td><td>Unexpected adverse drug reaction</td><td>Type of treatment-limiting toxicity - Unexpected adverse drug reaction</td></tr></table></li></ul></div>"
  },
  "url" : "http://fhir.org/guides/itech-uw/ValueSet/hiv-d-de467",
  "version" : "0.3.0",
  "name" : "TypeoftreatmentlimitingtoxicityCodes",
  "title" : "Type of treatment-limiting toxicity Codes",
  "status" : "draft",
  "experimental" : false,
  "date" : "2024-06-06T18:10:14+00:00",
  "publisher" : "World Health Organization (WHO) ",
  "contact" : [{
    "telecom" : [{
      "system" : "url",
      "value" : "https://www.who.int"
    }]
  }],
  "description" : "Codes representing possible values for the Type of treatment-limiting toxicity element",
  "jurisdiction" : [{
    "coding" : [{
      "system" : "http://unstats.un.org/unsd/methods/m49/m49.htm",
      "code" : "001"
    }]
  }],
  "immutable" : true,
  "compose" : {
    "include" : [{
      "system" : "http://fhir.org/guides/itech-uw/who-smart-hiv-dak/CodeSystem/concept-codes",
      "concept" : [{
        "code" : "HIV.D.DE467",
        "display" : "Gastrointestinal"
      },
      {
        "code" : "HIV.D.DE468",
        "display" : "Skin issues"
      },
      {
        "code" : "HIV.D.DE469",
        "display" : "Peripheral neuropathy"
      },
      {
        "code" : "HIV.D.DE470",
        "display" : "Central nervous system symptoms"
      },
      {
        "code" : "HIV.D.DE471",
        "display" : "Weight gain"
      },
      {
        "code" : "HIV.D.DE472",
        "display" : "Hepatic dysfunction"
      },
      {
        "code" : "HIV.D.DE473",
        "display" : "Haematological disorders"
      },
      {
        "code" : "HIV.D.DE474",
        "display" : "Fatigue"
      },
      {
        "code" : "HIV.D.DE475",
        "display" : "Headache"
      },
      {
        "code" : "HIV.D.DE476",
        "display" : "Bone dysfunction"
      },
      {
        "code" : "HIV.D.DE477",
        "display" : "Metabolic symptoms"
      },
      {
        "code" : "HIV.D.DE478",
        "display" : "Kidney dysfunction"
      },
      {
        "code" : "HIV.D.DE479",
        "display" : "Unexpected adverse drug reaction"
      }]
    }]
  }
}