{
  "resourceType" : "ValueSet",
  "id" : "hiv-b-de107",
  "text" : {
    "status" : "extensions",
    "div" : "<div xmlns=\"http://www.w3.org/1999/xhtml\"><ul><li>Include these codes as defined in <a href=\"CodeSystem-concept-codes.html\"><code>http://fhir.org/guides/itech-uw/who-smart-hiv-dak/CodeSystem/concept-codes</code></a><table class=\"none\"><tr><td style=\"white-space:nowrap\"><b>Code</b></td><td><b>Display</b></td><td><b>Definition</b></td></tr><tr><td><a href=\"CodeSystem-concept-codes.html#concept-codes-HIV.46B.46DE107\">HIV.B.DE107</a></td><td>Reactive</td><td>Test result of HIV assay 1 repeated - Reactive</td></tr><tr><td><a href=\"CodeSystem-concept-codes.html#concept-codes-HIV.46B.46DE108\">HIV.B.DE108</a></td><td>Non-reactive</td><td>Test result of HIV assay 1 repeated - Non-reactive</td></tr><tr><td><a href=\"CodeSystem-concept-codes.html#concept-codes-HIV.46B.46DE109\">HIV.B.DE109</a></td><td>Invalid</td><td>Test result of HIV assay 1 repeated - Invalid</td></tr><tr><td><a href=\"CodeSystem-concept-codes.html#concept-codes-HIV.46E.46DE213\">HIV.E.DE213</a></td><td>Reactive</td><td>Test result of HIV assay 1 repeated - Reactive</td></tr><tr><td><a href=\"CodeSystem-concept-codes.html#concept-codes-HIV.46E.46DE214\">HIV.E.DE214</a></td><td>Non-reactive</td><td>Test result of HIV assay 1 repeated - Non-reactive</td></tr><tr><td><a href=\"CodeSystem-concept-codes.html#concept-codes-HIV.46E.46DE215\">HIV.E.DE215</a></td><td>Invalid</td><td>Test result of HIV assay 1 repeated - Invalid</td></tr></table></li></ul></div>"
  },
  "url" : "http://fhir.org/guides/itech-uw/ValueSet/hiv-b-de107",
  "version" : "0.3.0",
  "name" : "TestresultofHIVassay1repeatedCodes",
  "title" : "Test result of HIV assay 1 repeated Codes",
  "status" : "draft",
  "experimental" : false,
  "date" : "2024-04-30T19:53:06+00:00",
  "publisher" : "World Health Organization (WHO) ",
  "contact" : [{
    "telecom" : [{
      "system" : "url",
      "value" : "https://www.who.int"
    }]
  }],
  "description" : "Codes representing possible values for the Test result of HIV assay 1 repeated element",
  "jurisdiction" : [{
    "coding" : [{
      "system" : "http://unstats.un.org/unsd/methods/m49/m49.htm",
      "code" : "001"
    }]
  }],
  "immutable" : true,
  "compose" : {
    "include" : [{
      "system" : "http://fhir.org/guides/itech-uw/who-smart-hiv-dak/CodeSystem/concept-codes",
      "concept" : [{
        "code" : "HIV.B.DE107",
        "display" : "Reactive"
      },
      {
        "code" : "HIV.B.DE108",
        "display" : "Non-reactive"
      },
      {
        "code" : "HIV.B.DE109",
        "display" : "Invalid"
      },
      {
        "code" : "HIV.E.DE213",
        "display" : "Reactive"
      },
      {
        "code" : "HIV.E.DE214",
        "display" : "Non-reactive"
      },
      {
        "code" : "HIV.E.DE215",
        "display" : "Invalid"
      }]
    }]
  }
}