{
  "resourceType" : "ValueSet",
  "id" : "hiv-d-de450",
  "text" : {
    "status" : "extensions",
    "div" : "<div xmlns=\"http://www.w3.org/1999/xhtml\"><ul><li>Include these codes as defined in <a href=\"CodeSystem-concept-codes.html\"><code>http://fhir.org/guides/itech-uw/who-smart-hiv-dak/CodeSystem/concept-codes</code></a><table class=\"none\"><tr><td style=\"white-space:nowrap\"><b>Code</b></td><td><b>Display</b></td><td><b>Definition</b></td></tr><tr><td><a href=\"CodeSystem-concept-codes.html#concept-codes-HIV.46D.46DE450\">HIV.D.DE450</a></td><td>Pregnant at ART start</td><td>Pregnant and breastfeeding status at ART start - Pregnant at ART start</td></tr><tr><td><a href=\"CodeSystem-concept-codes.html#concept-codes-HIV.46D.46DE451\">HIV.D.DE451</a></td><td>Postpartum at ART start</td><td>Pregnant and breastfeeding status at ART start - Postpartum at ART start</td></tr><tr><td><a href=\"CodeSystem-concept-codes.html#concept-codes-HIV.46D.46DE452\">HIV.D.DE452</a></td><td>ART start at labour and delivery</td><td>Pregnant and breastfeeding status at ART start - ART start at labour and delivery</td></tr><tr><td><a href=\"CodeSystem-concept-codes.html#concept-codes-HIV.46D.46DE453\">HIV.D.DE453</a></td><td>Breastfeeding at ART start</td><td>Pregnant and breastfeeding status at ART start - Breastfeeding at ART start</td></tr></table></li></ul></div>"
  },
  "url" : "http://fhir.org/guides/itech-uw/ValueSet/hiv-d-de450",
  "version" : "0.3.0",
  "name" : "PregnantandbreastfeedingstatusatARTstartCodes",
  "title" : "Pregnant and breastfeeding status at ART start Codes",
  "status" : "draft",
  "experimental" : false,
  "date" : "2024-05-15T17:51:55+00:00",
  "publisher" : "World Health Organization (WHO) ",
  "contact" : [{
    "telecom" : [{
      "system" : "url",
      "value" : "https://www.who.int"
    }]
  }],
  "description" : "Codes representing possible values for the Pregnant and breastfeeding status at ART start element",
  "jurisdiction" : [{
    "coding" : [{
      "system" : "http://unstats.un.org/unsd/methods/m49/m49.htm",
      "code" : "001"
    }]
  }],
  "immutable" : true,
  "compose" : {
    "include" : [{
      "system" : "http://fhir.org/guides/itech-uw/who-smart-hiv-dak/CodeSystem/concept-codes",
      "concept" : [{
        "code" : "HIV.D.DE450",
        "display" : "Pregnant at ART start"
      },
      {
        "code" : "HIV.D.DE451",
        "display" : "Postpartum at ART start"
      },
      {
        "code" : "HIV.D.DE452",
        "display" : "ART start at labour and delivery"
      },
      {
        "code" : "HIV.D.DE453",
        "display" : "Breastfeeding at ART start"
      }]
    }]
  }
}