{
  "resourceType" : "ValueSet",
  "id" : "hiv-d-de533",
  "text" : {
    "status" : "extensions",
    "div" : "<div xmlns=\"http://www.w3.org/1999/xhtml\"><ul><li>Include these codes as defined in <a href=\"CodeSystem-concept-codes.html\"><code>http://fhir.org/guides/itech-uw/who-smart-hiv-dak/CodeSystem/concept-codes</code></a><table class=\"none\"><tr><td style=\"white-space:nowrap\"><b>Code</b></td><td><b>Display</b></td><td><b>Definition</b></td></tr><tr><td><a href=\"CodeSystem-concept-codes.html#concept-codes-HIV.46D.46DE533\">HIV.D.DE533</a></td><td>BP cuff (sphygmomanometer) not available</td><td>Reason blood pressure reading not done - BP cuff (sphygmomanometer) not available</td></tr><tr><td><a href=\"CodeSystem-concept-codes.html#concept-codes-HIV.46D.46DE534\">HIV.D.DE534</a></td><td>BP cuff (sphygmomanometer) is broken</td><td>Reason blood pressure reading not done - BP cuff (sphygmomanometer) is broken</td></tr></table></li></ul></div>"
  },
  "url" : "http://fhir.org/guides/itech-uw/ValueSet/hiv-d-de533",
  "version" : "0.3.0",
  "name" : "ReasonbloodpressurereadingnotdoneCodes",
  "title" : "Reason blood pressure reading not done Codes",
  "status" : "draft",
  "experimental" : false,
  "date" : "2024-04-30T19:24:27+00:00",
  "publisher" : "World Health Organization (WHO) ",
  "contact" : [{
    "telecom" : [{
      "system" : "url",
      "value" : "https://www.who.int"
    }]
  }],
  "description" : "Codes representing possible values for the Reason blood pressure reading not done element",
  "jurisdiction" : [{
    "coding" : [{
      "system" : "http://unstats.un.org/unsd/methods/m49/m49.htm",
      "code" : "001"
    }]
  }],
  "immutable" : true,
  "compose" : {
    "include" : [{
      "system" : "http://fhir.org/guides/itech-uw/who-smart-hiv-dak/CodeSystem/concept-codes",
      "concept" : [{
        "code" : "HIV.D.DE533",
        "display" : "BP cuff (sphygmomanometer) not available"
      },
      {
        "code" : "HIV.D.DE534",
        "display" : "BP cuff (sphygmomanometer) is broken"
      }]
    }]
  }
}