{
  "resourceType" : "ValueSet",
  "id" : "hiv-d-de187",
  "text" : {
    "status" : "extensions",
    "div" : "<div xmlns=\"http://www.w3.org/1999/xhtml\"><ul><li>Include these codes as defined in <a href=\"CodeSystem-concept-codes.html\"><code>http://fhir.org/guides/itech-uw/who-smart-hiv-dak/CodeSystem/concept-codes</code></a><table class=\"none\"><tr><td style=\"white-space:nowrap\"><b>Code</b></td><td><b>Display</b></td><td><b>Definition</b></td></tr><tr><td><a href=\"CodeSystem-concept-codes.html#concept-codes-HIV.46D.46DE187\">HIV.D.DE187</a></td><td>WHO HIV clinical stage 1</td><td>HIV clinical stage - WHO HIV clinical stage 1</td></tr><tr><td><a href=\"CodeSystem-concept-codes.html#concept-codes-HIV.46D.46DE188\">HIV.D.DE188</a></td><td>WHO HIV clinical stage 2</td><td>HIV clinical stage - WHO HIV clinical stage 2</td></tr><tr><td><a href=\"CodeSystem-concept-codes.html#concept-codes-HIV.46D.46DE189\">HIV.D.DE189</a></td><td>WHO HIV clinical stage 3</td><td>HIV clinical stage - WHO HIV clinical stage 3</td></tr><tr><td><a href=\"CodeSystem-concept-codes.html#concept-codes-HIV.46D.46DE190\">HIV.D.DE190</a></td><td>WHO HIV clinical stage 4</td><td>HIV clinical stage - WHO HIV clinical stage 4</td></tr></table></li></ul></div>"
  },
  "url" : "http://fhir.org/guides/itech-uw/ValueSet/hiv-d-de187",
  "version" : "0.3.0",
  "name" : "HIVclinicalstageCodes",
  "title" : "HIV clinical stage Codes",
  "status" : "draft",
  "experimental" : false,
  "date" : "2024-05-15T17:51:55+00:00",
  "publisher" : "World Health Organization (WHO) ",
  "contact" : [{
    "telecom" : [{
      "system" : "url",
      "value" : "https://www.who.int"
    }]
  }],
  "description" : "Codes representing possible values for the HIV clinical stage element",
  "jurisdiction" : [{
    "coding" : [{
      "system" : "http://unstats.un.org/unsd/methods/m49/m49.htm",
      "code" : "001"
    }]
  }],
  "immutable" : true,
  "compose" : {
    "include" : [{
      "system" : "http://fhir.org/guides/itech-uw/who-smart-hiv-dak/CodeSystem/concept-codes",
      "concept" : [{
        "code" : "HIV.D.DE187",
        "display" : "WHO HIV clinical stage 1"
      },
      {
        "code" : "HIV.D.DE188",
        "display" : "WHO HIV clinical stage 2"
      },
      {
        "code" : "HIV.D.DE189",
        "display" : "WHO HIV clinical stage 3"
      },
      {
        "code" : "HIV.D.DE190",
        "display" : "WHO HIV clinical stage 4"
      }]
    }]
  }
}