{
  "resourceType" : "ValueSet",
  "id" : "hiv-c-de108",
  "text" : {
    "status" : "extensions",
    "div" : "<div xmlns=\"http://www.w3.org/1999/xhtml\"><ul><li>Include these codes as defined in <a href=\"CodeSystem-concept-codes.html\"><code>http://fhir.org/guides/itech-uw/who-smart-hiv-dak/CodeSystem/concept-codes</code></a><table class=\"none\"><tr><td style=\"white-space:nowrap\"><b>Code</b></td><td><b>Display</b></td><td><b>Definition</b></td></tr><tr><td><a href=\"CodeSystem-concept-codes.html#concept-codes-HIV.46C.46DE108\">HIV.C.DE108</a></td><td>Male</td><td>Sex factor for estimating creatinine clearance - Male</td></tr><tr><td><a href=\"CodeSystem-concept-codes.html#concept-codes-HIV.46C.46DE109\">HIV.C.DE109</a></td><td>Female</td><td>Sex factor for estimating creatinine clearance - Female</td></tr></table></li></ul></div>"
  },
  "url" : "http://fhir.org/guides/itech-uw/ValueSet/hiv-c-de108",
  "version" : "0.3.0",
  "name" : "SexfactorforestimatingcreatinineclearanceCodes",
  "title" : "Sex factor for estimating creatinine clearance Codes",
  "status" : "draft",
  "experimental" : false,
  "date" : "2024-06-10T14:32:54+00:00",
  "publisher" : "World Health Organization (WHO) ",
  "contact" : [{
    "telecom" : [{
      "system" : "url",
      "value" : "https://www.who.int"
    }]
  }],
  "description" : "Codes representing possible values for the Sex factor for estimating creatinine clearance element",
  "jurisdiction" : [{
    "coding" : [{
      "system" : "http://unstats.un.org/unsd/methods/m49/m49.htm",
      "code" : "001"
    }]
  }],
  "immutable" : true,
  "compose" : {
    "include" : [{
      "system" : "http://fhir.org/guides/itech-uw/who-smart-hiv-dak/CodeSystem/concept-codes",
      "concept" : [{
        "code" : "HIV.C.DE108",
        "display" : "Male"
      },
      {
        "code" : "HIV.C.DE109",
        "display" : "Female"
      }]
    }]
  }
}