{
  "resourceType" : "ValueSet",
  "id" : "hiv-e-de42",
  "text" : {
    "status" : "extensions",
    "div" : "<div xmlns=\"http://www.w3.org/1999/xhtml\"><ul><li>Include these codes as defined in <a href=\"CodeSystem-concept-codes.html\"><code>http://fhir.org/guides/itech-uw/who-smart-hiv-dak/CodeSystem/concept-codes</code></a><table class=\"none\"><tr><td style=\"white-space:nowrap\"><b>Code</b></td><td><b>Display</b></td><td><b>Definition</b></td></tr><tr><td><a href=\"CodeSystem-concept-codes.html#concept-codes-HIV.46E.46DE42\">HIV.E.DE42</a></td><td>Already on ART at first antenatal care visit</td><td>Timing of ART initiation - Already on ART at first antenatal care visit</td></tr><tr><td><a href=\"CodeSystem-concept-codes.html#concept-codes-HIV.46E.46DE43\">HIV.E.DE43</a></td><td>Newly on ART during pregnancy</td><td>Timing of ART initiation - Newly on ART during pregnancy</td></tr><tr><td><a href=\"CodeSystem-concept-codes.html#concept-codes-HIV.46E.46DE44\">HIV.E.DE44</a></td><td>Newly on ART during labour and delivery</td><td>Timing of ART initiation - Newly on ART during labour and delivery</td></tr></table></li></ul></div>"
  },
  "url" : "http://fhir.org/guides/itech-uw/ValueSet/hiv-e-de42",
  "version" : "0.3.0",
  "name" : "TimingofARTinitiationCodes",
  "title" : "Timing of ART initiation Codes",
  "status" : "draft",
  "experimental" : false,
  "date" : "2024-04-30T19:50:03+00:00",
  "publisher" : "World Health Organization (WHO) ",
  "contact" : [{
    "telecom" : [{
      "system" : "url",
      "value" : "https://www.who.int"
    }]
  }],
  "description" : "Codes representing possible values for the Timing of ART initiation element",
  "jurisdiction" : [{
    "coding" : [{
      "system" : "http://unstats.un.org/unsd/methods/m49/m49.htm",
      "code" : "001"
    }]
  }],
  "immutable" : true,
  "compose" : {
    "include" : [{
      "system" : "http://fhir.org/guides/itech-uw/who-smart-hiv-dak/CodeSystem/concept-codes",
      "concept" : [{
        "code" : "HIV.E.DE42",
        "display" : "Already on ART at first antenatal care visit"
      },
      {
        "code" : "HIV.E.DE43",
        "display" : "Newly on ART during pregnancy"
      },
      {
        "code" : "HIV.E.DE44",
        "display" : "Newly on ART during labour and delivery"
      }]
    }]
  }
}