{
  "resourceType" : "ValueSet",
  "id" : "hiv-d-de720",
  "text" : {
    "status" : "extensions",
    "div" : "<div xmlns=\"http://www.w3.org/1999/xhtml\"><ul><li>Include these codes as defined in <a href=\"CodeSystem-concept-codes.html\"><code>http://fhir.org/guides/itech-uw/who-smart-hiv-dak/CodeSystem/concept-codes</code></a><table class=\"none\"><tr><td style=\"white-space:nowrap\"><b>Code</b></td><td><b>Display</b></td><td><b>Definition</b></td></tr><tr><td><a href=\"CodeSystem-concept-codes.html#concept-codes-HIV.46D.46DE720\">HIV.D.DE720</a></td><td>Cryotherapy</td><td>Treatment method for cervical precancer lesions - Cryotherapy</td></tr><tr><td><a href=\"CodeSystem-concept-codes.html#concept-codes-HIV.46D.46DE721\">HIV.D.DE721</a></td><td>Thermal ablation</td><td>Treatment method for cervical precancer lesions - Thermal ablation</td></tr><tr><td><a href=\"CodeSystem-concept-codes.html#concept-codes-HIV.46D.46DE722\">HIV.D.DE722</a></td><td>Laser ablation</td><td>Treatment method for cervical precancer lesions - Laser ablation</td></tr><tr><td><a href=\"CodeSystem-concept-codes.html#concept-codes-HIV.46D.46DE723\">HIV.D.DE723</a></td><td>CKC</td><td>Treatment method for cervical precancer lesions - CKC</td></tr><tr><td><a href=\"CodeSystem-concept-codes.html#concept-codes-HIV.46D.46DE724\">HIV.D.DE724</a></td><td>Laser cone biopsy</td><td>Treatment method for cervical precancer lesions - Laser cone biopsy</td></tr><tr><td><a href=\"CodeSystem-concept-codes.html#concept-codes-HIV.46D.46DE725\">HIV.D.DE725</a></td><td>LLETZ/LEEP</td><td>Treatment method for cervical precancer lesions - LLETZ/LEEP</td></tr><tr><td><a href=\"CodeSystem-concept-codes.html#concept-codes-HIV.46D.46DE726\">HIV.D.DE726</a></td><td>Other</td><td>Treatment method for cervical precancer lesions - Other</td></tr></table></li></ul></div>"
  },
  "url" : "http://fhir.org/guides/itech-uw/ValueSet/hiv-d-de720",
  "version" : "0.3.0",
  "name" : "TreatmentmethodforcervicalprecancerlesionsCodes",
  "title" : "Treatment method for cervical precancer lesions Codes",
  "status" : "draft",
  "experimental" : false,
  "date" : "2024-06-06T18:10:14+00:00",
  "publisher" : "World Health Organization (WHO) ",
  "contact" : [{
    "telecom" : [{
      "system" : "url",
      "value" : "https://www.who.int"
    }]
  }],
  "description" : "Codes representing possible values for the Treatment method for cervical precancer lesions element",
  "jurisdiction" : [{
    "coding" : [{
      "system" : "http://unstats.un.org/unsd/methods/m49/m49.htm",
      "code" : "001"
    }]
  }],
  "immutable" : true,
  "compose" : {
    "include" : [{
      "system" : "http://fhir.org/guides/itech-uw/who-smart-hiv-dak/CodeSystem/concept-codes",
      "concept" : [{
        "code" : "HIV.D.DE720",
        "display" : "Cryotherapy"
      },
      {
        "code" : "HIV.D.DE721",
        "display" : "Thermal ablation"
      },
      {
        "code" : "HIV.D.DE722",
        "display" : "Laser ablation"
      },
      {
        "code" : "HIV.D.DE723",
        "display" : "CKC"
      },
      {
        "code" : "HIV.D.DE724",
        "display" : "Laser cone biopsy"
      },
      {
        "code" : "HIV.D.DE725",
        "display" : "LLETZ/LEEP"
      },
      {
        "code" : "HIV.D.DE726",
        "display" : "Other"
      }]
    }]
  }
}